model,m,k,repetition,target_theta,observed_detection_rate,observed_mean_success_count,draws_with_positive_s
logistic_regression,100,1,0,0.9279538904899135,0.1,0.1,96
logistic_regression,100,1,1,0.9279538904899135,0.09,0.09,93
logistic_regression,100,1,2,0.9279538904899135,0.05,0.05,93
logistic_regression,100,1,3,0.9279538904899135,0.11,0.11,96
logistic_regression,100,1,4,0.9279538904899135,0.1,0.1,91
logistic_regression,100,1,5,0.9279538904899135,0.08,0.08,91
logistic_regression,100,1,6,0.9279538904899135,0.06,0.06,91
logistic_regression,100,1,7,0.9279538904899135,0.09,0.09,92
logistic_regression,100,1,8,0.9279538904899135,0.1,0.1,94
logistic_regression,100,1,9,0.9279538904899135,0.08,0.08,91
logistic_regression,100,1,10,0.9279538904899135,0.08,0.08,91
logistic_regression,100,1,11,0.9279538904899135,0.07,0.07,89
logistic_regression,100,1,12,0.9279538904899135,0.1,0.1,93
logistic_regression,100,1,13,0.9279538904899135,0.08,0.08,90
logistic_regression,100,1,14,0.9279538904899135,0.09,0.09,98
logistic_regression,100,1,15,0.9279538904899135,0.08,0.08,93
logistic_regression,100,1,16,0.9279538904899135,0.11,0.11,91
logistic_regression,100,1,17,0.9279538904899135,0.06,0.06,97
logistic_regression,100,1,18,0.9279538904899135,0.09,0.09,94
logistic_regression,100,1,19,0.9279538904899135,0.07,0.07,96
logistic_regression,100,1,20,0.9279538904899135,0.12,0.12,94
logistic_regression,100,1,21,0.9279538904899135,0.08,0.08,92
logistic_regression,100,1,22,0.9279538904899135,0.14,0.14,98
logistic_regression,100,1,23,0.9279538904899135,0.09,0.09,93
logistic_regression,100,1,24,0.9279538904899135,0.07,0.07,95
logistic_regression,100,1,25,0.9279538904899135,0.06,0.06,89
logistic_regression,100,1,26,0.9279538904899135,0.07,0.07,87
logistic_regression,100,1,27,0.9279538904899135,0.08,0.08,94
logistic_regression,100,1,28,0.9279538904899135,0.06,0.06,92
logistic_regression,100,1,29,0.9279538904899135,0.11,0.11,92
logistic_regression,100,1,30,0.9279538904899135,0.08,0.08,90
logistic_regression,100,1,31,0.9279538904899135,0.12,0.12,92
logistic_regression,100,1,32,0.9279538904899135,0.09,0.09,90
logistic_regression,100,1,33,0.9279538904899135,0.14,0.14,93
logistic_regression,100,1,34,0.9279538904899135,0.15,0.15,95
logistic_regression,100,1,35,0.9279538904899135,0.09,0.09,92
logistic_regression,100,1,36,0.9279538904899135,0.12,0.12,97
logistic_regression,100,1,37,0.9279538904899135,0.06,0.06,91
logistic_regression,100,1,38,0.9279538904899135,0.13,0.13,95
logistic_regression,100,1,39,0.9279538904899135,0.1,0.1,88
logistic_regression,100,1,40,0.9279538904899135,0.07,0.07,92
logistic_regression,100,1,41,0.9279538904899135,0.03,0.03,92
logistic_regression,100,1,42,0.9279538904899135,0.12,0.12,81
logistic_regression,100,1,43,0.9279538904899135,0.14,0.14,94
logistic_regression,100,1,44,0.9279538904899135,0.05,0.05,91
logistic_regression,100,1,45,0.9279538904899135,0.09,0.09,95
logistic_regression,100,1,46,0.9279538904899135,0.1,0.1,96
logistic_regression,100,1,47,0.9279538904899135,0.07,0.07,93
logistic_regression,100,1,48,0.9279538904899135,0.05,0.05,94
logistic_regression,100,1,49,0.9279538904899135,0.07,0.07,92
logistic_regression,100,1,50,0.9279538904899135,0.08,0.08,93
logistic_regression,100,1,51,0.9279538904899135,0.15,0.15,91
logistic_regression,100,1,52,0.9279538904899135,0.1,0.1,93
logistic_regression,100,1,53,0.9279538904899135,0.07,0.07,92
logistic_regression,100,1,54,0.9279538904899135,0.12,0.12,90
logistic_regression,100,1,55,0.9279538904899135,0.13,0.13,92
logistic_regression,100,1,56,0.9279538904899135,0.11,0.11,96
logistic_regression,100,1,57,0.9279538904899135,0.1,0.1,91
logistic_regression,100,1,58,0.9279538904899135,0.06,0.06,92
logistic_regression,100,1,59,0.9279538904899135,0.1,0.1,92
logistic_regression,100,1,60,0.9279538904899135,0.06,0.06,91
logistic_regression,100,1,61,0.9279538904899135,0.08,0.08,89
logistic_regression,100,1,62,0.9279538904899135,0.07,0.07,95
logistic_regression,100,1,63,0.9279538904899135,0.08,0.08,93
logistic_regression,100,1,64,0.9279538904899135,0.09,0.09,94
logistic_regression,100,1,65,0.9279538904899135,0.02,0.02,89
logistic_regression,100,1,66,0.9279538904899135,0.07,0.07,94
logistic_regression,100,1,67,0.9279538904899135,0.03,0.03,91
logistic_regression,100,1,68,0.9279538904899135,0.14,0.14,94
logistic_regression,100,1,69,0.9279538904899135,0.06,0.06,91
logistic_regression,100,1,70,0.9279538904899135,0.06,0.06,91
logistic_regression,100,1,71,0.9279538904899135,0.06,0.06,94
logistic_regression,100,1,72,0.9279538904899135,0.13,0.13,92
logistic_regression,100,1,73,0.9279538904899135,0.11,0.11,95
logistic_regression,100,1,74,0.9279538904899135,0.09,0.09,92
logistic_regression,100,1,75,0.9279538904899135,0.09,0.09,90
logistic_regression,100,1,76,0.9279538904899135,0.08,0.08,94
logistic_regression,100,1,77,0.9279538904899135,0.02,0.02,87
logistic_regression,100,1,78,0.9279538904899135,0.11,0.11,91
logistic_regression,100,1,79,0.9279538904899135,0.12,0.12,96
logistic_regression,100,1,80,0.9279538904899135,0.12,0.12,92
logistic_regression,100,1,81,0.9279538904899135,0.11,0.11,96
logistic_regression,100,1,82,0.9279538904899135,0.09,0.09,92
logistic_regression,100,1,83,0.9279538904899135,0.1,0.1,88
logistic_regression,100,1,84,0.9279538904899135,0.1,0.1,87
logistic_regression,100,1,85,0.9279538904899135,0.08,0.08,94
logistic_regression,100,1,86,0.9279538904899135,0.06,0.06,94
logistic_regression,100,1,87,0.9279538904899135,0.07,0.07,94
logistic_regression,100,1,88,0.9279538904899135,0.1,0.1,94
logistic_regression,100,1,89,0.9279538904899135,0.1,0.1,92
logistic_regression,100,1,90,0.9279538904899135,0.04,0.04,88
logistic_regression,100,1,91,0.9279538904899135,0.1,0.1,97
logistic_regression,100,1,92,0.9279538904899135,0.14,0.14,91
logistic_regression,100,1,93,0.9279538904899135,0.07,0.07,92
logistic_regression,100,1,94,0.9279538904899135,0.06,0.06,96
logistic_regression,100,1,95,0.9279538904899135,0.1,0.1,94
logistic_regression,100,1,96,0.9279538904899135,0.13,0.13,92
logistic_regression,100,1,97,0.9279538904899135,0.07,0.07,91
logistic_regression,100,1,98,0.9279538904899135,0.1,0.1,94
logistic_regression,100,1,99,0.9279538904899135,0.11,0.11,96
logistic_regression,100,4,0,0.9279538904899135,0.34,0.47,91
logistic_regression,100,4,1,0.9279538904899135,0.25,0.33,91
logistic_regression,100,4,2,0.9279538904899135,0.3,0.34,94
logistic_regression,100,4,3,0.9279538904899135,0.26,0.34,94
logistic_regression,100,4,4,0.9279538904899135,0.35,0.43,94
logistic_regression,100,4,5,0.9279538904899135,0.32,0.39,94
logistic_regression,100,4,6,0.9279538904899135,0.32,0.43,88
logistic_regression,100,4,7,0.9279538904899135,0.2,0.33,91
logistic_regression,100,4,8,0.9279538904899135,0.29,0.36,95
logistic_regression,100,4,9,0.9279538904899135,0.29,0.35,92
logistic_regression,100,4,10,0.9279538904899135,0.27,0.32,91
logistic_regression,100,4,11,0.9279538904899135,0.31,0.34,94
logistic_regression,100,4,12,0.9279538904899135,0.23,0.3,95
logistic_regression,100,4,13,0.9279538904899135,0.22,0.28,95
logistic_regression,100,4,14,0.9279538904899135,0.3,0.35,92
logistic_regression,100,4,15,0.9279538904899135,0.26,0.3,89
logistic_regression,100,4,16,0.9279538904899135,0.31,0.39,93
logistic_regression,100,4,17,0.9279538904899135,0.28,0.33,88
logistic_regression,100,4,18,0.9279538904899135,0.26,0.36,90
logistic_regression,100,4,19,0.9279538904899135,0.29,0.32,91
logistic_regression,100,4,20,0.9279538904899135,0.31,0.51,93
logistic_regression,100,4,21,0.9279538904899135,0.29,0.4,94
logistic_regression,100,4,22,0.9279538904899135,0.27,0.35,94
logistic_regression,100,4,23,0.9279538904899135,0.27,0.38,93
logistic_regression,100,4,24,0.9279538904899135,0.24,0.32,95
logistic_regression,100,4,25,0.9279538904899135,0.28,0.31,93
logistic_regression,100,4,26,0.9279538904899135,0.26,0.35,90
logistic_regression,100,4,27,0.9279538904899135,0.28,0.31,93
logistic_regression,100,4,28,0.9279538904899135,0.22,0.28,94
logistic_regression,100,4,29,0.9279538904899135,0.26,0.34,98
logistic_regression,100,4,30,0.9279538904899135,0.24,0.29,95
logistic_regression,100,4,31,0.9279538904899135,0.31,0.39,97
logistic_regression,100,4,32,0.9279538904899135,0.27,0.4,90
logistic_regression,100,4,33,0.9279538904899135,0.2,0.21,94
logistic_regression,100,4,34,0.9279538904899135,0.26,0.32,94
logistic_regression,100,4,35,0.9279538904899135,0.29,0.4,97
logistic_regression,100,4,36,0.9279538904899135,0.29,0.35,94
logistic_regression,100,4,37,0.9279538904899135,0.35,0.47,91
logistic_regression,100,4,38,0.9279538904899135,0.31,0.47,95
logistic_regression,100,4,39,0.9279538904899135,0.29,0.34,92
logistic_regression,100,4,40,0.9279538904899135,0.24,0.31,95
logistic_regression,100,4,41,0.9279538904899135,0.32,0.43,95
logistic_regression,100,4,42,0.9279538904899135,0.26,0.3,94
logistic_regression,100,4,43,0.9279538904899135,0.29,0.39,92
logistic_regression,100,4,44,0.9279538904899135,0.37,0.47,97
logistic_regression,100,4,45,0.9279538904899135,0.26,0.37,92
logistic_regression,100,4,46,0.9279538904899135,0.29,0.38,95
logistic_regression,100,4,47,0.9279538904899135,0.25,0.4,96
logistic_regression,100,4,48,0.9279538904899135,0.36,0.47,95
logistic_regression,100,4,49,0.9279538904899135,0.34,0.4,95
logistic_regression,100,4,50,0.9279538904899135,0.23,0.32,88
logistic_regression,100,4,51,0.9279538904899135,0.29,0.36,93
logistic_regression,100,4,52,0.9279538904899135,0.37,0.5,97
logistic_regression,100,4,53,0.9279538904899135,0.24,0.35,90
logistic_regression,100,4,54,0.9279538904899135,0.34,0.48,92
logistic_regression,100,4,55,0.9279538904899135,0.32,0.44,95
logistic_regression,100,4,56,0.9279538904899135,0.29,0.36,93
logistic_regression,100,4,57,0.9279538904899135,0.33,0.43,92
logistic_regression,100,4,58,0.9279538904899135,0.26,0.32,95
logistic_regression,100,4,59,0.9279538904899135,0.29,0.4,96
logistic_regression,100,4,60,0.9279538904899135,0.28,0.34,94
logistic_regression,100,4,61,0.9279538904899135,0.3,0.36,95
logistic_regression,100,4,62,0.9279538904899135,0.31,0.4,93
logistic_regression,100,4,63,0.9279538904899135,0.36,0.45,90
logistic_regression,100,4,64,0.9279538904899135,0.21,0.26,91
logistic_regression,100,4,65,0.9279538904899135,0.24,0.3,93
logistic_regression,100,4,66,0.9279538904899135,0.3,0.36,94
logistic_regression,100,4,67,0.9279538904899135,0.28,0.35,89
logistic_regression,100,4,68,0.9279538904899135,0.16,0.19,92
logistic_regression,100,4,69,0.9279538904899135,0.28,0.41,91
logistic_regression,100,4,70,0.9279538904899135,0.34,0.38,90
logistic_regression,100,4,71,0.9279538904899135,0.2,0.3,95
logistic_regression,100,4,72,0.9279538904899135,0.29,0.35,95
logistic_regression,100,4,73,0.9279538904899135,0.35,0.42,91
logistic_regression,100,4,74,0.9279538904899135,0.29,0.4,90
logistic_regression,100,4,75,0.9279538904899135,0.31,0.41,93
logistic_regression,100,4,76,0.9279538904899135,0.26,0.34,91
logistic_regression,100,4,77,0.9279538904899135,0.26,0.34,92
logistic_regression,100,4,78,0.9279538904899135,0.3,0.39,86
logistic_regression,100,4,79,0.9279538904899135,0.26,0.37,96
logistic_regression,100,4,80,0.9279538904899135,0.26,0.3,97
logistic_regression,100,4,81,0.9279538904899135,0.28,0.35,94
logistic_regression,100,4,82,0.9279538904899135,0.31,0.42,95
logistic_regression,100,4,83,0.9279538904899135,0.31,0.39,89
logistic_regression,100,4,84,0.9279538904899135,0.32,0.4,95
logistic_regression,100,4,85,0.9279538904899135,0.21,0.28,94
logistic_regression,100,4,86,0.9279538904899135,0.3,0.35,91
logistic_regression,100,4,87,0.9279538904899135,0.27,0.39,91
logistic_regression,100,4,88,0.9279538904899135,0.33,0.48,97
logistic_regression,100,4,89,0.9279538904899135,0.26,0.35,93
logistic_regression,100,4,90,0.9279538904899135,0.3,0.4,94
logistic_regression,100,4,91,0.9279538904899135,0.36,0.45,92
logistic_regression,100,4,92,0.9279538904899135,0.32,0.48,92
logistic_regression,100,4,93,0.9279538904899135,0.29,0.45,89
logistic_regression,100,4,94,0.9279538904899135,0.28,0.33,92
logistic_regression,100,4,95,0.9279538904899135,0.21,0.31,96
logistic_regression,100,4,96,0.9279538904899135,0.27,0.39,94
logistic_regression,100,4,97,0.9279538904899135,0.25,0.32,89
logistic_regression,100,4,98,0.9279538904899135,0.25,0.33,91
logistic_regression,100,4,99,0.9279538904899135,0.29,0.36,91
logistic_regression,100,16,0,0.9279538904899135,0.66,1.36,93
logistic_regression,100,16,1,0.9279538904899135,0.59,1.42,91
logistic_regression,100,16,2,0.9279538904899135,0.68,1.64,98
logistic_regression,100,16,3,0.9279538904899135,0.62,1.39,93
logistic_regression,100,16,4,0.9279538904899135,0.57,1.37,93
logistic_regression,100,16,5,0.9279538904899135,0.58,1.25,94
logistic_regression,100,16,6,0.9279538904899135,0.55,1.2,96
logistic_regression,100,16,7,0.9279538904899135,0.62,1.66,91
logistic_regression,100,16,8,0.9279538904899135,0.61,1.45,96
logistic_regression,100,16,9,0.9279538904899135,0.62,1.29,94
logistic_regression,100,16,10,0.9279538904899135,0.58,1.26,94
logistic_regression,100,16,11,0.9279538904899135,0.66,1.55,91
logistic_regression,100,16,12,0.9279538904899135,0.59,1.39,94
logistic_regression,100,16,13,0.9279538904899135,0.54,1.18,91
logistic_regression,100,16,14,0.9279538904899135,0.58,1.05,95
logistic_regression,100,16,15,0.9279538904899135,0.53,1.33,88
logistic_regression,100,16,16,0.9279538904899135,0.71,1.58,95
logistic_regression,100,16,17,0.9279538904899135,0.61,1.81,94
logistic_regression,100,16,18,0.9279538904899135,0.69,1.5,93
logistic_regression,100,16,19,0.9279538904899135,0.58,1.48,90
logistic_regression,100,16,20,0.9279538904899135,0.61,1.25,93
logistic_regression,100,16,21,0.9279538904899135,0.53,1.06,94
logistic_regression,100,16,22,0.9279538904899135,0.69,1.49,96
logistic_regression,100,16,23,0.9279538904899135,0.61,1.47,93
logistic_regression,100,16,24,0.9279538904899135,0.57,1.18,90
logistic_regression,100,16,25,0.9279538904899135,0.61,1.44,94
logistic_regression,100,16,26,0.9279538904899135,0.55,1.03,92
logistic_regression,100,16,27,0.9279538904899135,0.59,1.33,91
logistic_regression,100,16,28,0.9279538904899135,0.56,1.39,95
logistic_regression,100,16,29,0.9279538904899135,0.54,1.31,92
logistic_regression,100,16,30,0.9279538904899135,0.62,1.42,92
logistic_regression,100,16,31,0.9279538904899135,0.57,1.18,93
logistic_regression,100,16,32,0.9279538904899135,0.65,1.64,96
logistic_regression,100,16,33,0.9279538904899135,0.59,1.52,93
logistic_regression,100,16,34,0.9279538904899135,0.62,1.34,94
logistic_regression,100,16,35,0.9279538904899135,0.52,1.18,88
logistic_regression,100,16,36,0.9279538904899135,0.57,1.29,95
logistic_regression,100,16,37,0.9279538904899135,0.56,1.44,94
logistic_regression,100,16,38,0.9279538904899135,0.59,1.3,96
logistic_regression,100,16,39,0.9279538904899135,0.6,1.48,97
logistic_regression,100,16,40,0.9279538904899135,0.65,1.44,93
logistic_regression,100,16,41,0.9279538904899135,0.58,1.06,94
logistic_regression,100,16,42,0.9279538904899135,0.57,1.23,95
logistic_regression,100,16,43,0.9279538904899135,0.6,1.26,91
logistic_regression,100,16,44,0.9279538904899135,0.71,1.6,87
logistic_regression,100,16,45,0.9279538904899135,0.61,1.42,96
logistic_regression,100,16,46,0.9279538904899135,0.63,1.82,89
logistic_regression,100,16,47,0.9279538904899135,0.63,1.24,95
logistic_regression,100,16,48,0.9279538904899135,0.58,1.29,93
logistic_regression,100,16,49,0.9279538904899135,0.55,1.23,89
logistic_regression,100,16,50,0.9279538904899135,0.59,1.02,92
logistic_regression,100,16,51,0.9279538904899135,0.64,1.47,94
logistic_regression,100,16,52,0.9279538904899135,0.59,1.39,95
logistic_regression,100,16,53,0.9279538904899135,0.65,1.33,96
logistic_regression,100,16,54,0.9279538904899135,0.55,1.28,93
logistic_regression,100,16,55,0.9279538904899135,0.68,1.47,96
logistic_regression,100,16,56,0.9279538904899135,0.55,1.29,94
logistic_regression,100,16,57,0.9279538904899135,0.5,1.15,90
logistic_regression,100,16,58,0.9279538904899135,0.6,1.48,92
logistic_regression,100,16,59,0.9279538904899135,0.64,1.26,90
logistic_regression,100,16,60,0.9279538904899135,0.61,1.28,91
logistic_regression,100,16,61,0.9279538904899135,0.52,1.15,91
logistic_regression,100,16,62,0.9279538904899135,0.63,1.34,95
logistic_regression,100,16,63,0.9279538904899135,0.65,1.53,97
logistic_regression,100,16,64,0.9279538904899135,0.53,1.05,93
logistic_regression,100,16,65,0.9279538904899135,0.55,1.23,91
logistic_regression,100,16,66,0.9279538904899135,0.7,1.81,91
logistic_regression,100,16,67,0.9279538904899135,0.61,1.27,96
logistic_regression,100,16,68,0.9279538904899135,0.61,1.52,95
logistic_regression,100,16,69,0.9279538904899135,0.58,1.28,95
logistic_regression,100,16,70,0.9279538904899135,0.58,1.37,95
logistic_regression,100,16,71,0.9279538904899135,0.61,1.35,89
logistic_regression,100,16,72,0.9279538904899135,0.57,1.2,95
logistic_regression,100,16,73,0.9279538904899135,0.57,1.43,94
logistic_regression,100,16,74,0.9279538904899135,0.57,1.39,89
logistic_regression,100,16,75,0.9279538904899135,0.55,1.44,97
logistic_regression,100,16,76,0.9279538904899135,0.6,1.12,92
logistic_regression,100,16,77,0.9279538904899135,0.63,1.45,92
logistic_regression,100,16,78,0.9279538904899135,0.63,1.6,92
logistic_regression,100,16,79,0.9279538904899135,0.52,1.33,90
logistic_regression,100,16,80,0.9279538904899135,0.68,1.51,95
logistic_regression,100,16,81,0.9279538904899135,0.6,1.24,89
logistic_regression,100,16,82,0.9279538904899135,0.61,1.41,94
logistic_regression,100,16,83,0.9279538904899135,0.62,1.29,95
logistic_regression,100,16,84,0.9279538904899135,0.57,1.33,91
logistic_regression,100,16,85,0.9279538904899135,0.63,1.54,91
logistic_regression,100,16,86,0.9279538904899135,0.58,1.34,89
logistic_regression,100,16,87,0.9279538904899135,0.65,1.61,93
logistic_regression,100,16,88,0.9279538904899135,0.59,1.09,92
logistic_regression,100,16,89,0.9279538904899135,0.56,1.38,92
logistic_regression,100,16,90,0.9279538904899135,0.63,1.57,98
logistic_regression,100,16,91,0.9279538904899135,0.61,1.14,93
logistic_regression,100,16,92,0.9279538904899135,0.56,1.31,93
logistic_regression,100,16,93,0.9279538904899135,0.54,1.43,92
logistic_regression,100,16,94,0.9279538904899135,0.6,1.52,93
logistic_regression,100,16,95,0.9279538904899135,0.69,1.7,94
logistic_regression,100,16,96,0.9279538904899135,0.61,1.49,93
logistic_regression,100,16,97,0.9279538904899135,0.53,1.11,92
logistic_regression,100,16,98,0.9279538904899135,0.6,1.29,91
logistic_regression,100,16,99,0.9279538904899135,0.53,1.35,91
logistic_regression,100,64,0,0.9279538904899135,0.85,5.53,89
logistic_regression,100,64,1,0.9279538904899135,0.89,5.45,95
logistic_regression,100,64,2,0.9279538904899135,0.89,6.66,92
logistic_regression,100,64,3,0.9279538904899135,0.9,5.02,93
logistic_regression,100,64,4,0.9279538904899135,0.89,5.56,92
logistic_regression,100,64,5,0.9279538904899135,0.87,4.79,90
logistic_regression,100,64,6,0.9279538904899135,0.85,5.04,89
logistic_regression,100,64,7,0.9279538904899135,0.92,5.11,97
logistic_regression,100,64,8,0.9279538904899135,0.84,4.99,91
logistic_regression,100,64,9,0.9279538904899135,0.89,5.73,94
logistic_regression,100,64,10,0.9279538904899135,0.84,5.16,92
logistic_regression,100,64,11,0.9279538904899135,0.9,6.8,93
logistic_regression,100,64,12,0.9279538904899135,0.91,5.34,95
logistic_regression,100,64,13,0.9279538904899135,0.95,6.27,95
logistic_regression,100,64,14,0.9279538904899135,0.94,6.11,97
logistic_regression,100,64,15,0.9279538904899135,0.88,5.28,92
logistic_regression,100,64,16,0.9279538904899135,0.85,6.6,95
logistic_regression,100,64,17,0.9279538904899135,0.89,5.53,93
logistic_regression,100,64,18,0.9279538904899135,0.85,6.13,95
logistic_regression,100,64,19,0.9279538904899135,0.92,5.46,93
logistic_regression,100,64,20,0.9279538904899135,0.89,4.81,92
logistic_regression,100,64,21,0.9279538904899135,0.91,5.81,96
logistic_regression,100,64,22,0.9279538904899135,0.88,5.73,92
logistic_regression,100,64,23,0.9279538904899135,0.84,4.88,88
logistic_regression,100,64,24,0.9279538904899135,0.87,5.67,93
logistic_regression,100,64,25,0.9279538904899135,0.93,5.66,95
logistic_regression,100,64,26,0.9279538904899135,0.87,5.51,90
logistic_regression,100,64,27,0.9279538904899135,0.85,5.03,89
logistic_regression,100,64,28,0.9279538904899135,0.93,5.27,93
logistic_regression,100,64,29,0.9279538904899135,0.9,5.78,94
logistic_regression,100,64,30,0.9279538904899135,0.92,4.75,95
logistic_regression,100,64,31,0.9279538904899135,0.89,5.77,94
logistic_regression,100,64,32,0.9279538904899135,0.91,5.89,93
logistic_regression,100,64,33,0.9279538904899135,0.89,4.28,91
logistic_regression,100,64,34,0.9279538904899135,0.87,5.63,92
logistic_regression,100,64,35,0.9279538904899135,0.82,6.17,89
logistic_regression,100,64,36,0.9279538904899135,0.87,5.92,91
logistic_regression,100,64,37,0.9279538904899135,0.9,5.83,94
logistic_regression,100,64,38,0.9279538904899135,0.9,6.29,92
logistic_regression,100,64,39,0.9279538904899135,0.79,4.7,86
logistic_regression,100,64,40,0.9279538904899135,0.89,5.9,95
logistic_regression,100,64,41,0.9279538904899135,0.92,4.82,93
logistic_regression,100,64,42,0.9279538904899135,0.91,5.31,95
logistic_regression,100,64,43,0.9279538904899135,0.88,5.6,91
logistic_regression,100,64,44,0.9279538904899135,0.9,5.02,94
logistic_regression,100,64,45,0.9279538904899135,0.93,5.8,97
logistic_regression,100,64,46,0.9279538904899135,0.95,6.25,95
logistic_regression,100,64,47,0.9279538904899135,0.87,5.75,93
logistic_regression,100,64,48,0.9279538904899135,0.95,6.62,98
logistic_regression,100,64,49,0.9279538904899135,0.88,6.34,92
logistic_regression,100,64,50,0.9279538904899135,0.84,4.48,89
logistic_regression,100,64,51,0.9279538904899135,0.89,6.42,95
logistic_regression,100,64,52,0.9279538904899135,0.85,5.44,89
logistic_regression,100,64,53,0.9279538904899135,0.92,6.07,95
logistic_regression,100,64,54,0.9279538904899135,0.9,5.21,95
logistic_regression,100,64,55,0.9279538904899135,0.89,5.79,92
logistic_regression,100,64,56,0.9279538904899135,0.88,5.91,91
logistic_regression,100,64,57,0.9279538904899135,0.92,4.29,93
logistic_regression,100,64,58,0.9279538904899135,0.86,5.31,91
logistic_regression,100,64,59,0.9279538904899135,0.88,6.01,93
logistic_regression,100,64,60,0.9279538904899135,0.87,5.81,93
logistic_regression,100,64,61,0.9279538904899135,0.94,5.95,97
logistic_regression,100,64,62,0.9279538904899135,0.92,6.83,95
logistic_regression,100,64,63,0.9279538904899135,0.94,7.16,96
logistic_regression,100,64,64,0.9279538904899135,0.88,5.94,93
logistic_regression,100,64,65,0.9279538904899135,0.89,5.75,94
logistic_regression,100,64,66,0.9279538904899135,0.86,5.01,90
logistic_regression,100,64,67,0.9279538904899135,0.88,6.04,93
logistic_regression,100,64,68,0.9279538904899135,0.87,5.78,91
logistic_regression,100,64,69,0.9279538904899135,0.85,5.28,93
logistic_regression,100,64,70,0.9279538904899135,0.84,4.81,91
logistic_regression,100,64,71,0.9279538904899135,0.87,5.64,92
logistic_regression,100,64,72,0.9279538904899135,0.85,5.52,91
logistic_regression,100,64,73,0.9279538904899135,0.87,5.68,94
logistic_regression,100,64,74,0.9279538904899135,0.87,5.24,90
logistic_regression,100,64,75,0.9279538904899135,0.87,5.15,92
logistic_regression,100,64,76,0.9279538904899135,0.93,6.03,96
logistic_regression,100,64,77,0.9279538904899135,0.85,5.81,91
logistic_regression,100,64,78,0.9279538904899135,0.87,4.47,94
logistic_regression,100,64,79,0.9279538904899135,0.94,5.98,95
logistic_regression,100,64,80,0.9279538904899135,0.93,6.96,94
logistic_regression,100,64,81,0.9279538904899135,0.93,5.09,95
logistic_regression,100,64,82,0.9279538904899135,0.87,5.26,93
logistic_regression,100,64,83,0.9279538904899135,0.86,5.36,94
logistic_regression,100,64,84,0.9279538904899135,0.87,6.27,90
logistic_regression,100,64,85,0.9279538904899135,0.9,6.15,93
logistic_regression,100,64,86,0.9279538904899135,0.88,4.53,91
logistic_regression,100,64,87,0.9279538904899135,0.89,6.26,94
logistic_regression,100,64,88,0.9279538904899135,0.89,4.76,94
logistic_regression,100,64,89,0.9279538904899135,0.9,5.3,95
logistic_regression,100,64,90,0.9279538904899135,0.94,5.88,97
logistic_regression,100,64,91,0.9279538904899135,0.92,6.19,96
logistic_regression,100,64,92,0.9279538904899135,0.88,5.59,93
logistic_regression,100,64,93,0.9279538904899135,0.97,6.18,98
logistic_regression,100,64,94,0.9279538904899135,0.86,5.0,90
logistic_regression,100,64,95,0.9279538904899135,0.93,6.72,96
logistic_regression,100,64,96,0.9279538904899135,0.88,5.12,94
logistic_regression,100,64,97,0.9279538904899135,0.89,5.6,95
logistic_regression,100,64,98,0.9279538904899135,0.9,5.22,94
logistic_regression,100,64,99,0.9279538904899135,0.93,5.6,96
logistic_regression,100,98,0,0.9279538904899135,0.94,9.23,94
logistic_regression,100,98,1,0.9279538904899135,0.91,9.18,91
logistic_regression,100,98,2,0.9279538904899135,0.93,7.7,93
logistic_regression,100,98,3,0.9279538904899135,0.94,8.01,94
logistic_regression,100,98,4,0.9279538904899135,0.9,7.68,90
logistic_regression,100,98,5,0.9279538904899135,0.92,9.4,92
logistic_regression,100,98,6,0.9279538904899135,0.95,6.99,95
logistic_regression,100,98,7,0.9279538904899135,0.91,9.44,91
logistic_regression,100,98,8,0.9279538904899135,0.97,8.75,97
logistic_regression,100,98,9,0.9279538904899135,0.89,7.63,89
logistic_regression,100,98,10,0.9279538904899135,0.96,8.17,96
logistic_regression,100,98,11,0.9279538904899135,0.92,9.25,92
logistic_regression,100,98,12,0.9279538904899135,0.95,10.18,95
logistic_regression,100,98,13,0.9279538904899135,0.95,9.21,95
logistic_regression,100,98,14,0.9279538904899135,0.95,9.62,95
logistic_regression,100,98,15,0.9279538904899135,0.92,8.46,92
logistic_regression,100,98,16,0.9279538904899135,0.91,8.67,91
logistic_regression,100,98,17,0.9279538904899135,0.93,8.01,93
logistic_regression,100,98,18,0.9279538904899135,0.94,7.69,94
logistic_regression,100,98,19,0.9279538904899135,0.93,7.54,93
logistic_regression,100,98,20,0.9279538904899135,0.95,9.18,95
logistic_regression,100,98,21,0.9279538904899135,0.91,7.03,91
logistic_regression,100,98,22,0.9279538904899135,0.94,9.21,94
logistic_regression,100,98,23,0.9279538904899135,0.94,7.69,94
logistic_regression,100,98,24,0.9279538904899135,0.9,8.21,90
logistic_regression,100,98,25,0.9279538904899135,0.94,8.06,94
logistic_regression,100,98,26,0.9279538904899135,0.9,7.61,90
logistic_regression,100,98,27,0.9279538904899135,0.93,8.72,93
logistic_regression,100,98,28,0.9279538904899135,0.93,8.31,93
logistic_regression,100,98,29,0.9279538904899135,1.0,7.78,100
logistic_regression,100,98,30,0.9279538904899135,0.92,9.26,92
logistic_regression,100,98,31,0.9279538904899135,0.94,8.0,94
logistic_regression,100,98,32,0.9279538904899135,0.96,8.84,96
logistic_regression,100,98,33,0.9279538904899135,0.93,8.38,93
logistic_regression,100,98,34,0.9279538904899135,0.98,8.15,98
logistic_regression,100,98,35,0.9279538904899135,0.94,9.67,94
logistic_regression,100,98,36,0.9279538904899135,0.96,8.37,96
logistic_regression,100,98,37,0.9279538904899135,0.95,10.22,95
logistic_regression,100,98,38,0.9279538904899135,0.97,10.57,97
logistic_regression,100,98,39,0.9279538904899135,0.9,7.55,90
logistic_regression,100,98,40,0.9279538904899135,0.95,6.75,95
logistic_regression,100,98,41,0.9279538904899135,0.94,6.29,94
logistic_regression,100,98,42,0.9279538904899135,0.95,7.99,95
logistic_regression,100,98,43,0.9279538904899135,0.92,8.81,92
logistic_regression,100,98,44,0.9279538904899135,0.95,9.37,95
logistic_regression,100,98,45,0.9279538904899135,0.95,7.98,95
logistic_regression,100,98,46,0.9279538904899135,0.91,8.32,91
logistic_regression,100,98,47,0.9279538904899135,0.93,9.3,93
logistic_regression,100,98,48,0.9279538904899135,0.95,8.77,95
logistic_regression,100,98,49,0.9279538904899135,0.9,7.58,90
logistic_regression,100,98,50,0.9279538904899135,0.9,8.31,90
logistic_regression,100,98,51,0.9279538904899135,0.98,10.67,98
logistic_regression,100,98,52,0.9279538904899135,0.94,9.54,94
logistic_regression,100,98,53,0.9279538904899135,0.91,9.85,91
logistic_regression,100,98,54,0.9279538904899135,0.91,9.0,91
logistic_regression,100,98,55,0.9279538904899135,0.93,9.06,93
logistic_regression,100,98,56,0.9279538904899135,0.93,7.72,93
logistic_regression,100,98,57,0.9279538904899135,0.9,8.42,90
logistic_regression,100,98,58,0.9279538904899135,0.89,7.87,89
logistic_regression,100,98,59,0.9279538904899135,0.9,7.58,90
logistic_regression,100,98,60,0.9279538904899135,0.93,8.92,93
logistic_regression,100,98,61,0.9279538904899135,0.91,7.68,91
logistic_regression,100,98,62,0.9279538904899135,0.97,8.43,97
logistic_regression,100,98,63,0.9279538904899135,0.94,10.42,94
logistic_regression,100,98,64,0.9279538904899135,0.9,7.18,90
logistic_regression,100,98,65,0.9279538904899135,0.95,8.7,95
logistic_regression,100,98,66,0.9279538904899135,0.92,9.0,92
logistic_regression,100,98,67,0.9279538904899135,0.92,8.85,92
logistic_regression,100,98,68,0.9279538904899135,0.92,7.93,92
logistic_regression,100,98,69,0.9279538904899135,0.94,8.15,94
logistic_regression,100,98,70,0.9279538904899135,0.89,7.15,89
logistic_regression,100,98,71,0.9279538904899135,0.96,8.7,96
logistic_regression,100,98,72,0.9279538904899135,0.95,9.04,95
logistic_regression,100,98,73,0.9279538904899135,0.93,8.23,93
logistic_regression,100,98,74,0.9279538904899135,0.89,6.0,89
logistic_regression,100,98,75,0.9279538904899135,0.92,8.61,92
logistic_regression,100,98,76,0.9279538904899135,0.96,9.12,96
logistic_regression,100,98,77,0.9279538904899135,0.91,8.75,91
logistic_regression,100,98,78,0.9279538904899135,0.92,8.34,92
logistic_regression,100,98,79,0.9279538904899135,0.92,7.46,92
logistic_regression,100,98,80,0.9279538904899135,0.93,7.72,93
logistic_regression,100,98,81,0.9279538904899135,0.95,8.29,95
logistic_regression,100,98,82,0.9279538904899135,0.97,10.64,97
logistic_regression,100,98,83,0.9279538904899135,0.93,8.98,93
logistic_regression,100,98,84,0.9279538904899135,0.98,9.36,98
logistic_regression,100,98,85,0.9279538904899135,0.93,9.81,93
logistic_regression,100,98,86,0.9279538904899135,0.93,8.62,93
logistic_regression,100,98,87,0.9279538904899135,0.92,7.5,92
logistic_regression,100,98,88,0.9279538904899135,0.91,8.6,91
logistic_regression,100,98,89,0.9279538904899135,0.89,9.04,89
logistic_regression,100,98,90,0.9279538904899135,0.9,7.91,90
logistic_regression,100,98,91,0.9279538904899135,0.95,9.23,95
logistic_regression,100,98,92,0.9279538904899135,0.95,9.93,95
logistic_regression,100,98,93,0.9279538904899135,0.97,9.34,97
logistic_regression,100,98,94,0.9279538904899135,0.93,10.02,93
logistic_regression,100,98,95,0.9279538904899135,0.96,10.29,96
logistic_regression,100,98,96,0.9279538904899135,0.9,7.97,90
logistic_regression,100,98,97,0.9279538904899135,0.87,6.97,87
logistic_regression,100,98,98,0.9279538904899135,0.93,9.19,93
logistic_regression,100,98,99,0.9279538904899135,0.93,8.0,93
logistic_regression,500,1,0,0.9279538904899135,0.086,0.086,467
logistic_regression,500,1,1,0.9279538904899135,0.082,0.082,457
logistic_regression,500,1,2,0.9279538904899135,0.082,0.082,473
logistic_regression,500,1,3,0.9279538904899135,0.086,0.086,463
logistic_regression,500,1,4,0.9279538904899135,0.1,0.1,463
logistic_regression,500,1,5,0.9279538904899135,0.062,0.062,453
logistic_regression,500,1,6,0.9279538904899135,0.09,0.09,464
logistic_regression,500,1,7,0.9279538904899135,0.084,0.084,456
logistic_regression,500,1,8,0.9279538904899135,0.094,0.094,466
logistic_regression,500,1,9,0.9279538904899135,0.082,0.082,464
logistic_regression,500,1,10,0.9279538904899135,0.076,0.076,468
logistic_regression,500,1,11,0.9279538904899135,0.102,0.102,462
logistic_regression,500,1,12,0.9279538904899135,0.076,0.076,472
logistic_regression,500,1,13,0.9279538904899135,0.082,0.082,465
logistic_regression,500,1,14,0.9279538904899135,0.086,0.086,469
logistic_regression,500,1,15,0.9279538904899135,0.096,0.096,468
logistic_regression,500,1,16,0.9279538904899135,0.076,0.076,460
logistic_regression,500,1,17,0.9279538904899135,0.096,0.096,470
logistic_regression,500,1,18,0.9279538904899135,0.074,0.074,461
logistic_regression,500,1,19,0.9279538904899135,0.088,0.088,463
logistic_regression,500,1,20,0.9279538904899135,0.078,0.078,470
logistic_regression,500,1,21,0.9279538904899135,0.092,0.092,466
logistic_regression,500,1,22,0.9279538904899135,0.09,0.09,463
logistic_regression,500,1,23,0.9279538904899135,0.08,0.08,468
logistic_regression,500,1,24,0.9279538904899135,0.07,0.07,471
logistic_regression,500,1,25,0.9279538904899135,0.08,0.08,465
logistic_regression,500,1,26,0.9279538904899135,0.078,0.078,464
logistic_regression,500,1,27,0.9279538904899135,0.066,0.066,469
logistic_regression,500,1,28,0.9279538904899135,0.09,0.09,463
logistic_regression,500,1,29,0.9279538904899135,0.102,0.102,449
logistic_regression,500,1,30,0.9279538904899135,0.084,0.084,463
logistic_regression,500,1,31,0.9279538904899135,0.098,0.098,457
logistic_regression,500,1,32,0.9279538904899135,0.08,0.08,458
logistic_regression,500,1,33,0.9279538904899135,0.092,0.092,461
logistic_regression,500,1,34,0.9279538904899135,0.074,0.074,451
logistic_regression,500,1,35,0.9279538904899135,0.092,0.092,463
logistic_regression,500,1,36,0.9279538904899135,0.078,0.078,459
logistic_regression,500,1,37,0.9279538904899135,0.092,0.092,460
logistic_regression,500,1,38,0.9279538904899135,0.092,0.092,469
logistic_regression,500,1,39,0.9279538904899135,0.092,0.092,462
logistic_regression,500,1,40,0.9279538904899135,0.088,0.088,453
logistic_regression,500,1,41,0.9279538904899135,0.102,0.102,469
logistic_regression,500,1,42,0.9279538904899135,0.084,0.084,469
logistic_regression,500,1,43,0.9279538904899135,0.082,0.082,471
logistic_regression,500,1,44,0.9279538904899135,0.076,0.076,472
logistic_regression,500,1,45,0.9279538904899135,0.088,0.088,461
logistic_regression,500,1,46,0.9279538904899135,0.08,0.08,475
logistic_regression,500,1,47,0.9279538904899135,0.104,0.104,462
logistic_regression,500,1,48,0.9279538904899135,0.08,0.08,474
logistic_regression,500,1,49,0.9279538904899135,0.098,0.098,463
logistic_regression,500,1,50,0.9279538904899135,0.064,0.064,470
logistic_regression,500,1,51,0.9279538904899135,0.108,0.108,463
logistic_regression,500,1,52,0.9279538904899135,0.062,0.062,466
logistic_regression,500,1,53,0.9279538904899135,0.094,0.094,467
logistic_regression,500,1,54,0.9279538904899135,0.068,0.068,460
logistic_regression,500,1,55,0.9279538904899135,0.086,0.086,457
logistic_regression,500,1,56,0.9279538904899135,0.09,0.09,466
logistic_regression,500,1,57,0.9279538904899135,0.072,0.072,459
logistic_regression,500,1,58,0.9279538904899135,0.084,0.084,454
logistic_regression,500,1,59,0.9279538904899135,0.076,0.076,469
logistic_regression,500,1,60,0.9279538904899135,0.096,0.096,474
logistic_regression,500,1,61,0.9279538904899135,0.074,0.074,465
logistic_regression,500,1,62,0.9279538904899135,0.082,0.082,468
logistic_regression,500,1,63,0.9279538904899135,0.096,0.096,458
logistic_regression,500,1,64,0.9279538904899135,0.074,0.074,463
logistic_regression,500,1,65,0.9279538904899135,0.084,0.084,471
logistic_regression,500,1,66,0.9279538904899135,0.086,0.086,454
logistic_regression,500,1,67,0.9279538904899135,0.098,0.098,466
logistic_regression,500,1,68,0.9279538904899135,0.084,0.084,452
logistic_regression,500,1,69,0.9279538904899135,0.046,0.046,467
logistic_regression,500,1,70,0.9279538904899135,0.1,0.1,467
logistic_regression,500,1,71,0.9279538904899135,0.09,0.09,459
logistic_regression,500,1,72,0.9279538904899135,0.082,0.082,460
logistic_regression,500,1,73,0.9279538904899135,0.08,0.08,469
logistic_regression,500,1,74,0.9279538904899135,0.1,0.1,465
logistic_regression,500,1,75,0.9279538904899135,0.072,0.072,474
logistic_regression,500,1,76,0.9279538904899135,0.08,0.08,457
logistic_regression,500,1,77,0.9279538904899135,0.098,0.098,466
logistic_regression,500,1,78,0.9279538904899135,0.088,0.088,468
logistic_regression,500,1,79,0.9279538904899135,0.106,0.106,463
logistic_regression,500,1,80,0.9279538904899135,0.058,0.058,458
logistic_regression,500,1,81,0.9279538904899135,0.076,0.076,462
logistic_regression,500,1,82,0.9279538904899135,0.108,0.108,464
logistic_regression,500,1,83,0.9279538904899135,0.068,0.068,455
logistic_regression,500,1,84,0.9279538904899135,0.07,0.07,468
logistic_regression,500,1,85,0.9279538904899135,0.066,0.066,470
logistic_regression,500,1,86,0.9279538904899135,0.086,0.086,460
logistic_regression,500,1,87,0.9279538904899135,0.104,0.104,470
logistic_regression,500,1,88,0.9279538904899135,0.108,0.108,464
logistic_regression,500,1,89,0.9279538904899135,0.098,0.098,460
logistic_regression,500,1,90,0.9279538904899135,0.084,0.084,468
logistic_regression,500,1,91,0.9279538904899135,0.07,0.07,473
logistic_regression,500,1,92,0.9279538904899135,0.108,0.108,463
logistic_regression,500,1,93,0.9279538904899135,0.104,0.104,471
logistic_regression,500,1,94,0.9279538904899135,0.08,0.08,466
logistic_regression,500,1,95,0.9279538904899135,0.088,0.088,460
logistic_regression,500,1,96,0.9279538904899135,0.08,0.08,466
logistic_regression,500,1,97,0.9279538904899135,0.076,0.076,464
logistic_regression,500,1,98,0.9279538904899135,0.082,0.082,478
logistic_regression,500,1,99,0.9279538904899135,0.08,0.08,466
logistic_regression,500,4,0,0.9279538904899135,0.262,0.35,458
logistic_regression,500,4,1,0.9279538904899135,0.26,0.334,457
logistic_regression,500,4,2,0.9279538904899135,0.27,0.364,463
logistic_regression,500,4,3,0.9279538904899135,0.3,0.382,472
logistic_regression,500,4,4,0.9279538904899135,0.29,0.368,468
logistic_regression,500,4,5,0.9279538904899135,0.23,0.302,458
logistic_regression,500,4,6,0.9279538904899135,0.26,0.338,458
logistic_regression,500,4,7,0.9279538904899135,0.28,0.348,474
logistic_regression,500,4,8,0.9279538904899135,0.296,0.412,462
logistic_regression,500,4,9,0.9279538904899135,0.266,0.348,463
logistic_regression,500,4,10,0.9279538904899135,0.296,0.374,471
logistic_regression,500,4,11,0.9279538904899135,0.294,0.358,467
logistic_regression,500,4,12,0.9279538904899135,0.27,0.346,470
logistic_regression,500,4,13,0.9279538904899135,0.31,0.42,466
logistic_regression,500,4,14,0.9279538904899135,0.26,0.338,456
logistic_regression,500,4,15,0.9279538904899135,0.25,0.324,447
logistic_regression,500,4,16,0.9279538904899135,0.234,0.302,466
logistic_regression,500,4,17,0.9279538904899135,0.268,0.342,459
logistic_regression,500,4,18,0.9279538904899135,0.266,0.336,465
logistic_regression,500,4,19,0.9279538904899135,0.24,0.302,464
logistic_regression,500,4,20,0.9279538904899135,0.248,0.314,455
logistic_regression,500,4,21,0.9279538904899135,0.282,0.388,464
logistic_regression,500,4,22,0.9279538904899135,0.31,0.408,465
logistic_regression,500,4,23,0.9279538904899135,0.264,0.344,463
logistic_regression,500,4,24,0.9279538904899135,0.28,0.36,472
logistic_regression,500,4,25,0.9279538904899135,0.264,0.338,458
logistic_regression,500,4,26,0.9279538904899135,0.268,0.348,464
logistic_regression,500,4,27,0.9279538904899135,0.254,0.322,450
logistic_regression,500,4,28,0.9279538904899135,0.25,0.33,463
logistic_regression,500,4,29,0.9279538904899135,0.312,0.404,465
logistic_regression,500,4,30,0.9279538904899135,0.252,0.32,466
logistic_regression,500,4,31,0.9279538904899135,0.278,0.362,464
logistic_regression,500,4,32,0.9279538904899135,0.228,0.292,461
logistic_regression,500,4,33,0.9279538904899135,0.284,0.368,474
logistic_regression,500,4,34,0.9279538904899135,0.26,0.322,458
logistic_regression,500,4,35,0.9279538904899135,0.228,0.294,467
logistic_regression,500,4,36,0.9279538904899135,0.27,0.352,455
logistic_regression,500,4,37,0.9279538904899135,0.248,0.324,457
logistic_regression,500,4,38,0.9279538904899135,0.28,0.342,472
logistic_regression,500,4,39,0.9279538904899135,0.274,0.358,475
logistic_regression,500,4,40,0.9279538904899135,0.266,0.326,477
logistic_regression,500,4,41,0.9279538904899135,0.282,0.356,460
logistic_regression,500,4,42,0.9279538904899135,0.27,0.36,466
logistic_regression,500,4,43,0.9279538904899135,0.24,0.32,472
logistic_regression,500,4,44,0.9279538904899135,0.248,0.318,461
logistic_regression,500,4,45,0.9279538904899135,0.278,0.356,459
logistic_regression,500,4,46,0.9279538904899135,0.31,0.394,470
logistic_regression,500,4,47,0.9279538904899135,0.276,0.38,466
logistic_regression,500,4,48,0.9279538904899135,0.266,0.37,469
logistic_regression,500,4,49,0.9279538904899135,0.252,0.308,469
logistic_regression,500,4,50,0.9279538904899135,0.276,0.346,466
logistic_regression,500,4,51,0.9279538904899135,0.286,0.34,468
logistic_regression,500,4,52,0.9279538904899135,0.28,0.368,462
logistic_regression,500,4,53,0.9279538904899135,0.272,0.342,448
logistic_regression,500,4,54,0.9279538904899135,0.302,0.388,457
logistic_regression,500,4,55,0.9279538904899135,0.212,0.266,457
logistic_regression,500,4,56,0.9279538904899135,0.258,0.32,462
logistic_regression,500,4,57,0.9279538904899135,0.278,0.358,469
logistic_regression,500,4,58,0.9279538904899135,0.276,0.37,467
logistic_regression,500,4,59,0.9279538904899135,0.278,0.366,461
logistic_regression,500,4,60,0.9279538904899135,0.276,0.36,467
logistic_regression,500,4,61,0.9279538904899135,0.314,0.416,458
logistic_regression,500,4,62,0.9279538904899135,0.29,0.372,455
logistic_regression,500,4,63,0.9279538904899135,0.26,0.312,462
logistic_regression,500,4,64,0.9279538904899135,0.254,0.334,456
logistic_regression,500,4,65,0.9279538904899135,0.256,0.318,454
logistic_regression,500,4,66,0.9279538904899135,0.276,0.366,462
logistic_regression,500,4,67,0.9279538904899135,0.27,0.37,465
logistic_regression,500,4,68,0.9279538904899135,0.25,0.312,459
logistic_regression,500,4,69,0.9279538904899135,0.25,0.326,469
logistic_regression,500,4,70,0.9279538904899135,0.26,0.346,458
logistic_regression,500,4,71,0.9279538904899135,0.27,0.37,463
logistic_regression,500,4,72,0.9279538904899135,0.298,0.408,467
logistic_regression,500,4,73,0.9279538904899135,0.28,0.356,469
logistic_regression,500,4,74,0.9279538904899135,0.244,0.32,462
logistic_regression,500,4,75,0.9279538904899135,0.278,0.366,452
logistic_regression,500,4,76,0.9279538904899135,0.282,0.358,462
logistic_regression,500,4,77,0.9279538904899135,0.26,0.344,457
logistic_regression,500,4,78,0.9279538904899135,0.258,0.348,460
logistic_regression,500,4,79,0.9279538904899135,0.272,0.348,463
logistic_regression,500,4,80,0.9279538904899135,0.274,0.364,464
logistic_regression,500,4,81,0.9279538904899135,0.26,0.35,470
logistic_regression,500,4,82,0.9279538904899135,0.262,0.356,467
logistic_regression,500,4,83,0.9279538904899135,0.264,0.344,464
logistic_regression,500,4,84,0.9279538904899135,0.296,0.372,471
logistic_regression,500,4,85,0.9279538904899135,0.302,0.388,468
logistic_regression,500,4,86,0.9279538904899135,0.286,0.366,467
logistic_regression,500,4,87,0.9279538904899135,0.284,0.356,468
logistic_regression,500,4,88,0.9279538904899135,0.252,0.328,468
logistic_regression,500,4,89,0.9279538904899135,0.282,0.376,462
logistic_regression,500,4,90,0.9279538904899135,0.302,0.398,474
logistic_regression,500,4,91,0.9279538904899135,0.3,0.382,465
logistic_regression,500,4,92,0.9279538904899135,0.248,0.322,453
logistic_regression,500,4,93,0.9279538904899135,0.274,0.328,464
logistic_regression,500,4,94,0.9279538904899135,0.248,0.318,467
logistic_regression,500,4,95,0.9279538904899135,0.298,0.382,474
logistic_regression,500,4,96,0.9279538904899135,0.254,0.324,459
logistic_regression,500,4,97,0.9279538904899135,0.27,0.346,452
logistic_regression,500,4,98,0.9279538904899135,0.268,0.34,456
logistic_regression,500,4,99,0.9279538904899135,0.28,0.342,473
logistic_regression,500,16,0,0.9279538904899135,0.578,1.336,456
logistic_regression,500,16,1,0.9279538904899135,0.648,1.532,468
logistic_regression,500,16,2,0.9279538904899135,0.614,1.39,463
logistic_regression,500,16,3,0.9279538904899135,0.61,1.288,466
logistic_regression,500,16,4,0.9279538904899135,0.63,1.478,469
logistic_regression,500,16,5,0.9279538904899135,0.588,1.346,458
logistic_regression,500,16,6,0.9279538904899135,0.6,1.47,464
logistic_regression,500,16,7,0.9279538904899135,0.608,1.37,466
logistic_regression,500,16,8,0.9279538904899135,0.614,1.402,472
logistic_regression,500,16,9,0.9279538904899135,0.67,1.584,479
logistic_regression,500,16,10,0.9279538904899135,0.578,1.442,456
logistic_regression,500,16,11,0.9279538904899135,0.612,1.436,465
logistic_regression,500,16,12,0.9279538904899135,0.598,1.438,461
logistic_regression,500,16,13,0.9279538904899135,0.608,1.376,452
logistic_regression,500,16,14,0.9279538904899135,0.642,1.556,468
logistic_regression,500,16,15,0.9279538904899135,0.634,1.458,467
logistic_regression,500,16,16,0.9279538904899135,0.602,1.354,471
logistic_regression,500,16,17,0.9279538904899135,0.584,1.43,462
logistic_regression,500,16,18,0.9279538904899135,0.62,1.464,453
logistic_regression,500,16,19,0.9279538904899135,0.578,1.266,463
logistic_regression,500,16,20,0.9279538904899135,0.586,1.312,451
logistic_regression,500,16,21,0.9279538904899135,0.626,1.52,467
logistic_regression,500,16,22,0.9279538904899135,0.566,1.348,457
logistic_regression,500,16,23,0.9279538904899135,0.602,1.358,451
logistic_regression,500,16,24,0.9279538904899135,0.578,1.4,464
logistic_regression,500,16,25,0.9279538904899135,0.608,1.38,473
logistic_regression,500,16,26,0.9279538904899135,0.616,1.47,452
logistic_regression,500,16,27,0.9279538904899135,0.61,1.426,467
logistic_regression,500,16,28,0.9279538904899135,0.612,1.354,465
logistic_regression,500,16,29,0.9279538904899135,0.604,1.436,475
logistic_regression,500,16,30,0.9279538904899135,0.6,1.482,465
logistic_regression,500,16,31,0.9279538904899135,0.61,1.326,473
logistic_regression,500,16,32,0.9279538904899135,0.606,1.392,469
logistic_regression,500,16,33,0.9279538904899135,0.622,1.452,460
logistic_regression,500,16,34,0.9279538904899135,0.628,1.458,462
logistic_regression,500,16,35,0.9279538904899135,0.604,1.32,471
logistic_regression,500,16,36,0.9279538904899135,0.632,1.568,462
logistic_regression,500,16,37,0.9279538904899135,0.614,1.478,463
logistic_regression,500,16,38,0.9279538904899135,0.568,1.346,462
logistic_regression,500,16,39,0.9279538904899135,0.602,1.436,463
logistic_regression,500,16,40,0.9279538904899135,0.642,1.612,461
logistic_regression,500,16,41,0.9279538904899135,0.584,1.228,452
logistic_regression,500,16,42,0.9279538904899135,0.624,1.302,459
logistic_regression,500,16,43,0.9279538904899135,0.618,1.452,468
logistic_regression,500,16,44,0.9279538904899135,0.638,1.432,467
logistic_regression,500,16,45,0.9279538904899135,0.596,1.29,464
logistic_regression,500,16,46,0.9279538904899135,0.608,1.348,458
logistic_regression,500,16,47,0.9279538904899135,0.604,1.468,457
logistic_regression,500,16,48,0.9279538904899135,0.578,1.396,460
logistic_regression,500,16,49,0.9279538904899135,0.626,1.472,465
logistic_regression,500,16,50,0.9279538904899135,0.596,1.32,462
logistic_regression,500,16,51,0.9279538904899135,0.6,1.356,466
logistic_regression,500,16,52,0.9279538904899135,0.614,1.456,463
logistic_regression,500,16,53,0.9279538904899135,0.622,1.4,453
logistic_regression,500,16,54,0.9279538904899135,0.592,1.404,460
logistic_regression,500,16,55,0.9279538904899135,0.602,1.438,456
logistic_regression,500,16,56,0.9279538904899135,0.6,1.398,466
logistic_regression,500,16,57,0.9279538904899135,0.578,1.302,464
logistic_regression,500,16,58,0.9279538904899135,0.59,1.356,456
logistic_regression,500,16,59,0.9279538904899135,0.598,1.466,473
logistic_regression,500,16,60,0.9279538904899135,0.608,1.472,472
logistic_regression,500,16,61,0.9279538904899135,0.604,1.4,461
logistic_regression,500,16,62,0.9279538904899135,0.604,1.34,479
logistic_regression,500,16,63,0.9279538904899135,0.59,1.38,464
logistic_regression,500,16,64,0.9279538904899135,0.594,1.352,462
logistic_regression,500,16,65,0.9279538904899135,0.638,1.35,472
logistic_regression,500,16,66,0.9279538904899135,0.59,1.402,463
logistic_regression,500,16,67,0.9279538904899135,0.634,1.556,465
logistic_regression,500,16,68,0.9279538904899135,0.588,1.308,454
logistic_regression,500,16,69,0.9279538904899135,0.616,1.382,476
logistic_regression,500,16,70,0.9279538904899135,0.616,1.346,459
logistic_regression,500,16,71,0.9279538904899135,0.586,1.34,465
logistic_regression,500,16,72,0.9279538904899135,0.612,1.482,458
logistic_regression,500,16,73,0.9279538904899135,0.594,1.434,465
logistic_regression,500,16,74,0.9279538904899135,0.628,1.344,463
logistic_regression,500,16,75,0.9279538904899135,0.608,1.428,450
logistic_regression,500,16,76,0.9279538904899135,0.592,1.362,460
logistic_regression,500,16,77,0.9279538904899135,0.588,1.238,464
logistic_regression,500,16,78,0.9279538904899135,0.62,1.344,456
logistic_regression,500,16,79,0.9279538904899135,0.622,1.37,459
logistic_regression,500,16,80,0.9279538904899135,0.608,1.388,467
logistic_regression,500,16,81,0.9279538904899135,0.576,1.25,462
logistic_regression,500,16,82,0.9279538904899135,0.564,1.2,462
logistic_regression,500,16,83,0.9279538904899135,0.582,1.35,464
logistic_regression,500,16,84,0.9279538904899135,0.588,1.35,457
logistic_regression,500,16,85,0.9279538904899135,0.592,1.308,465
logistic_regression,500,16,86,0.9279538904899135,0.616,1.448,469
logistic_regression,500,16,87,0.9279538904899135,0.59,1.312,464
logistic_regression,500,16,88,0.9279538904899135,0.61,1.376,468
logistic_regression,500,16,89,0.9279538904899135,0.63,1.434,459
logistic_regression,500,16,90,0.9279538904899135,0.63,1.426,463
logistic_regression,500,16,91,0.9279538904899135,0.574,1.374,460
logistic_regression,500,16,92,0.9279538904899135,0.606,1.432,465
logistic_regression,500,16,93,0.9279538904899135,0.648,1.428,463
logistic_regression,500,16,94,0.9279538904899135,0.62,1.478,459
logistic_regression,500,16,95,0.9279538904899135,0.606,1.356,461
logistic_regression,500,16,96,0.9279538904899135,0.622,1.39,457
logistic_regression,500,16,97,0.9279538904899135,0.628,1.464,466
logistic_regression,500,16,98,0.9279538904899135,0.542,1.248,465
logistic_regression,500,16,99,0.9279538904899135,0.594,1.36,463
logistic_regression,500,64,0,0.9279538904899135,0.886,5.544,468
logistic_regression,500,64,1,0.9279538904899135,0.876,5.424,459
logistic_regression,500,64,2,0.9279538904899135,0.888,5.21,467
logistic_regression,500,64,3,0.9279538904899135,0.884,5.238,469
logistic_regression,500,64,4,0.9279538904899135,0.86,5.36,454
logistic_regression,500,64,5,0.9279538904899135,0.892,5.804,468
logistic_regression,500,64,6,0.9279538904899135,0.9,5.584,472
logistic_regression,500,64,7,0.9279538904899135,0.886,5.81,462
logistic_regression,500,64,8,0.9279538904899135,0.9,5.342,472
logistic_regression,500,64,9,0.9279538904899135,0.89,5.854,470
logistic_regression,500,64,10,0.9279538904899135,0.894,5.632,463
logistic_regression,500,64,11,0.9279538904899135,0.864,5.546,454
logistic_regression,500,64,12,0.9279538904899135,0.872,5.336,466
logistic_regression,500,64,13,0.9279538904899135,0.884,5.474,462
logistic_regression,500,64,14,0.9279538904899135,0.898,5.542,468
logistic_regression,500,64,15,0.9279538904899135,0.886,5.854,463
logistic_regression,500,64,16,0.9279538904899135,0.87,5.334,462
logistic_regression,500,64,17,0.9279538904899135,0.874,5.694,456
logistic_regression,500,64,18,0.9279538904899135,0.878,5.356,456
logistic_regression,500,64,19,0.9279538904899135,0.898,5.654,467
logistic_regression,500,64,20,0.9279538904899135,0.882,5.288,464
logistic_regression,500,64,21,0.9279538904899135,0.884,5.566,471
logistic_regression,500,64,22,0.9279538904899135,0.892,5.326,467
logistic_regression,500,64,23,0.9279538904899135,0.886,5.51,467
logistic_regression,500,64,24,0.9279538904899135,0.898,5.774,468
logistic_regression,500,64,25,0.9279538904899135,0.902,5.572,474
logistic_regression,500,64,26,0.9279538904899135,0.884,5.496,461
logistic_regression,500,64,27,0.9279538904899135,0.896,5.536,464
logistic_regression,500,64,28,0.9279538904899135,0.888,5.726,468
logistic_regression,500,64,29,0.9279538904899135,0.874,5.434,458
logistic_regression,500,64,30,0.9279538904899135,0.878,5.544,462
logistic_regression,500,64,31,0.9279538904899135,0.9,5.28,468
logistic_regression,500,64,32,0.9279538904899135,0.874,5.76,458
logistic_regression,500,64,33,0.9279538904899135,0.898,5.616,463
logistic_regression,500,64,34,0.9279538904899135,0.896,5.572,474
logistic_regression,500,64,35,0.9279538904899135,0.892,5.456,471
logistic_regression,500,64,36,0.9279538904899135,0.88,5.728,467
logistic_regression,500,64,37,0.9279538904899135,0.888,5.99,466
logistic_regression,500,64,38,0.9279538904899135,0.886,5.578,463
logistic_regression,500,64,39,0.9279538904899135,0.882,5.768,462
logistic_regression,500,64,40,0.9279538904899135,0.874,5.854,459
logistic_regression,500,64,41,0.9279538904899135,0.876,5.536,457
logistic_regression,500,64,42,0.9279538904899135,0.87,5.282,457
logistic_regression,500,64,43,0.9279538904899135,0.882,5.084,462
logistic_regression,500,64,44,0.9279538904899135,0.884,5.646,462
logistic_regression,500,64,45,0.9279538904899135,0.896,5.62,464
logistic_regression,500,64,46,0.9279538904899135,0.856,5.642,457
logistic_regression,500,64,47,0.9279538904899135,0.876,5.256,462
logistic_regression,500,64,48,0.9279538904899135,0.882,5.616,464
logistic_regression,500,64,49,0.9279538904899135,0.874,5.43,458
logistic_regression,500,64,50,0.9279538904899135,0.886,5.59,461
logistic_regression,500,64,51,0.9279538904899135,0.878,5.432,467
logistic_regression,500,64,52,0.9279538904899135,0.892,5.814,462
logistic_regression,500,64,53,0.9279538904899135,0.876,5.358,468
logistic_regression,500,64,54,0.9279538904899135,0.904,5.61,465
logistic_regression,500,64,55,0.9279538904899135,0.898,5.68,470
logistic_regression,500,64,56,0.9279538904899135,0.878,5.718,463
logistic_regression,500,64,57,0.9279538904899135,0.888,5.528,463
logistic_regression,500,64,58,0.9279538904899135,0.896,5.664,470
logistic_regression,500,64,59,0.9279538904899135,0.904,5.66,465
logistic_regression,500,64,60,0.9279538904899135,0.888,5.54,466
logistic_regression,500,64,61,0.9279538904899135,0.888,5.59,462
logistic_regression,500,64,62,0.9279538904899135,0.876,5.418,458
logistic_regression,500,64,63,0.9279538904899135,0.884,5.298,468
logistic_regression,500,64,64,0.9279538904899135,0.882,5.384,459
logistic_regression,500,64,65,0.9279538904899135,0.906,5.57,470
logistic_regression,500,64,66,0.9279538904899135,0.876,5.782,454
logistic_regression,500,64,67,0.9279538904899135,0.878,5.494,457
logistic_regression,500,64,68,0.9279538904899135,0.876,5.448,460
logistic_regression,500,64,69,0.9279538904899135,0.884,5.536,461
logistic_regression,500,64,70,0.9279538904899135,0.856,5.24,461
logistic_regression,500,64,71,0.9279538904899135,0.892,5.912,466
logistic_regression,500,64,72,0.9279538904899135,0.882,5.836,465
logistic_regression,500,64,73,0.9279538904899135,0.906,5.696,469
logistic_regression,500,64,74,0.9279538904899135,0.86,5.138,461
logistic_regression,500,64,75,0.9279538904899135,0.878,5.398,461
logistic_regression,500,64,76,0.9279538904899135,0.872,5.53,458
logistic_regression,500,64,77,0.9279538904899135,0.868,5.214,454
logistic_regression,500,64,78,0.9279538904899135,0.882,5.472,458
logistic_regression,500,64,79,0.9279538904899135,0.884,6.056,464
logistic_regression,500,64,80,0.9279538904899135,0.884,5.44,466
logistic_regression,500,64,81,0.9279538904899135,0.868,5.088,463
logistic_regression,500,64,82,0.9279538904899135,0.886,5.472,463
logistic_regression,500,64,83,0.9279538904899135,0.874,5.218,453
logistic_regression,500,64,84,0.9279538904899135,0.888,5.446,460
logistic_regression,500,64,85,0.9279538904899135,0.89,5.43,461
logistic_regression,500,64,86,0.9279538904899135,0.89,5.492,463
logistic_regression,500,64,87,0.9279538904899135,0.882,5.598,458
logistic_regression,500,64,88,0.9279538904899135,0.886,5.81,462
logistic_regression,500,64,89,0.9279538904899135,0.908,5.934,466
logistic_regression,500,64,90,0.9279538904899135,0.898,5.822,469
logistic_regression,500,64,91,0.9279538904899135,0.876,5.84,467
logistic_regression,500,64,92,0.9279538904899135,0.896,5.592,467
logistic_regression,500,64,93,0.9279538904899135,0.89,5.588,464
logistic_regression,500,64,94,0.9279538904899135,0.894,5.476,467
logistic_regression,500,64,95,0.9279538904899135,0.878,5.758,455
logistic_regression,500,64,96,0.9279538904899135,0.894,5.842,464
logistic_regression,500,64,97,0.9279538904899135,0.892,5.378,472
logistic_regression,500,64,98,0.9279538904899135,0.912,6.232,474
logistic_regression,500,64,99,0.9279538904899135,0.86,5.61,455
logistic_regression,500,98,0,0.9279538904899135,0.904,8.068,452
logistic_regression,500,98,1,0.9279538904899135,0.928,8.398,464
logistic_regression,500,98,2,0.9279538904899135,0.928,7.978,464
logistic_regression,500,98,3,0.9279538904899135,0.914,8.71,457
logistic_regression,500,98,4,0.9279538904899135,0.924,8.802,462
logistic_regression,500,98,5,0.9279538904899135,0.924,8.746,462
logistic_regression,500,98,6,0.9279538904899135,0.942,8.704,471
logistic_regression,500,98,7,0.9279538904899135,0.964,8.76,482
logistic_regression,500,98,8,0.9279538904899135,0.92,8.144,460
logistic_regression,500,98,9,0.9279538904899135,0.916,8.578,458
logistic_regression,500,98,10,0.9279538904899135,0.922,8.162,461
logistic_regression,500,98,11,0.9279538904899135,0.932,9.476,466
logistic_regression,500,98,12,0.9279538904899135,0.912,7.674,456
logistic_regression,500,98,13,0.9279538904899135,0.91,8.14,455
logistic_regression,500,98,14,0.9279538904899135,0.934,8.618,467
logistic_regression,500,98,15,0.9279538904899135,0.936,8.48,468
logistic_regression,500,98,16,0.9279538904899135,0.922,9.148,461
logistic_regression,500,98,17,0.9279538904899135,0.926,8.51,463
logistic_regression,500,98,18,0.9279538904899135,0.938,8.854,469
logistic_regression,500,98,19,0.9279538904899135,0.926,8.352,463
logistic_regression,500,98,20,0.9279538904899135,0.93,8.038,465
logistic_regression,500,98,21,0.9279538904899135,0.934,8.61,467
logistic_regression,500,98,22,0.9279538904899135,0.908,8.136,454
logistic_regression,500,98,23,0.9279538904899135,0.912,8.468,456
logistic_regression,500,98,24,0.9279538904899135,0.92,8.238,460
logistic_regression,500,98,25,0.9279538904899135,0.92,8.21,460
logistic_regression,500,98,26,0.9279538904899135,0.916,8.144,458
logistic_regression,500,98,27,0.9279538904899135,0.936,7.98,468
logistic_regression,500,98,28,0.9279538904899135,0.942,8.562,471
logistic_regression,500,98,29,0.9279538904899135,0.932,8.48,466
logistic_regression,500,98,30,0.9279538904899135,0.9,7.94,450
logistic_regression,500,98,31,0.9279538904899135,0.934,8.282,467
logistic_regression,500,98,32,0.9279538904899135,0.936,8.888,468
logistic_regression,500,98,33,0.9279538904899135,0.936,8.716,468
logistic_regression,500,98,34,0.9279538904899135,0.916,8.062,458
logistic_regression,500,98,35,0.9279538904899135,0.912,8.414,456
logistic_regression,500,98,36,0.9279538904899135,0.932,8.354,466
logistic_regression,500,98,37,0.9279538904899135,0.926,8.624,463
logistic_regression,500,98,38,0.9279538904899135,0.93,8.028,465
logistic_regression,500,98,39,0.9279538904899135,0.922,9.332,461
logistic_regression,500,98,40,0.9279538904899135,0.888,7.96,444
logistic_regression,500,98,41,0.9279538904899135,0.916,8.41,458
logistic_regression,500,98,42,0.9279538904899135,0.928,8.964,464
logistic_regression,500,98,43,0.9279538904899135,0.938,8.322,469
logistic_regression,500,98,44,0.9279538904899135,0.908,8.932,454
logistic_regression,500,98,45,0.9279538904899135,0.93,8.996,465
logistic_regression,500,98,46,0.9279538904899135,0.91,8.618,455
logistic_regression,500,98,47,0.9279538904899135,0.92,8.82,460
logistic_regression,500,98,48,0.9279538904899135,0.936,8.042,468
logistic_regression,500,98,49,0.9279538904899135,0.922,9.17,461
logistic_regression,500,98,50,0.9279538904899135,0.936,8.11,468
logistic_regression,500,98,51,0.9279538904899135,0.948,8.992,474
logistic_regression,500,98,52,0.9279538904899135,0.928,8.946,464
logistic_regression,500,98,53,0.9279538904899135,0.952,9.022,476
logistic_regression,500,98,54,0.9279538904899135,0.93,8.482,465
logistic_regression,500,98,55,0.9279538904899135,0.952,8.896,476
logistic_regression,500,98,56,0.9279538904899135,0.918,8.456,459
logistic_regression,500,98,57,0.9279538904899135,0.918,7.782,459
logistic_regression,500,98,58,0.9279538904899135,0.94,8.644,470
logistic_regression,500,98,59,0.9279538904899135,0.926,8.456,463
logistic_regression,500,98,60,0.9279538904899135,0.93,9.054,465
logistic_regression,500,98,61,0.9279538904899135,0.926,8.476,463
logistic_regression,500,98,62,0.9279538904899135,0.938,8.324,469
logistic_regression,500,98,63,0.9279538904899135,0.932,8.882,466
logistic_regression,500,98,64,0.9279538904899135,0.926,8.766,463
logistic_regression,500,98,65,0.9279538904899135,0.948,8.574,474
logistic_regression,500,98,66,0.9279538904899135,0.924,8.262,462
logistic_regression,500,98,67,0.9279538904899135,0.932,8.036,466
logistic_regression,500,98,68,0.9279538904899135,0.934,8.444,467
logistic_regression,500,98,69,0.9279538904899135,0.934,8.206,467
logistic_regression,500,98,70,0.9279538904899135,0.924,8.832,462
logistic_regression,500,98,71,0.9279538904899135,0.934,8.378,467
logistic_regression,500,98,72,0.9279538904899135,0.926,8.448,463
logistic_regression,500,98,73,0.9279538904899135,0.942,8.43,471
logistic_regression,500,98,74,0.9279538904899135,0.922,8.862,461
logistic_regression,500,98,75,0.9279538904899135,0.912,8.194,456
logistic_regression,500,98,76,0.9279538904899135,0.918,8.194,459
logistic_regression,500,98,77,0.9279538904899135,0.92,8.162,460
logistic_regression,500,98,78,0.9279538904899135,0.946,8.324,473
logistic_regression,500,98,79,0.9279538904899135,0.934,8.6,467
logistic_regression,500,98,80,0.9279538904899135,0.93,8.75,465
logistic_regression,500,98,81,0.9279538904899135,0.924,8.016,462
logistic_regression,500,98,82,0.9279538904899135,0.936,7.956,468
logistic_regression,500,98,83,0.9279538904899135,0.918,8.366,459
logistic_regression,500,98,84,0.9279538904899135,0.936,9.358,468
logistic_regression,500,98,85,0.9279538904899135,0.916,7.544,458
logistic_regression,500,98,86,0.9279538904899135,0.932,8.472,466
logistic_regression,500,98,87,0.9279538904899135,0.932,7.858,466
logistic_regression,500,98,88,0.9279538904899135,0.936,8.966,468
logistic_regression,500,98,89,0.9279538904899135,0.928,8.642,464
logistic_regression,500,98,90,0.9279538904899135,0.93,8.076,465
logistic_regression,500,98,91,0.9279538904899135,0.908,8.276,454
logistic_regression,500,98,92,0.9279538904899135,0.93,9.106,465
logistic_regression,500,98,93,0.9279538904899135,0.916,8.988,458
logistic_regression,500,98,94,0.9279538904899135,0.922,8.578,461
logistic_regression,500,98,95,0.9279538904899135,0.936,8.618,468
logistic_regression,500,98,96,0.9279538904899135,0.932,8.076,466
logistic_regression,500,98,97,0.9279538904899135,0.942,8.582,471
logistic_regression,500,98,98,0.9279538904899135,0.928,8.132,464
logistic_regression,500,98,99,0.9279538904899135,0.93,8.976,465
logistic_regression,2000,1,0,0.9279538904899135,0.088,0.088,1862
logistic_regression,2000,1,1,0.9279538904899135,0.0895,0.0895,1862
logistic_regression,2000,1,2,0.9279538904899135,0.0795,0.0795,1821
logistic_regression,2000,1,3,0.9279538904899135,0.0885,0.0885,1864
logistic_regression,2000,1,4,0.9279538904899135,0.09,0.09,1847
logistic_regression,2000,1,5,0.9279538904899135,0.0915,0.0915,1866
logistic_regression,2000,1,6,0.9279538904899135,0.087,0.087,1873
logistic_regression,2000,1,7,0.9279538904899135,0.0935,0.0935,1844
logistic_regression,2000,1,8,0.9279538904899135,0.098,0.098,1855
logistic_regression,2000,1,9,0.9279538904899135,0.09,0.09,1855
logistic_regression,2000,1,10,0.9279538904899135,0.0885,0.0885,1864
logistic_regression,2000,1,11,0.9279538904899135,0.086,0.086,1827
logistic_regression,2000,1,12,0.9279538904899135,0.0815,0.0815,1832
logistic_regression,2000,1,13,0.9279538904899135,0.088,0.088,1880
logistic_regression,2000,1,14,0.9279538904899135,0.0945,0.0945,1874
logistic_regression,2000,1,15,0.9279538904899135,0.0855,0.0855,1856
logistic_regression,2000,1,16,0.9279538904899135,0.1025,0.1025,1872
logistic_regression,2000,1,17,0.9279538904899135,0.0935,0.0935,1877
logistic_regression,2000,1,18,0.9279538904899135,0.0785,0.0785,1855
logistic_regression,2000,1,19,0.9279538904899135,0.0945,0.0945,1838
logistic_regression,2000,1,20,0.9279538904899135,0.088,0.088,1862
logistic_regression,2000,1,21,0.9279538904899135,0.0855,0.0855,1861
logistic_regression,2000,1,22,0.9279538904899135,0.091,0.091,1859
logistic_regression,2000,1,23,0.9279538904899135,0.082,0.082,1868
logistic_regression,2000,1,24,0.9279538904899135,0.0815,0.0815,1878
logistic_regression,2000,1,25,0.9279538904899135,0.0815,0.0815,1843
logistic_regression,2000,1,26,0.9279538904899135,0.0875,0.0875,1863
logistic_regression,2000,1,27,0.9279538904899135,0.0805,0.0805,1853
logistic_regression,2000,1,28,0.9279538904899135,0.088,0.088,1848
logistic_regression,2000,1,29,0.9279538904899135,0.084,0.084,1856
logistic_regression,2000,1,30,0.9279538904899135,0.0885,0.0885,1875
logistic_regression,2000,1,31,0.9279538904899135,0.091,0.091,1843
logistic_regression,2000,1,32,0.9279538904899135,0.0915,0.0915,1852
logistic_regression,2000,1,33,0.9279538904899135,0.0895,0.0895,1863
logistic_regression,2000,1,34,0.9279538904899135,0.0855,0.0855,1861
logistic_regression,2000,1,35,0.9279538904899135,0.084,0.084,1869
logistic_regression,2000,1,36,0.9279538904899135,0.0885,0.0885,1845
logistic_regression,2000,1,37,0.9279538904899135,0.0855,0.0855,1851
logistic_regression,2000,1,38,0.9279538904899135,0.0885,0.0885,1856
logistic_regression,2000,1,39,0.9279538904899135,0.0855,0.0855,1856
logistic_regression,2000,1,40,0.9279538904899135,0.079,0.079,1866
logistic_regression,2000,1,41,0.9279538904899135,0.0905,0.0905,1827
logistic_regression,2000,1,42,0.9279538904899135,0.0885,0.0885,1864
logistic_regression,2000,1,43,0.9279538904899135,0.0875,0.0875,1870
logistic_regression,2000,1,44,0.9279538904899135,0.089,0.089,1858
logistic_regression,2000,1,45,0.9279538904899135,0.0845,0.0845,1849
logistic_regression,2000,1,46,0.9279538904899135,0.0845,0.0845,1846
logistic_regression,2000,1,47,0.9279538904899135,0.09,0.09,1851
logistic_regression,2000,1,48,0.9279538904899135,0.089,0.089,1850
logistic_regression,2000,1,49,0.9279538904899135,0.088,0.088,1871
logistic_regression,2000,1,50,0.9279538904899135,0.074,0.074,1844
logistic_regression,2000,1,51,0.9279538904899135,0.069,0.069,1863
logistic_regression,2000,1,52,0.9279538904899135,0.09,0.09,1870
logistic_regression,2000,1,53,0.9279538904899135,0.0845,0.0845,1867
logistic_regression,2000,1,54,0.9279538904899135,0.0865,0.0865,1865
logistic_regression,2000,1,55,0.9279538904899135,0.08,0.08,1852
logistic_regression,2000,1,56,0.9279538904899135,0.0795,0.0795,1832
logistic_regression,2000,1,57,0.9279538904899135,0.0905,0.0905,1854
logistic_regression,2000,1,58,0.9279538904899135,0.09,0.09,1846
logistic_regression,2000,1,59,0.9279538904899135,0.091,0.091,1833
logistic_regression,2000,1,60,0.9279538904899135,0.087,0.087,1823
logistic_regression,2000,1,61,0.9279538904899135,0.0755,0.0755,1866
logistic_regression,2000,1,62,0.9279538904899135,0.0855,0.0855,1844
logistic_regression,2000,1,63,0.9279538904899135,0.085,0.085,1839
logistic_regression,2000,1,64,0.9279538904899135,0.094,0.094,1845
logistic_regression,2000,1,65,0.9279538904899135,0.083,0.083,1852
logistic_regression,2000,1,66,0.9279538904899135,0.0855,0.0855,1876
logistic_regression,2000,1,67,0.9279538904899135,0.07,0.07,1880
logistic_regression,2000,1,68,0.9279538904899135,0.08,0.08,1871
logistic_regression,2000,1,69,0.9279538904899135,0.0825,0.0825,1867
logistic_regression,2000,1,70,0.9279538904899135,0.091,0.091,1854
logistic_regression,2000,1,71,0.9279538904899135,0.0955,0.0955,1843
logistic_regression,2000,1,72,0.9279538904899135,0.0895,0.0895,1859
logistic_regression,2000,1,73,0.9279538904899135,0.0875,0.0875,1853
logistic_regression,2000,1,74,0.9279538904899135,0.0865,0.0865,1843
logistic_regression,2000,1,75,0.9279538904899135,0.0845,0.0845,1862
logistic_regression,2000,1,76,0.9279538904899135,0.0835,0.0835,1843
logistic_regression,2000,1,77,0.9279538904899135,0.092,0.092,1883
logistic_regression,2000,1,78,0.9279538904899135,0.0835,0.0835,1837
logistic_regression,2000,1,79,0.9279538904899135,0.089,0.089,1856
logistic_regression,2000,1,80,0.9279538904899135,0.09,0.09,1875
logistic_regression,2000,1,81,0.9279538904899135,0.0885,0.0885,1858
logistic_regression,2000,1,82,0.9279538904899135,0.09,0.09,1847
logistic_regression,2000,1,83,0.9279538904899135,0.0805,0.0805,1858
logistic_regression,2000,1,84,0.9279538904899135,0.0815,0.0815,1855
logistic_regression,2000,1,85,0.9279538904899135,0.0855,0.0855,1839
logistic_regression,2000,1,86,0.9279538904899135,0.079,0.079,1870
logistic_regression,2000,1,87,0.9279538904899135,0.0915,0.0915,1858
logistic_regression,2000,1,88,0.9279538904899135,0.0935,0.0935,1861
logistic_regression,2000,1,89,0.9279538904899135,0.091,0.091,1853
logistic_regression,2000,1,90,0.9279538904899135,0.087,0.087,1847
logistic_regression,2000,1,91,0.9279538904899135,0.084,0.084,1844
logistic_regression,2000,1,92,0.9279538904899135,0.0865,0.0865,1867
logistic_regression,2000,1,93,0.9279538904899135,0.093,0.093,1844
logistic_regression,2000,1,94,0.9279538904899135,0.079,0.079,1845
logistic_regression,2000,1,95,0.9279538904899135,0.0945,0.0945,1859
logistic_regression,2000,1,96,0.9279538904899135,0.069,0.069,1859
logistic_regression,2000,1,97,0.9279538904899135,0.085,0.085,1862
logistic_regression,2000,1,98,0.9279538904899135,0.0935,0.0935,1868
logistic_regression,2000,1,99,0.9279538904899135,0.0895,0.0895,1867
logistic_regression,2000,4,0,0.9279538904899135,0.27,0.353,1845
logistic_regression,2000,4,1,0.9279538904899135,0.269,0.344,1852
logistic_regression,2000,4,2,0.9279538904899135,0.282,0.3675,1868
logistic_regression,2000,4,3,0.9279538904899135,0.266,0.3445,1856
logistic_regression,2000,4,4,0.9279538904899135,0.267,0.3375,1863
logistic_regression,2000,4,5,0.9279538904899135,0.2595,0.336,1857
logistic_regression,2000,4,6,0.9279538904899135,0.271,0.349,1844
logistic_regression,2000,4,7,0.9279538904899135,0.274,0.355,1856
logistic_regression,2000,4,8,0.9279538904899135,0.283,0.363,1838
logistic_regression,2000,4,9,0.9279538904899135,0.264,0.336,1842
logistic_regression,2000,4,10,0.9279538904899135,0.2635,0.344,1878
logistic_regression,2000,4,11,0.9279538904899135,0.2645,0.345,1875
logistic_regression,2000,4,12,0.9279538904899135,0.2785,0.3645,1865
logistic_regression,2000,4,13,0.9279538904899135,0.263,0.3465,1842
logistic_regression,2000,4,14,0.9279538904899135,0.2615,0.3425,1851
logistic_regression,2000,4,15,0.9279538904899135,0.263,0.3375,1875
logistic_regression,2000,4,16,0.9279538904899135,0.26,0.3355,1830
logistic_regression,2000,4,17,0.9279538904899135,0.2785,0.357,1848
logistic_regression,2000,4,18,0.9279538904899135,0.2585,0.333,1842
logistic_regression,2000,4,19,0.9279538904899135,0.2765,0.37,1840
logistic_regression,2000,4,20,0.9279538904899135,0.2765,0.35,1861
logistic_regression,2000,4,21,0.9279538904899135,0.2865,0.369,1858
logistic_regression,2000,4,22,0.9279538904899135,0.263,0.341,1875
logistic_regression,2000,4,23,0.9279538904899135,0.263,0.334,1855
logistic_regression,2000,4,24,0.9279538904899135,0.26,0.328,1867
logistic_regression,2000,4,25,0.9279538904899135,0.2815,0.3515,1860
logistic_regression,2000,4,26,0.9279538904899135,0.273,0.3455,1851
logistic_regression,2000,4,27,0.9279538904899135,0.265,0.3425,1833
logistic_regression,2000,4,28,0.9279538904899135,0.26,0.3345,1859
logistic_regression,2000,4,29,0.9279538904899135,0.2745,0.363,1878
logistic_regression,2000,4,30,0.9279538904899135,0.254,0.3295,1836
logistic_regression,2000,4,31,0.9279538904899135,0.2835,0.3545,1837
logistic_regression,2000,4,32,0.9279538904899135,0.2725,0.3545,1857
logistic_regression,2000,4,33,0.9279538904899135,0.263,0.3435,1832
logistic_regression,2000,4,34,0.9279538904899135,0.2635,0.345,1853
logistic_regression,2000,4,35,0.9279538904899135,0.2715,0.3505,1870
logistic_regression,2000,4,36,0.9279538904899135,0.278,0.356,1865
logistic_regression,2000,4,37,0.9279538904899135,0.2725,0.357,1885
logistic_regression,2000,4,38,0.9279538904899135,0.274,0.355,1879
logistic_regression,2000,4,39,0.9279538904899135,0.267,0.333,1840
logistic_regression,2000,4,40,0.9279538904899135,0.264,0.3305,1841
logistic_regression,2000,4,41,0.9279538904899135,0.288,0.355,1874
logistic_regression,2000,4,42,0.9279538904899135,0.2695,0.3525,1866
logistic_regression,2000,4,43,0.9279538904899135,0.2745,0.3485,1849
logistic_regression,2000,4,44,0.9279538904899135,0.3015,0.3945,1867
logistic_regression,2000,4,45,0.9279538904899135,0.282,0.358,1859
logistic_regression,2000,4,46,0.9279538904899135,0.273,0.3525,1864
logistic_regression,2000,4,47,0.9279538904899135,0.2825,0.3745,1852
logistic_regression,2000,4,48,0.9279538904899135,0.272,0.3455,1859
logistic_regression,2000,4,49,0.9279538904899135,0.267,0.3445,1851
logistic_regression,2000,4,50,0.9279538904899135,0.2765,0.3645,1866
logistic_regression,2000,4,51,0.9279538904899135,0.266,0.343,1864
logistic_regression,2000,4,52,0.9279538904899135,0.2685,0.3395,1854
logistic_regression,2000,4,53,0.9279538904899135,0.278,0.3545,1862
logistic_regression,2000,4,54,0.9279538904899135,0.258,0.3305,1850
logistic_regression,2000,4,55,0.9279538904899135,0.2725,0.35,1859
logistic_regression,2000,4,56,0.9279538904899135,0.2745,0.356,1861
logistic_regression,2000,4,57,0.9279538904899135,0.2725,0.3455,1869
logistic_regression,2000,4,58,0.9279538904899135,0.2665,0.342,1846
logistic_regression,2000,4,59,0.9279538904899135,0.2915,0.377,1851
logistic_regression,2000,4,60,0.9279538904899135,0.2685,0.345,1878
logistic_regression,2000,4,61,0.9279538904899135,0.283,0.361,1847
logistic_regression,2000,4,62,0.9279538904899135,0.2805,0.3605,1854
logistic_regression,2000,4,63,0.9279538904899135,0.2645,0.3415,1862
logistic_regression,2000,4,64,0.9279538904899135,0.283,0.3725,1852
logistic_regression,2000,4,65,0.9279538904899135,0.2865,0.366,1863
logistic_regression,2000,4,66,0.9279538904899135,0.259,0.335,1868
logistic_regression,2000,4,67,0.9279538904899135,0.2915,0.3775,1870
logistic_regression,2000,4,68,0.9279538904899135,0.2775,0.352,1875
logistic_regression,2000,4,69,0.9279538904899135,0.2755,0.3505,1843
logistic_regression,2000,4,70,0.9279538904899135,0.253,0.3345,1832
logistic_regression,2000,4,71,0.9279538904899135,0.2795,0.371,1861
logistic_regression,2000,4,72,0.9279538904899135,0.259,0.344,1867
logistic_regression,2000,4,73,0.9279538904899135,0.2675,0.341,1857
logistic_regression,2000,4,74,0.9279538904899135,0.284,0.3645,1852
logistic_regression,2000,4,75,0.9279538904899135,0.2675,0.337,1871
logistic_regression,2000,4,76,0.9279538904899135,0.2555,0.3245,1838
logistic_regression,2000,4,77,0.9279538904899135,0.2855,0.3675,1878
logistic_regression,2000,4,78,0.9279538904899135,0.273,0.3465,1857
logistic_regression,2000,4,79,0.9279538904899135,0.27,0.343,1864
logistic_regression,2000,4,80,0.9279538904899135,0.26,0.3335,1856
logistic_regression,2000,4,81,0.9279538904899135,0.282,0.3645,1855
logistic_regression,2000,4,82,0.9279538904899135,0.2615,0.332,1876
logistic_regression,2000,4,83,0.9279538904899135,0.27,0.36,1855
logistic_regression,2000,4,84,0.9279538904899135,0.2785,0.3565,1854
logistic_regression,2000,4,85,0.9279538904899135,0.282,0.3655,1843
logistic_regression,2000,4,86,0.9279538904899135,0.2505,0.316,1851
logistic_regression,2000,4,87,0.9279538904899135,0.2785,0.3775,1853
logistic_regression,2000,4,88,0.9279538904899135,0.266,0.3405,1851
logistic_regression,2000,4,89,0.9279538904899135,0.2555,0.333,1847
logistic_regression,2000,4,90,0.9279538904899135,0.2655,0.336,1855
logistic_regression,2000,4,91,0.9279538904899135,0.26,0.329,1853
logistic_regression,2000,4,92,0.9279538904899135,0.273,0.337,1864
logistic_regression,2000,4,93,0.9279538904899135,0.268,0.3435,1848
logistic_regression,2000,4,94,0.9279538904899135,0.2595,0.343,1860
logistic_regression,2000,4,95,0.9279538904899135,0.2735,0.3545,1856
logistic_regression,2000,4,96,0.9279538904899135,0.282,0.357,1857
logistic_regression,2000,4,97,0.9279538904899135,0.268,0.3405,1846
logistic_regression,2000,4,98,0.9279538904899135,0.261,0.328,1866
logistic_regression,2000,4,99,0.9279538904899135,0.277,0.3455,1848
logistic_regression,2000,16,0,0.9279538904899135,0.6245,1.45,1854
logistic_regression,2000,16,1,0.9279538904899135,0.612,1.39,1855
logistic_regression,2000,16,2,0.9279538904899135,0.6045,1.4135,1857
logistic_regression,2000,16,3,0.9279538904899135,0.5985,1.453,1869
logistic_regression,2000,16,4,0.9279538904899135,0.5855,1.331,1855
logistic_regression,2000,16,5,0.9279538904899135,0.614,1.346,1855
logistic_regression,2000,16,6,0.9279538904899135,0.6215,1.4895,1861
logistic_regression,2000,16,7,0.9279538904899135,0.616,1.417,1847
logistic_regression,2000,16,8,0.9279538904899135,0.6035,1.397,1859
logistic_regression,2000,16,9,0.9279538904899135,0.607,1.348,1875
logistic_regression,2000,16,10,0.9279538904899135,0.596,1.3655,1873
logistic_regression,2000,16,11,0.9279538904899135,0.603,1.3835,1863
logistic_regression,2000,16,12,0.9279538904899135,0.6145,1.3855,1847
logistic_regression,2000,16,13,0.9279538904899135,0.609,1.392,1862
logistic_regression,2000,16,14,0.9279538904899135,0.607,1.4115,1853
logistic_regression,2000,16,15,0.9279538904899135,0.594,1.376,1852
logistic_regression,2000,16,16,0.9279538904899135,0.6085,1.4345,1856
logistic_regression,2000,16,17,0.9279538904899135,0.6,1.3345,1863
logistic_regression,2000,16,18,0.9279538904899135,0.6155,1.3825,1871
logistic_regression,2000,16,19,0.9279538904899135,0.592,1.378,1855
logistic_regression,2000,16,20,0.9279538904899135,0.605,1.416,1868
logistic_regression,2000,16,21,0.9279538904899135,0.5945,1.3755,1854
logistic_regression,2000,16,22,0.9279538904899135,0.5895,1.382,1845
logistic_regression,2000,16,23,0.9279538904899135,0.6085,1.4235,1859
logistic_regression,2000,16,24,0.9279538904899135,0.6135,1.4205,1874
logistic_regression,2000,16,25,0.9279538904899135,0.605,1.364,1872
logistic_regression,2000,16,26,0.9279538904899135,0.5885,1.4155,1851
logistic_regression,2000,16,27,0.9279538904899135,0.627,1.439,1855
logistic_regression,2000,16,28,0.9279538904899135,0.588,1.3695,1868
logistic_regression,2000,16,29,0.9279538904899135,0.614,1.495,1859
logistic_regression,2000,16,30,0.9279538904899135,0.6205,1.407,1865
logistic_regression,2000,16,31,0.9279538904899135,0.5975,1.373,1865
logistic_regression,2000,16,32,0.9279538904899135,0.5995,1.443,1846
logistic_regression,2000,16,33,0.9279538904899135,0.587,1.3195,1839
logistic_regression,2000,16,34,0.9279538904899135,0.612,1.3575,1863
logistic_regression,2000,16,35,0.9279538904899135,0.593,1.3995,1832
logistic_regression,2000,16,36,0.9279538904899135,0.609,1.4135,1855
logistic_regression,2000,16,37,0.9279538904899135,0.605,1.399,1865
logistic_regression,2000,16,38,0.9279538904899135,0.608,1.34,1869
logistic_regression,2000,16,39,0.9279538904899135,0.5835,1.3655,1843
logistic_regression,2000,16,40,0.9279538904899135,0.625,1.468,1848
logistic_regression,2000,16,41,0.9279538904899135,0.6065,1.4015,1839
logistic_regression,2000,16,42,0.9279538904899135,0.6045,1.4025,1843
logistic_regression,2000,16,43,0.9279538904899135,0.5885,1.414,1842
logistic_regression,2000,16,44,0.9279538904899135,0.605,1.45,1853
logistic_regression,2000,16,45,0.9279538904899135,0.5995,1.3565,1853
logistic_regression,2000,16,46,0.9279538904899135,0.6105,1.3445,1871
logistic_regression,2000,16,47,0.9279538904899135,0.599,1.4,1842
logistic_regression,2000,16,48,0.9279538904899135,0.5915,1.334,1854
logistic_regression,2000,16,49,0.9279538904899135,0.598,1.415,1865
logistic_regression,2000,16,50,0.9279538904899135,0.6075,1.374,1850
logistic_regression,2000,16,51,0.9279538904899135,0.599,1.435,1850
logistic_regression,2000,16,52,0.9279538904899135,0.6215,1.462,1867
logistic_regression,2000,16,53,0.9279538904899135,0.6055,1.373,1870
logistic_regression,2000,16,54,0.9279538904899135,0.602,1.3945,1863
logistic_regression,2000,16,55,0.9279538904899135,0.605,1.4295,1849
logistic_regression,2000,16,56,0.9279538904899135,0.615,1.4345,1866
logistic_regression,2000,16,57,0.9279538904899135,0.6035,1.4,1861
logistic_regression,2000,16,58,0.9279538904899135,0.589,1.369,1840
logistic_regression,2000,16,59,0.9279538904899135,0.583,1.3175,1842
logistic_regression,2000,16,60,0.9279538904899135,0.617,1.4375,1870
logistic_regression,2000,16,61,0.9279538904899135,0.616,1.404,1853
logistic_regression,2000,16,62,0.9279538904899135,0.601,1.395,1863
logistic_regression,2000,16,63,0.9279538904899135,0.613,1.39,1873
logistic_regression,2000,16,64,0.9279538904899135,0.6055,1.4125,1840
logistic_regression,2000,16,65,0.9279538904899135,0.5915,1.3405,1858
logistic_regression,2000,16,66,0.9279538904899135,0.602,1.3725,1841
logistic_regression,2000,16,67,0.9279538904899135,0.594,1.3895,1872
logistic_regression,2000,16,68,0.9279538904899135,0.6065,1.4395,1870
logistic_regression,2000,16,69,0.9279538904899135,0.5995,1.3905,1855
logistic_regression,2000,16,70,0.9279538904899135,0.603,1.359,1856
logistic_regression,2000,16,71,0.9279538904899135,0.6055,1.408,1857
logistic_regression,2000,16,72,0.9279538904899135,0.617,1.4,1860
logistic_regression,2000,16,73,0.9279538904899135,0.6075,1.391,1856
logistic_regression,2000,16,74,0.9279538904899135,0.614,1.4465,1863
logistic_regression,2000,16,75,0.9279538904899135,0.617,1.404,1851
logistic_regression,2000,16,76,0.9279538904899135,0.5955,1.3795,1876
logistic_regression,2000,16,77,0.9279538904899135,0.609,1.401,1856
logistic_regression,2000,16,78,0.9279538904899135,0.606,1.4095,1862
logistic_regression,2000,16,79,0.9279538904899135,0.602,1.4225,1859
logistic_regression,2000,16,80,0.9279538904899135,0.597,1.4015,1859
logistic_regression,2000,16,81,0.9279538904899135,0.577,1.339,1865
logistic_regression,2000,16,82,0.9279538904899135,0.612,1.3885,1878
logistic_regression,2000,16,83,0.9279538904899135,0.5895,1.37,1858
logistic_regression,2000,16,84,0.9279538904899135,0.6025,1.39,1843
logistic_regression,2000,16,85,0.9279538904899135,0.598,1.376,1843
logistic_regression,2000,16,86,0.9279538904899135,0.6075,1.408,1848
logistic_regression,2000,16,87,0.9279538904899135,0.5925,1.341,1876
logistic_regression,2000,16,88,0.9279538904899135,0.6035,1.3865,1836
logistic_regression,2000,16,89,0.9279538904899135,0.606,1.404,1845
logistic_regression,2000,16,90,0.9279538904899135,0.6185,1.433,1864
logistic_regression,2000,16,91,0.9279538904899135,0.587,1.296,1861
logistic_regression,2000,16,92,0.9279538904899135,0.5805,1.272,1846
logistic_regression,2000,16,93,0.9279538904899135,0.603,1.3735,1856
logistic_regression,2000,16,94,0.9279538904899135,0.593,1.348,1860
logistic_regression,2000,16,95,0.9279538904899135,0.6045,1.362,1854
logistic_regression,2000,16,96,0.9279538904899135,0.591,1.3855,1849
logistic_regression,2000,16,97,0.9279538904899135,0.5805,1.3645,1840
logistic_regression,2000,16,98,0.9279538904899135,0.6125,1.4645,1853
logistic_regression,2000,16,99,0.9279538904899135,0.5975,1.3775,1847
logistic_regression,2000,64,0,0.9279538904899135,0.8815,5.6105,1847
logistic_regression,2000,64,1,0.9279538904899135,0.8815,5.62,1857
logistic_regression,2000,64,2,0.9279538904899135,0.89,5.522,1868
logistic_regression,2000,64,3,0.9279538904899135,0.884,5.5315,1854
logistic_regression,2000,64,4,0.9279538904899135,0.8785,5.4275,1839
logistic_regression,2000,64,5,0.9279538904899135,0.882,5.5965,1844
logistic_regression,2000,64,6,0.9279538904899135,0.883,5.3875,1847
logistic_regression,2000,64,7,0.9279538904899135,0.8955,5.684,1862
logistic_regression,2000,64,8,0.9279538904899135,0.892,5.7845,1863
logistic_regression,2000,64,9,0.9279538904899135,0.8915,5.4445,1860
logistic_regression,2000,64,10,0.9279538904899135,0.8895,5.4115,1849
logistic_regression,2000,64,11,0.9279538904899135,0.8775,5.5905,1842
logistic_regression,2000,64,12,0.9279538904899135,0.891,5.4145,1846
logistic_regression,2000,64,13,0.9279538904899135,0.8835,5.5075,1852
logistic_regression,2000,64,14,0.9279538904899135,0.876,5.3405,1859
logistic_regression,2000,64,15,0.9279538904899135,0.898,6.0535,1883
logistic_regression,2000,64,16,0.9279538904899135,0.892,5.5355,1870
logistic_regression,2000,64,17,0.9279538904899135,0.887,5.2955,1845
logistic_regression,2000,64,18,0.9279538904899135,0.8905,5.7145,1862
logistic_regression,2000,64,19,0.9279538904899135,0.8925,5.6005,1855
logistic_regression,2000,64,20,0.9279538904899135,0.8875,5.588,1865
logistic_regression,2000,64,21,0.9279538904899135,0.8855,5.6845,1855
logistic_regression,2000,64,22,0.9279538904899135,0.879,5.4265,1847
logistic_regression,2000,64,23,0.9279538904899135,0.891,5.524,1859
logistic_regression,2000,64,24,0.9279538904899135,0.8865,5.52,1862
logistic_regression,2000,64,25,0.9279538904899135,0.886,5.5575,1871
logistic_regression,2000,64,26,0.9279538904899135,0.894,5.672,1855
logistic_regression,2000,64,27,0.9279538904899135,0.8865,5.64,1862
logistic_regression,2000,64,28,0.9279538904899135,0.8785,5.4135,1837
logistic_regression,2000,64,29,0.9279538904899135,0.885,5.539,1853
logistic_regression,2000,64,30,0.9279538904899135,0.9005,5.551,1874
logistic_regression,2000,64,31,0.9279538904899135,0.878,5.5215,1852
logistic_regression,2000,64,32,0.9279538904899135,0.8805,5.5615,1857
logistic_regression,2000,64,33,0.9279538904899135,0.8735,5.7745,1834
logistic_regression,2000,64,34,0.9279538904899135,0.887,5.763,1859
logistic_regression,2000,64,35,0.9279538904899135,0.895,5.6305,1871
logistic_regression,2000,64,36,0.9279538904899135,0.88,5.7705,1852
logistic_regression,2000,64,37,0.9279538904899135,0.8785,5.4595,1855
logistic_regression,2000,64,38,0.9279538904899135,0.886,5.4975,1858
logistic_regression,2000,64,39,0.9279538904899135,0.8855,5.417,1867
logistic_regression,2000,64,40,0.9279538904899135,0.884,5.813,1850
logistic_regression,2000,64,41,0.9279538904899135,0.8705,5.4385,1829
logistic_regression,2000,64,42,0.9279538904899135,0.883,5.3395,1838
logistic_regression,2000,64,43,0.9279538904899135,0.8825,5.507,1845
logistic_regression,2000,64,44,0.9279538904899135,0.8955,5.627,1865
logistic_regression,2000,64,45,0.9279538904899135,0.876,5.7325,1839
logistic_regression,2000,64,46,0.9279538904899135,0.867,5.4985,1834
logistic_regression,2000,64,47,0.9279538904899135,0.8795,5.4865,1840
logistic_regression,2000,64,48,0.9279538904899135,0.886,5.7645,1868
logistic_regression,2000,64,49,0.9279538904899135,0.896,5.5615,1856
logistic_regression,2000,64,50,0.9279538904899135,0.8855,5.394,1859
logistic_regression,2000,64,51,0.9279538904899135,0.873,5.5385,1838
logistic_regression,2000,64,52,0.9279538904899135,0.898,5.608,1870
logistic_regression,2000,64,53,0.9279538904899135,0.8885,5.615,1865
logistic_regression,2000,64,54,0.9279538904899135,0.901,5.4515,1887
logistic_regression,2000,64,55,0.9279538904899135,0.8845,5.526,1853
logistic_regression,2000,64,56,0.9279538904899135,0.88,5.5345,1855
logistic_regression,2000,64,57,0.9279538904899135,0.9045,5.6095,1871
logistic_regression,2000,64,58,0.9279538904899135,0.8905,5.484,1862
logistic_regression,2000,64,59,0.9279538904899135,0.895,5.6765,1857
logistic_regression,2000,64,60,0.9279538904899135,0.8995,5.9605,1864
logistic_regression,2000,64,61,0.9279538904899135,0.8875,5.6615,1848
logistic_regression,2000,64,62,0.9279538904899135,0.8855,5.459,1863
logistic_regression,2000,64,63,0.9279538904899135,0.887,5.7175,1852
logistic_regression,2000,64,64,0.9279538904899135,0.878,5.663,1835
logistic_regression,2000,64,65,0.9279538904899135,0.89,5.697,1859
logistic_regression,2000,64,66,0.9279538904899135,0.8825,5.5365,1848
logistic_regression,2000,64,67,0.9279538904899135,0.879,5.39,1846
logistic_regression,2000,64,68,0.9279538904899135,0.8835,5.786,1852
logistic_regression,2000,64,69,0.9279538904899135,0.88,5.4715,1858
logistic_regression,2000,64,70,0.9279538904899135,0.8925,5.403,1865
logistic_regression,2000,64,71,0.9279538904899135,0.874,5.644,1828
logistic_regression,2000,64,72,0.9279538904899135,0.887,5.718,1843
logistic_regression,2000,64,73,0.9279538904899135,0.8995,5.5075,1871
logistic_regression,2000,64,74,0.9279538904899135,0.8955,5.58,1864
logistic_regression,2000,64,75,0.9279538904899135,0.885,5.5435,1865
logistic_regression,2000,64,76,0.9279538904899135,0.8835,5.3335,1859
logistic_regression,2000,64,77,0.9279538904899135,0.892,5.678,1858
logistic_regression,2000,64,78,0.9279538904899135,0.888,5.3755,1853
logistic_regression,2000,64,79,0.9279538904899135,0.899,5.7055,1857
logistic_regression,2000,64,80,0.9279538904899135,0.8865,5.431,1859
logistic_regression,2000,64,81,0.9279538904899135,0.885,5.5895,1856
logistic_regression,2000,64,82,0.9279538904899135,0.885,5.5015,1846
logistic_regression,2000,64,83,0.9279538904899135,0.891,5.5095,1856
logistic_regression,2000,64,84,0.9279538904899135,0.881,5.618,1841
logistic_regression,2000,64,85,0.9279538904899135,0.896,5.656,1865
logistic_regression,2000,64,86,0.9279538904899135,0.8885,5.7455,1862
logistic_regression,2000,64,87,0.9279538904899135,0.8795,5.384,1833
logistic_regression,2000,64,88,0.9279538904899135,0.88,5.6635,1851
logistic_regression,2000,64,89,0.9279538904899135,0.8875,5.7895,1867
logistic_regression,2000,64,90,0.9279538904899135,0.887,5.7885,1857
logistic_regression,2000,64,91,0.9279538904899135,0.88,5.362,1851
logistic_regression,2000,64,92,0.9279538904899135,0.8775,5.6755,1840
logistic_regression,2000,64,93,0.9279538904899135,0.8785,5.5545,1862
logistic_regression,2000,64,94,0.9279538904899135,0.8855,5.5915,1865
logistic_regression,2000,64,95,0.9279538904899135,0.8755,5.3515,1855
logistic_regression,2000,64,96,0.9279538904899135,0.8815,5.4915,1847
logistic_regression,2000,64,97,0.9279538904899135,0.892,5.6115,1865
logistic_regression,2000,64,98,0.9279538904899135,0.9015,5.815,1883
logistic_regression,2000,64,99,0.9279538904899135,0.8815,5.5475,1846
logistic_regression,2000,98,0,0.9279538904899135,0.925,8.2025,1850
logistic_regression,2000,98,1,0.9279538904899135,0.923,8.72,1846
logistic_regression,2000,98,2,0.9279538904899135,0.9185,8.2375,1837
logistic_regression,2000,98,3,0.9279538904899135,0.9295,8.375,1859
logistic_regression,2000,98,4,0.9279538904899135,0.921,8.5885,1842
logistic_regression,2000,98,5,0.9279538904899135,0.92,8.6425,1840
logistic_regression,2000,98,6,0.9279538904899135,0.928,8.39,1856
logistic_regression,2000,98,7,0.9279538904899135,0.93,8.583,1860
logistic_regression,2000,98,8,0.9279538904899135,0.922,8.731,1844
logistic_regression,2000,98,9,0.9279538904899135,0.93,8.6955,1860
logistic_regression,2000,98,10,0.9279538904899135,0.9255,8.633,1851
logistic_regression,2000,98,11,0.9279538904899135,0.919,8.5145,1838
logistic_regression,2000,98,12,0.9279538904899135,0.931,8.4705,1862
logistic_regression,2000,98,13,0.9279538904899135,0.9325,8.491,1865
logistic_regression,2000,98,14,0.9279538904899135,0.934,8.593,1868
logistic_regression,2000,98,15,0.9279538904899135,0.939,8.7725,1878
logistic_regression,2000,98,16,0.9279538904899135,0.9255,8.6025,1851
logistic_regression,2000,98,17,0.9279538904899135,0.92,8.5735,1840
logistic_regression,2000,98,18,0.9279538904899135,0.921,8.1295,1842
logistic_regression,2000,98,19,0.9279538904899135,0.9405,8.626,1881
logistic_regression,2000,98,20,0.9279538904899135,0.921,8.251,1842
logistic_regression,2000,98,21,0.9279538904899135,0.932,8.684,1864
logistic_regression,2000,98,22,0.9279538904899135,0.9265,8.9185,1853
logistic_regression,2000,98,23,0.9279538904899135,0.9225,8.6445,1845
logistic_regression,2000,98,24,0.9279538904899135,0.939,8.4995,1878
logistic_regression,2000,98,25,0.9279538904899135,0.9365,8.585,1873
logistic_regression,2000,98,26,0.9279538904899135,0.914,8.3675,1828
logistic_regression,2000,98,27,0.9279538904899135,0.926,8.466,1852
logistic_regression,2000,98,28,0.9279538904899135,0.933,8.5805,1866
logistic_regression,2000,98,29,0.9279538904899135,0.9235,8.5075,1847
logistic_regression,2000,98,30,0.9279538904899135,0.9355,8.6135,1871
logistic_regression,2000,98,31,0.9279538904899135,0.923,8.6285,1846
logistic_regression,2000,98,32,0.9279538904899135,0.923,8.612,1846
logistic_regression,2000,98,33,0.9279538904899135,0.9205,8.6025,1841
logistic_regression,2000,98,34,0.9279538904899135,0.921,8.434,1842
logistic_regression,2000,98,35,0.9279538904899135,0.9345,8.6165,1869
logistic_regression,2000,98,36,0.9279538904899135,0.9255,8.529,1851
logistic_regression,2000,98,37,0.9279538904899135,0.936,8.618,1872
logistic_regression,2000,98,38,0.9279538904899135,0.916,8.4685,1832
logistic_regression,2000,98,39,0.9279538904899135,0.9195,8.36,1839
logistic_regression,2000,98,40,0.9279538904899135,0.923,8.7805,1846
logistic_regression,2000,98,41,0.9279538904899135,0.9295,8.538,1859
logistic_regression,2000,98,42,0.9279538904899135,0.923,8.378,1846
logistic_regression,2000,98,43,0.9279538904899135,0.9225,8.546,1845
logistic_regression,2000,98,44,0.9279538904899135,0.921,8.311,1842
logistic_regression,2000,98,45,0.9279538904899135,0.9245,8.4295,1849
logistic_regression,2000,98,46,0.9279538904899135,0.931,8.549,1862
logistic_regression,2000,98,47,0.9279538904899135,0.919,8.5165,1838
logistic_regression,2000,98,48,0.9279538904899135,0.923,8.4945,1846
logistic_regression,2000,98,49,0.9279538904899135,0.937,8.5075,1874
logistic_regression,2000,98,50,0.9279538904899135,0.9315,8.8795,1863
logistic_regression,2000,98,51,0.9279538904899135,0.9205,8.311,1841
logistic_regression,2000,98,52,0.9279538904899135,0.9195,8.493,1839
logistic_regression,2000,98,53,0.9279538904899135,0.9285,8.195,1857
logistic_regression,2000,98,54,0.9279538904899135,0.921,8.5995,1842
logistic_regression,2000,98,55,0.9279538904899135,0.9315,8.3925,1863
logistic_regression,2000,98,56,0.9279538904899135,0.9205,8.508,1841
logistic_regression,2000,98,57,0.9279538904899135,0.9245,8.393,1849
logistic_regression,2000,98,58,0.9279538904899135,0.923,8.228,1846
logistic_regression,2000,98,59,0.9279538904899135,0.932,8.44,1864
logistic_regression,2000,98,60,0.9279538904899135,0.9275,8.5575,1855
logistic_regression,2000,98,61,0.9279538904899135,0.916,8.317,1832
logistic_regression,2000,98,62,0.9279538904899135,0.9265,8.438,1853
logistic_regression,2000,98,63,0.9279538904899135,0.9385,8.608,1877
logistic_regression,2000,98,64,0.9279538904899135,0.919,8.4365,1838
logistic_regression,2000,98,65,0.9279538904899135,0.9385,8.1505,1877
logistic_regression,2000,98,66,0.9279538904899135,0.922,8.42,1844
logistic_regression,2000,98,67,0.9279538904899135,0.932,8.66,1864
logistic_regression,2000,98,68,0.9279538904899135,0.938,8.8535,1876
logistic_regression,2000,98,69,0.9279538904899135,0.927,8.255,1854
logistic_regression,2000,98,70,0.9279538904899135,0.938,8.7525,1876
logistic_regression,2000,98,71,0.9279538904899135,0.9365,8.856,1873
logistic_regression,2000,98,72,0.9279538904899135,0.9325,8.5925,1865
logistic_regression,2000,98,73,0.9279538904899135,0.9305,8.775,1861
logistic_regression,2000,98,74,0.9279538904899135,0.93,8.486,1860
logistic_regression,2000,98,75,0.9279538904899135,0.933,8.5485,1866
logistic_regression,2000,98,76,0.9279538904899135,0.925,8.504,1850
logistic_regression,2000,98,77,0.9279538904899135,0.9315,8.328,1863
logistic_regression,2000,98,78,0.9279538904899135,0.9175,8.567,1835
logistic_regression,2000,98,79,0.9279538904899135,0.9365,8.8315,1873
logistic_regression,2000,98,80,0.9279538904899135,0.922,8.599,1844
logistic_regression,2000,98,81,0.9279538904899135,0.9315,8.607,1863
logistic_regression,2000,98,82,0.9279538904899135,0.9265,8.49,1853
logistic_regression,2000,98,83,0.9279538904899135,0.9215,8.826,1843
logistic_regression,2000,98,84,0.9279538904899135,0.925,8.477,1850
logistic_regression,2000,98,85,0.9279538904899135,0.9325,8.5695,1865
logistic_regression,2000,98,86,0.9279538904899135,0.93,8.4895,1860
logistic_regression,2000,98,87,0.9279538904899135,0.9375,8.5975,1875
logistic_regression,2000,98,88,0.9279538904899135,0.9315,8.5245,1863
logistic_regression,2000,98,89,0.9279538904899135,0.9285,8.657,1857
logistic_regression,2000,98,90,0.9279538904899135,0.931,8.5795,1862
logistic_regression,2000,98,91,0.9279538904899135,0.9265,8.5715,1853
logistic_regression,2000,98,92,0.9279538904899135,0.9295,8.455,1859
logistic_regression,2000,98,93,0.9279538904899135,0.9355,8.607,1871
logistic_regression,2000,98,94,0.9279538904899135,0.9365,8.5435,1873
logistic_regression,2000,98,95,0.9279538904899135,0.9155,8.4005,1831
logistic_regression,2000,98,96,0.9279538904899135,0.9265,8.438,1853
logistic_regression,2000,98,97,0.9279538904899135,0.9315,8.4345,1863
logistic_regression,2000,98,98,0.9279538904899135,0.92,8.296,1840
logistic_regression,2000,98,99,0.9279538904899135,0.926,8.7915,1852
random_forest,100,1,0,0.7902995720399429,0.02,0.02,82
random_forest,100,1,1,0.7902995720399429,0.04,0.04,77
random_forest,100,1,2,0.7902995720399429,0.05,0.05,75
random_forest,100,1,3,0.7902995720399429,0.05,0.05,80
random_forest,100,1,4,0.7902995720399429,0.07,0.07,82
random_forest,100,1,5,0.7902995720399429,0.07,0.07,83
random_forest,100,1,6,0.7902995720399429,0.05,0.05,78
random_forest,100,1,7,0.7902995720399429,0.05,0.05,81
random_forest,100,1,8,0.7902995720399429,0.06,0.06,79
random_forest,100,1,9,0.7902995720399429,0.04,0.04,83
random_forest,100,1,10,0.7902995720399429,0.04,0.04,85
random_forest,100,1,11,0.7902995720399429,0.08,0.08,77
random_forest,100,1,12,0.7902995720399429,0.04,0.04,78
random_forest,100,1,13,0.7902995720399429,0.05,0.05,78
random_forest,100,1,14,0.7902995720399429,0.06,0.06,78
random_forest,100,1,15,0.7902995720399429,0.04,0.04,79
random_forest,100,1,16,0.7902995720399429,0.02,0.02,73
random_forest,100,1,17,0.7902995720399429,0.05,0.05,75
random_forest,100,1,18,0.7902995720399429,0.02,0.02,74
random_forest,100,1,19,0.7902995720399429,0.05,0.05,80
random_forest,100,1,20,0.7902995720399429,0.06,0.06,87
random_forest,100,1,21,0.7902995720399429,0.05,0.05,84
random_forest,100,1,22,0.7902995720399429,0.04,0.04,83
random_forest,100,1,23,0.7902995720399429,0.05,0.05,75
random_forest,100,1,24,0.7902995720399429,0.04,0.04,75
random_forest,100,1,25,0.7902995720399429,0.01,0.01,82
random_forest,100,1,26,0.7902995720399429,0.1,0.1,77
random_forest,100,1,27,0.7902995720399429,0.06,0.06,74
random_forest,100,1,28,0.7902995720399429,0.04,0.04,83
random_forest,100,1,29,0.7902995720399429,0.03,0.03,77
random_forest,100,1,30,0.7902995720399429,0.06,0.06,81
random_forest,100,1,31,0.7902995720399429,0.03,0.03,80
random_forest,100,1,32,0.7902995720399429,0.04,0.04,76
random_forest,100,1,33,0.7902995720399429,0.04,0.04,80
random_forest,100,1,34,0.7902995720399429,0.03,0.03,73
random_forest,100,1,35,0.7902995720399429,0.05,0.05,77
random_forest,100,1,36,0.7902995720399429,0.03,0.03,72
random_forest,100,1,37,0.7902995720399429,0.01,0.01,81
random_forest,100,1,38,0.7902995720399429,0.06,0.06,84
random_forest,100,1,39,0.7902995720399429,0.1,0.1,85
random_forest,100,1,40,0.7902995720399429,0.04,0.04,81
random_forest,100,1,41,0.7902995720399429,0.03,0.03,78
random_forest,100,1,42,0.7902995720399429,0.08,0.08,74
random_forest,100,1,43,0.7902995720399429,0.05,0.05,90
random_forest,100,1,44,0.7902995720399429,0.05,0.05,72
random_forest,100,1,45,0.7902995720399429,0.02,0.02,82
random_forest,100,1,46,0.7902995720399429,0.05,0.05,79
random_forest,100,1,47,0.7902995720399429,0.07,0.07,73
random_forest,100,1,48,0.7902995720399429,0.02,0.02,83
random_forest,100,1,49,0.7902995720399429,0.02,0.02,73
random_forest,100,1,50,0.7902995720399429,0.06,0.06,78
random_forest,100,1,51,0.7902995720399429,0.04,0.04,79
random_forest,100,1,52,0.7902995720399429,0.06,0.06,77
random_forest,100,1,53,0.7902995720399429,0.06,0.06,79
random_forest,100,1,54,0.7902995720399429,0.05,0.05,74
random_forest,100,1,55,0.7902995720399429,0.01,0.01,79
random_forest,100,1,56,0.7902995720399429,0.02,0.02,78
random_forest,100,1,57,0.7902995720399429,0.06,0.06,81
random_forest,100,1,58,0.7902995720399429,0.03,0.03,77
random_forest,100,1,59,0.7902995720399429,0.07,0.07,78
random_forest,100,1,60,0.7902995720399429,0.04,0.04,83
random_forest,100,1,61,0.7902995720399429,0.09,0.09,78
random_forest,100,1,62,0.7902995720399429,0.06,0.06,75
random_forest,100,1,63,0.7902995720399429,0.06,0.06,75
random_forest,100,1,64,0.7902995720399429,0.06,0.06,78
random_forest,100,1,65,0.7902995720399429,0.04,0.04,74
random_forest,100,1,66,0.7902995720399429,0.02,0.02,80
random_forest,100,1,67,0.7902995720399429,0.04,0.04,79
random_forest,100,1,68,0.7902995720399429,0.02,0.02,76
random_forest,100,1,69,0.7902995720399429,0.07,0.07,78
random_forest,100,1,70,0.7902995720399429,0.07,0.07,83
random_forest,100,1,71,0.7902995720399429,0.03,0.03,77
random_forest,100,1,72,0.7902995720399429,0.03,0.03,79
random_forest,100,1,73,0.7902995720399429,0.06,0.06,74
random_forest,100,1,74,0.7902995720399429,0.07,0.07,77
random_forest,100,1,75,0.7902995720399429,0.04,0.04,73
random_forest,100,1,76,0.7902995720399429,0.05,0.05,73
random_forest,100,1,77,0.7902995720399429,0.04,0.04,80
random_forest,100,1,78,0.7902995720399429,0.04,0.04,84
random_forest,100,1,79,0.7902995720399429,0.06,0.06,78
random_forest,100,1,80,0.7902995720399429,0.05,0.05,85
random_forest,100,1,81,0.7902995720399429,0.02,0.02,79
random_forest,100,1,82,0.7902995720399429,0.04,0.04,79
random_forest,100,1,83,0.7902995720399429,0.05,0.05,78
random_forest,100,1,84,0.7902995720399429,0.08,0.08,84
random_forest,100,1,85,0.7902995720399429,0.05,0.05,82
random_forest,100,1,86,0.7902995720399429,0.04,0.04,75
random_forest,100,1,87,0.7902995720399429,0.06,0.06,77
random_forest,100,1,88,0.7902995720399429,0.03,0.03,83
random_forest,100,1,89,0.7902995720399429,0.01,0.01,84
random_forest,100,1,90,0.7902995720399429,0.04,0.04,76
random_forest,100,1,91,0.7902995720399429,0.06,0.06,86
random_forest,100,1,92,0.7902995720399429,0.06,0.06,80
random_forest,100,1,93,0.7902995720399429,0.02,0.02,76
random_forest,100,1,94,0.7902995720399429,0.06,0.06,81
random_forest,100,1,95,0.7902995720399429,0.01,0.01,80
random_forest,100,1,96,0.7902995720399429,0.05,0.05,81
random_forest,100,1,97,0.7902995720399429,0.08,0.08,76
random_forest,100,1,98,0.7902995720399429,0.09,0.09,75
random_forest,100,1,99,0.7902995720399429,0.04,0.04,85
random_forest,100,4,0,0.7902995720399429,0.17,0.18,81
random_forest,100,4,1,0.7902995720399429,0.22,0.26,79
random_forest,100,4,2,0.7902995720399429,0.16,0.19,78
random_forest,100,4,3,0.7902995720399429,0.1,0.15,81
random_forest,100,4,4,0.7902995720399429,0.15,0.18,82
random_forest,100,4,5,0.7902995720399429,0.14,0.14,79
random_forest,100,4,6,0.7902995720399429,0.16,0.18,79
random_forest,100,4,7,0.7902995720399429,0.18,0.21,76
random_forest,100,4,8,0.7902995720399429,0.14,0.16,72
random_forest,100,4,9,0.7902995720399429,0.13,0.17,80
random_forest,100,4,10,0.7902995720399429,0.2,0.29,70
random_forest,100,4,11,0.7902995720399429,0.2,0.22,80
random_forest,100,4,12,0.7902995720399429,0.16,0.19,82
random_forest,100,4,13,0.7902995720399429,0.18,0.22,77
random_forest,100,4,14,0.7902995720399429,0.08,0.1,77
random_forest,100,4,15,0.7902995720399429,0.16,0.2,83
random_forest,100,4,16,0.7902995720399429,0.11,0.14,80
random_forest,100,4,17,0.7902995720399429,0.17,0.18,83
random_forest,100,4,18,0.7902995720399429,0.22,0.28,88
random_forest,100,4,19,0.7902995720399429,0.15,0.15,73
random_forest,100,4,20,0.7902995720399429,0.09,0.11,73
random_forest,100,4,21,0.7902995720399429,0.18,0.2,72
random_forest,100,4,22,0.7902995720399429,0.18,0.25,77
random_forest,100,4,23,0.7902995720399429,0.19,0.22,76
random_forest,100,4,24,0.7902995720399429,0.14,0.18,81
random_forest,100,4,25,0.7902995720399429,0.18,0.23,83
random_forest,100,4,26,0.7902995720399429,0.2,0.24,75
random_forest,100,4,27,0.7902995720399429,0.15,0.16,85
random_forest,100,4,28,0.7902995720399429,0.24,0.3,83
random_forest,100,4,29,0.7902995720399429,0.18,0.21,69
random_forest,100,4,30,0.7902995720399429,0.16,0.19,79
random_forest,100,4,31,0.7902995720399429,0.13,0.17,77
random_forest,100,4,32,0.7902995720399429,0.15,0.2,75
random_forest,100,4,33,0.7902995720399429,0.13,0.16,79
random_forest,100,4,34,0.7902995720399429,0.16,0.2,76
random_forest,100,4,35,0.7902995720399429,0.17,0.19,83
random_forest,100,4,36,0.7902995720399429,0.18,0.22,77
random_forest,100,4,37,0.7902995720399429,0.21,0.25,81
random_forest,100,4,38,0.7902995720399429,0.1,0.12,75
random_forest,100,4,39,0.7902995720399429,0.14,0.16,82
random_forest,100,4,40,0.7902995720399429,0.15,0.18,82
random_forest,100,4,41,0.7902995720399429,0.16,0.19,77
random_forest,100,4,42,0.7902995720399429,0.16,0.19,74
random_forest,100,4,43,0.7902995720399429,0.16,0.17,81
random_forest,100,4,44,0.7902995720399429,0.15,0.19,75
random_forest,100,4,45,0.7902995720399429,0.17,0.19,78
random_forest,100,4,46,0.7902995720399429,0.16,0.17,73
random_forest,100,4,47,0.7902995720399429,0.09,0.1,83
random_forest,100,4,48,0.7902995720399429,0.14,0.18,80
random_forest,100,4,49,0.7902995720399429,0.12,0.13,82
random_forest,100,4,50,0.7902995720399429,0.2,0.23,74
random_forest,100,4,51,0.7902995720399429,0.17,0.2,85
random_forest,100,4,52,0.7902995720399429,0.17,0.21,82
random_forest,100,4,53,0.7902995720399429,0.1,0.11,73
random_forest,100,4,54,0.7902995720399429,0.23,0.26,82
random_forest,100,4,55,0.7902995720399429,0.15,0.18,77
random_forest,100,4,56,0.7902995720399429,0.11,0.12,69
random_forest,100,4,57,0.7902995720399429,0.13,0.15,73
random_forest,100,4,58,0.7902995720399429,0.15,0.19,76
random_forest,100,4,59,0.7902995720399429,0.2,0.25,82
random_forest,100,4,60,0.7902995720399429,0.17,0.17,77
random_forest,100,4,61,0.7902995720399429,0.15,0.19,84
random_forest,100,4,62,0.7902995720399429,0.19,0.23,76
random_forest,100,4,63,0.7902995720399429,0.13,0.17,78
random_forest,100,4,64,0.7902995720399429,0.13,0.15,73
random_forest,100,4,65,0.7902995720399429,0.12,0.13,78
random_forest,100,4,66,0.7902995720399429,0.14,0.16,74
random_forest,100,4,67,0.7902995720399429,0.16,0.17,80
random_forest,100,4,68,0.7902995720399429,0.19,0.2,73
random_forest,100,4,69,0.7902995720399429,0.12,0.14,87
random_forest,100,4,70,0.7902995720399429,0.17,0.19,70
random_forest,100,4,71,0.7902995720399429,0.12,0.13,79
random_forest,100,4,72,0.7902995720399429,0.14,0.17,81
random_forest,100,4,73,0.7902995720399429,0.18,0.25,79
random_forest,100,4,74,0.7902995720399429,0.12,0.14,72
random_forest,100,4,75,0.7902995720399429,0.16,0.18,82
random_forest,100,4,76,0.7902995720399429,0.17,0.2,82
random_forest,100,4,77,0.7902995720399429,0.19,0.2,82
random_forest,100,4,78,0.7902995720399429,0.22,0.26,78
random_forest,100,4,79,0.7902995720399429,0.18,0.2,78
random_forest,100,4,80,0.7902995720399429,0.15,0.19,81
random_forest,100,4,81,0.7902995720399429,0.11,0.13,74
random_forest,100,4,82,0.7902995720399429,0.15,0.16,81
random_forest,100,4,83,0.7902995720399429,0.22,0.27,77
random_forest,100,4,84,0.7902995720399429,0.18,0.24,74
random_forest,100,4,85,0.7902995720399429,0.15,0.17,79
random_forest,100,4,86,0.7902995720399429,0.14,0.17,74
random_forest,100,4,87,0.7902995720399429,0.15,0.17,75
random_forest,100,4,88,0.7902995720399429,0.17,0.18,82
random_forest,100,4,89,0.7902995720399429,0.17,0.19,76
random_forest,100,4,90,0.7902995720399429,0.17,0.22,80
random_forest,100,4,91,0.7902995720399429,0.16,0.21,85
random_forest,100,4,92,0.7902995720399429,0.14,0.19,80
random_forest,100,4,93,0.7902995720399429,0.21,0.25,82
random_forest,100,4,94,0.7902995720399429,0.2,0.23,84
random_forest,100,4,95,0.7902995720399429,0.14,0.16,76
random_forest,100,4,96,0.7902995720399429,0.14,0.14,77
random_forest,100,4,97,0.7902995720399429,0.17,0.2,78
random_forest,100,4,98,0.7902995720399429,0.13,0.15,72
random_forest,100,4,99,0.7902995720399429,0.16,0.18,71
random_forest,100,16,0,0.7902995720399429,0.34,0.63,77
random_forest,100,16,1,0.7902995720399429,0.35,0.72,84
random_forest,100,16,2,0.7902995720399429,0.4,0.81,77
random_forest,100,16,3,0.7902995720399429,0.38,0.54,78
random_forest,100,16,4,0.7902995720399429,0.33,0.63,84
random_forest,100,16,5,0.7902995720399429,0.41,0.69,79
random_forest,100,16,6,0.7902995720399429,0.42,0.8,68
random_forest,100,16,7,0.7902995720399429,0.44,0.78,81
random_forest,100,16,8,0.7902995720399429,0.37,0.65,77
random_forest,100,16,9,0.7902995720399429,0.37,0.79,81
random_forest,100,16,10,0.7902995720399429,0.53,0.84,84
random_forest,100,16,11,0.7902995720399429,0.37,0.69,79
random_forest,100,16,12,0.7902995720399429,0.47,0.95,83
random_forest,100,16,13,0.7902995720399429,0.39,0.65,77
random_forest,100,16,14,0.7902995720399429,0.39,0.74,72
random_forest,100,16,15,0.7902995720399429,0.43,0.88,85
random_forest,100,16,16,0.7902995720399429,0.52,0.97,85
random_forest,100,16,17,0.7902995720399429,0.37,0.77,84
random_forest,100,16,18,0.7902995720399429,0.42,0.73,83
random_forest,100,16,19,0.7902995720399429,0.46,0.78,85
random_forest,100,16,20,0.7902995720399429,0.44,0.91,82
random_forest,100,16,21,0.7902995720399429,0.4,0.68,85
random_forest,100,16,22,0.7902995720399429,0.49,0.75,77
random_forest,100,16,23,0.7902995720399429,0.49,0.76,85
random_forest,100,16,24,0.7902995720399429,0.41,0.66,82
random_forest,100,16,25,0.7902995720399429,0.4,0.67,79
random_forest,100,16,26,0.7902995720399429,0.44,0.86,81
random_forest,100,16,27,0.7902995720399429,0.49,0.99,84
random_forest,100,16,28,0.7902995720399429,0.45,0.75,76
random_forest,100,16,29,0.7902995720399429,0.35,0.57,74
random_forest,100,16,30,0.7902995720399429,0.41,0.9,73
random_forest,100,16,31,0.7902995720399429,0.36,0.64,75
random_forest,100,16,32,0.7902995720399429,0.42,0.87,77
random_forest,100,16,33,0.7902995720399429,0.43,0.9,81
random_forest,100,16,34,0.7902995720399429,0.47,0.7,85
random_forest,100,16,35,0.7902995720399429,0.45,0.76,79
random_forest,100,16,36,0.7902995720399429,0.43,0.91,78
random_forest,100,16,37,0.7902995720399429,0.46,0.74,83
random_forest,100,16,38,0.7902995720399429,0.52,0.97,82
random_forest,100,16,39,0.7902995720399429,0.37,0.8,79
random_forest,100,16,40,0.7902995720399429,0.34,0.7,76
random_forest,100,16,41,0.7902995720399429,0.35,0.71,82
random_forest,100,16,42,0.7902995720399429,0.44,0.75,78
random_forest,100,16,43,0.7902995720399429,0.47,0.78,84
random_forest,100,16,44,0.7902995720399429,0.41,0.82,82
random_forest,100,16,45,0.7902995720399429,0.37,0.62,74
random_forest,100,16,46,0.7902995720399429,0.41,0.92,74
random_forest,100,16,47,0.7902995720399429,0.46,0.97,79
random_forest,100,16,48,0.7902995720399429,0.39,0.65,79
random_forest,100,16,49,0.7902995720399429,0.39,0.55,78
random_forest,100,16,50,0.7902995720399429,0.43,0.68,83
random_forest,100,16,51,0.7902995720399429,0.42,0.76,81
random_forest,100,16,52,0.7902995720399429,0.44,0.85,78
random_forest,100,16,53,0.7902995720399429,0.49,1.0,87
random_forest,100,16,54,0.7902995720399429,0.36,0.58,79
random_forest,100,16,55,0.7902995720399429,0.35,0.62,78
random_forest,100,16,56,0.7902995720399429,0.36,0.71,80
random_forest,100,16,57,0.7902995720399429,0.34,0.65,73
random_forest,100,16,58,0.7902995720399429,0.44,0.74,76
random_forest,100,16,59,0.7902995720399429,0.4,0.7,83
random_forest,100,16,60,0.7902995720399429,0.42,0.61,79
random_forest,100,16,61,0.7902995720399429,0.32,0.52,82
random_forest,100,16,62,0.7902995720399429,0.42,0.67,78
random_forest,100,16,63,0.7902995720399429,0.41,0.73,81
random_forest,100,16,64,0.7902995720399429,0.4,0.74,75
random_forest,100,16,65,0.7902995720399429,0.35,0.61,75
random_forest,100,16,66,0.7902995720399429,0.37,0.66,70
random_forest,100,16,67,0.7902995720399429,0.43,0.72,77
random_forest,100,16,68,0.7902995720399429,0.37,0.68,85
random_forest,100,16,69,0.7902995720399429,0.41,0.86,87
random_forest,100,16,70,0.7902995720399429,0.42,0.85,78
random_forest,100,16,71,0.7902995720399429,0.45,0.95,77
random_forest,100,16,72,0.7902995720399429,0.35,0.66,79
random_forest,100,16,73,0.7902995720399429,0.41,0.66,76
random_forest,100,16,74,0.7902995720399429,0.41,0.8,83
random_forest,100,16,75,0.7902995720399429,0.39,0.78,81
random_forest,100,16,76,0.7902995720399429,0.48,0.86,74
random_forest,100,16,77,0.7902995720399429,0.42,0.72,80
random_forest,100,16,78,0.7902995720399429,0.37,0.66,80
random_forest,100,16,79,0.7902995720399429,0.43,0.76,83
random_forest,100,16,80,0.7902995720399429,0.35,0.71,80
random_forest,100,16,81,0.7902995720399429,0.53,0.93,83
random_forest,100,16,82,0.7902995720399429,0.47,0.91,76
random_forest,100,16,83,0.7902995720399429,0.37,0.48,76
random_forest,100,16,84,0.7902995720399429,0.36,0.61,74
random_forest,100,16,85,0.7902995720399429,0.42,0.73,73
random_forest,100,16,86,0.7902995720399429,0.47,0.78,80
random_forest,100,16,87,0.7902995720399429,0.36,0.74,79
random_forest,100,16,88,0.7902995720399429,0.46,0.97,84
random_forest,100,16,89,0.7902995720399429,0.39,0.74,77
random_forest,100,16,90,0.7902995720399429,0.38,0.73,74
random_forest,100,16,91,0.7902995720399429,0.47,0.71,80
random_forest,100,16,92,0.7902995720399429,0.44,0.86,73
random_forest,100,16,93,0.7902995720399429,0.42,0.8,77
random_forest,100,16,94,0.7902995720399429,0.45,0.91,81
random_forest,100,16,95,0.7902995720399429,0.44,0.75,76
random_forest,100,16,96,0.7902995720399429,0.39,0.71,82
random_forest,100,16,97,0.7902995720399429,0.41,0.68,79
random_forest,100,16,98,0.7902995720399429,0.5,0.88,79
random_forest,100,16,99,0.7902995720399429,0.39,0.65,73
random_forest,100,64,0,0.7902995720399429,0.8,2.79,82
random_forest,100,64,1,0.7902995720399429,0.72,3.07,83
random_forest,100,64,2,0.7902995720399429,0.78,3.01,81
random_forest,100,64,3,0.7902995720399429,0.77,3.46,81
random_forest,100,64,4,0.7902995720399429,0.66,2.98,78
random_forest,100,64,5,0.7902995720399429,0.63,2.64,70
random_forest,100,64,6,0.7902995720399429,0.71,2.62,73
random_forest,100,64,7,0.7902995720399429,0.69,2.7,76
random_forest,100,64,8,0.7902995720399429,0.75,2.94,80
random_forest,100,64,9,0.7902995720399429,0.6,2.8,70
random_forest,100,64,10,0.7902995720399429,0.7,2.69,77
random_forest,100,64,11,0.7902995720399429,0.72,3.77,80
random_forest,100,64,12,0.7902995720399429,0.68,3.02,81
random_forest,100,64,13,0.7902995720399429,0.75,2.86,82
random_forest,100,64,14,0.7902995720399429,0.68,3.3,78
random_forest,100,64,15,0.7902995720399429,0.72,2.72,84
random_forest,100,64,16,0.7902995720399429,0.64,2.78,71
random_forest,100,64,17,0.7902995720399429,0.65,2.78,73
random_forest,100,64,18,0.7902995720399429,0.74,3.0,79
random_forest,100,64,19,0.7902995720399429,0.7,3.41,80
random_forest,100,64,20,0.7902995720399429,0.65,2.44,74
random_forest,100,64,21,0.7902995720399429,0.74,3.39,82
random_forest,100,64,22,0.7902995720399429,0.75,3.9,83
random_forest,100,64,23,0.7902995720399429,0.65,3.26,75
random_forest,100,64,24,0.7902995720399429,0.71,2.95,78
random_forest,100,64,25,0.7902995720399429,0.77,2.66,80
random_forest,100,64,26,0.7902995720399429,0.74,2.77,82
random_forest,100,64,27,0.7902995720399429,0.79,3.68,83
random_forest,100,64,28,0.7902995720399429,0.76,4.01,81
random_forest,100,64,29,0.7902995720399429,0.73,2.73,85
random_forest,100,64,30,0.7902995720399429,0.72,2.54,78
random_forest,100,64,31,0.7902995720399429,0.71,2.9,77
random_forest,100,64,32,0.7902995720399429,0.67,2.47,76
random_forest,100,64,33,0.7902995720399429,0.59,2.33,69
random_forest,100,64,34,0.7902995720399429,0.79,2.88,84
random_forest,100,64,35,0.7902995720399429,0.68,3.58,75
random_forest,100,64,36,0.7902995720399429,0.73,3.09,81
random_forest,100,64,37,0.7902995720399429,0.75,3.48,78
random_forest,100,64,38,0.7902995720399429,0.76,2.9,83
random_forest,100,64,39,0.7902995720399429,0.74,3.3,80
random_forest,100,64,40,0.7902995720399429,0.69,3.88,76
random_forest,100,64,41,0.7902995720399429,0.68,3.05,72
random_forest,100,64,42,0.7902995720399429,0.73,3.53,84
random_forest,100,64,43,0.7902995720399429,0.76,3.33,82
random_forest,100,64,44,0.7902995720399429,0.68,3.24,73
random_forest,100,64,45,0.7902995720399429,0.67,2.59,75
random_forest,100,64,46,0.7902995720399429,0.63,2.84,73
random_forest,100,64,47,0.7902995720399429,0.71,3.16,77
random_forest,100,64,48,0.7902995720399429,0.73,2.89,82
random_forest,100,64,49,0.7902995720399429,0.73,3.13,82
random_forest,100,64,50,0.7902995720399429,0.63,2.83,71
random_forest,100,64,51,0.7902995720399429,0.75,3.19,81
random_forest,100,64,52,0.7902995720399429,0.7,3.21,83
random_forest,100,64,53,0.7902995720399429,0.71,3.28,80
random_forest,100,64,54,0.7902995720399429,0.65,3.04,74
random_forest,100,64,55,0.7902995720399429,0.68,2.92,79
random_forest,100,64,56,0.7902995720399429,0.67,2.63,78
random_forest,100,64,57,0.7902995720399429,0.72,3.7,79
random_forest,100,64,58,0.7902995720399429,0.75,3.17,82
random_forest,100,64,59,0.7902995720399429,0.73,2.91,84
random_forest,100,64,60,0.7902995720399429,0.63,2.79,72
random_forest,100,64,61,0.7902995720399429,0.75,2.79,80
random_forest,100,64,62,0.7902995720399429,0.76,3.3,82
random_forest,100,64,63,0.7902995720399429,0.74,2.98,80
random_forest,100,64,64,0.7902995720399429,0.72,2.59,80
random_forest,100,64,65,0.7902995720399429,0.72,3.12,79
random_forest,100,64,66,0.7902995720399429,0.7,3.11,75
random_forest,100,64,67,0.7902995720399429,0.69,3.03,77
random_forest,100,64,68,0.7902995720399429,0.64,3.18,72
random_forest,100,64,69,0.7902995720399429,0.76,3.25,82
random_forest,100,64,70,0.7902995720399429,0.74,3.35,82
random_forest,100,64,71,0.7902995720399429,0.73,3.01,81
random_forest,100,64,72,0.7902995720399429,0.71,2.8,79
random_forest,100,64,73,0.7902995720399429,0.81,3.71,84
random_forest,100,64,74,0.7902995720399429,0.74,3.29,82
random_forest,100,64,75,0.7902995720399429,0.77,4.06,85
random_forest,100,64,76,0.7902995720399429,0.73,3.02,80
random_forest,100,64,77,0.7902995720399429,0.68,2.67,78
random_forest,100,64,78,0.7902995720399429,0.67,2.81,77
random_forest,100,64,79,0.7902995720399429,0.74,3.12,85
random_forest,100,64,80,0.7902995720399429,0.73,2.78,79
random_forest,100,64,81,0.7902995720399429,0.74,3.69,82
random_forest,100,64,82,0.7902995720399429,0.65,2.23,74
random_forest,100,64,83,0.7902995720399429,0.71,2.56,75
random_forest,100,64,84,0.7902995720399429,0.64,3.12,73
random_forest,100,64,85,0.7902995720399429,0.73,3.33,83
random_forest,100,64,86,0.7902995720399429,0.67,2.89,77
random_forest,100,64,87,0.7902995720399429,0.66,2.92,77
random_forest,100,64,88,0.7902995720399429,0.68,2.65,79
random_forest,100,64,89,0.7902995720399429,0.7,2.81,78
random_forest,100,64,90,0.7902995720399429,0.77,3.28,80
random_forest,100,64,91,0.7902995720399429,0.62,3.07,71
random_forest,100,64,92,0.7902995720399429,0.75,3.94,78
random_forest,100,64,93,0.7902995720399429,0.66,2.58,77
random_forest,100,64,94,0.7902995720399429,0.65,2.26,77
random_forest,100,64,95,0.7902995720399429,0.7,2.72,81
random_forest,100,64,96,0.7902995720399429,0.76,3.43,84
random_forest,100,64,97,0.7902995720399429,0.74,2.75,77
random_forest,100,64,98,0.7902995720399429,0.74,3.8,81
random_forest,100,64,99,0.7902995720399429,0.69,2.65,74
random_forest,100,98,0,0.7902995720399429,0.79,4.23,79
random_forest,100,98,1,0.7902995720399429,0.78,4.7,78
random_forest,100,98,2,0.7902995720399429,0.75,4.34,75
random_forest,100,98,3,0.7902995720399429,0.8,5.16,80
random_forest,100,98,4,0.7902995720399429,0.82,4.77,82
random_forest,100,98,5,0.7902995720399429,0.85,5.71,85
random_forest,100,98,6,0.7902995720399429,0.74,5.31,74
random_forest,100,98,7,0.7902995720399429,0.9,3.88,90
random_forest,100,98,8,0.7902995720399429,0.88,5.12,88
random_forest,100,98,9,0.7902995720399429,0.8,4.85,80
random_forest,100,98,10,0.7902995720399429,0.8,3.72,80
random_forest,100,98,11,0.7902995720399429,0.7,4.07,70
random_forest,100,98,12,0.7902995720399429,0.85,4.26,85
random_forest,100,98,13,0.7902995720399429,0.79,4.35,79
random_forest,100,98,14,0.7902995720399429,0.83,5.1,83
random_forest,100,98,15,0.7902995720399429,0.85,4.85,85
random_forest,100,98,16,0.7902995720399429,0.8,5.28,80
random_forest,100,98,17,0.7902995720399429,0.72,4.92,72
random_forest,100,98,18,0.7902995720399429,0.77,5.01,77
random_forest,100,98,19,0.7902995720399429,0.83,4.71,83
random_forest,100,98,20,0.7902995720399429,0.85,4.53,85
random_forest,100,98,21,0.7902995720399429,0.74,5.03,74
random_forest,100,98,22,0.7902995720399429,0.77,4.36,77
random_forest,100,98,23,0.7902995720399429,0.72,4.35,72
random_forest,100,98,24,0.7902995720399429,0.8,5.96,80
random_forest,100,98,25,0.7902995720399429,0.69,4.54,69
random_forest,100,98,26,0.7902995720399429,0.82,4.35,82
random_forest,100,98,27,0.7902995720399429,0.71,4.19,71
random_forest,100,98,28,0.7902995720399429,0.84,4.52,84
random_forest,100,98,29,0.7902995720399429,0.81,5.0,81
random_forest,100,98,30,0.7902995720399429,0.77,4.76,77
random_forest,100,98,31,0.7902995720399429,0.77,4.84,77
random_forest,100,98,32,0.7902995720399429,0.81,3.55,81
random_forest,100,98,33,0.7902995720399429,0.74,4.09,74
random_forest,100,98,34,0.7902995720399429,0.85,4.91,85
random_forest,100,98,35,0.7902995720399429,0.81,5.73,81
random_forest,100,98,36,0.7902995720399429,0.78,5.89,78
random_forest,100,98,37,0.7902995720399429,0.79,4.23,79
random_forest,100,98,38,0.7902995720399429,0.77,4.5,77
random_forest,100,98,39,0.7902995720399429,0.79,3.97,79
random_forest,100,98,40,0.7902995720399429,0.83,4.86,83
random_forest,100,98,41,0.7902995720399429,0.73,5.02,73
random_forest,100,98,42,0.7902995720399429,0.73,4.45,73
random_forest,100,98,43,0.7902995720399429,0.76,3.65,76
random_forest,100,98,44,0.7902995720399429,0.81,4.93,81
random_forest,100,98,45,0.7902995720399429,0.76,4.98,76
random_forest,100,98,46,0.7902995720399429,0.76,4.75,76
random_forest,100,98,47,0.7902995720399429,0.81,4.61,81
random_forest,100,98,48,0.7902995720399429,0.79,4.92,79
random_forest,100,98,49,0.7902995720399429,0.85,4.8,85
random_forest,100,98,50,0.7902995720399429,0.81,4.14,81
random_forest,100,98,51,0.7902995720399429,0.85,5.47,85
random_forest,100,98,52,0.7902995720399429,0.72,4.78,72
random_forest,100,98,53,0.7902995720399429,0.79,4.75,79
random_forest,100,98,54,0.7902995720399429,0.74,3.55,74
random_forest,100,98,55,0.7902995720399429,0.83,4.91,83
random_forest,100,98,56,0.7902995720399429,0.81,5.12,81
random_forest,100,98,57,0.7902995720399429,0.86,4.37,86
random_forest,100,98,58,0.7902995720399429,0.78,4.78,78
random_forest,100,98,59,0.7902995720399429,0.78,3.48,78
random_forest,100,98,60,0.7902995720399429,0.78,4.34,78
random_forest,100,98,61,0.7902995720399429,0.76,4.37,76
random_forest,100,98,62,0.7902995720399429,0.8,4.74,80
random_forest,100,98,63,0.7902995720399429,0.76,4.73,76
random_forest,100,98,64,0.7902995720399429,0.84,5.05,84
random_forest,100,98,65,0.7902995720399429,0.8,4.64,80
random_forest,100,98,66,0.7902995720399429,0.86,4.47,86
random_forest,100,98,67,0.7902995720399429,0.77,5.13,77
random_forest,100,98,68,0.7902995720399429,0.7,3.66,70
random_forest,100,98,69,0.7902995720399429,0.8,4.8,80
random_forest,100,98,70,0.7902995720399429,0.81,4.07,81
random_forest,100,98,71,0.7902995720399429,0.8,4.55,80
random_forest,100,98,72,0.7902995720399429,0.75,4.67,75
random_forest,100,98,73,0.7902995720399429,0.8,4.48,80
random_forest,100,98,74,0.7902995720399429,0.76,3.89,76
random_forest,100,98,75,0.7902995720399429,0.75,5.04,75
random_forest,100,98,76,0.7902995720399429,0.77,4.78,77
random_forest,100,98,77,0.7902995720399429,0.77,4.36,77
random_forest,100,98,78,0.7902995720399429,0.88,5.02,88
random_forest,100,98,79,0.7902995720399429,0.83,5.36,83
random_forest,100,98,80,0.7902995720399429,0.79,5.24,79
random_forest,100,98,81,0.7902995720399429,0.76,4.78,76
random_forest,100,98,82,0.7902995720399429,0.76,4.8,76
random_forest,100,98,83,0.7902995720399429,0.71,3.8,71
random_forest,100,98,84,0.7902995720399429,0.78,4.6,78
random_forest,100,98,85,0.7902995720399429,0.79,3.85,79
random_forest,100,98,86,0.7902995720399429,0.76,4.65,76
random_forest,100,98,87,0.7902995720399429,0.76,4.23,76
random_forest,100,98,88,0.7902995720399429,0.83,6.08,83
random_forest,100,98,89,0.7902995720399429,0.81,5.06,81
random_forest,100,98,90,0.7902995720399429,0.76,3.8,76
random_forest,100,98,91,0.7902995720399429,0.87,4.3,87
random_forest,100,98,92,0.7902995720399429,0.85,4.86,85
random_forest,100,98,93,0.7902995720399429,0.8,4.9,80
random_forest,100,98,94,0.7902995720399429,0.76,4.07,76
random_forest,100,98,95,0.7902995720399429,0.82,5.12,82
random_forest,100,98,96,0.7902995720399429,0.79,5.33,79
random_forest,100,98,97,0.7902995720399429,0.8,4.23,80
random_forest,100,98,98,0.7902995720399429,0.72,3.76,72
random_forest,100,98,99,0.7902995720399429,0.74,4.54,74
random_forest,500,1,0,0.7902995720399429,0.034,0.034,386
random_forest,500,1,1,0.7902995720399429,0.046,0.046,392
random_forest,500,1,2,0.7902995720399429,0.038,0.038,385
random_forest,500,1,3,0.7902995720399429,0.04,0.04,389
random_forest,500,1,4,0.7902995720399429,0.048,0.048,404
random_forest,500,1,5,0.7902995720399429,0.062,0.062,393
random_forest,500,1,6,0.7902995720399429,0.064,0.064,384
random_forest,500,1,7,0.7902995720399429,0.034,0.034,391
random_forest,500,1,8,0.7902995720399429,0.048,0.048,386
random_forest,500,1,9,0.7902995720399429,0.048,0.048,403
random_forest,500,1,10,0.7902995720399429,0.046,0.046,390
random_forest,500,1,11,0.7902995720399429,0.046,0.046,398
random_forest,500,1,12,0.7902995720399429,0.044,0.044,390
random_forest,500,1,13,0.7902995720399429,0.038,0.038,394
random_forest,500,1,14,0.7902995720399429,0.032,0.032,413
random_forest,500,1,15,0.7902995720399429,0.054,0.054,402
random_forest,500,1,16,0.7902995720399429,0.046,0.046,406
random_forest,500,1,17,0.7902995720399429,0.056,0.056,391
random_forest,500,1,18,0.7902995720399429,0.044,0.044,396
random_forest,500,1,19,0.7902995720399429,0.034,0.034,401
random_forest,500,1,20,0.7902995720399429,0.07,0.07,402
random_forest,500,1,21,0.7902995720399429,0.046,0.046,404
random_forest,500,1,22,0.7902995720399429,0.048,0.048,385
random_forest,500,1,23,0.7902995720399429,0.056,0.056,400
random_forest,500,1,24,0.7902995720399429,0.044,0.044,403
random_forest,500,1,25,0.7902995720399429,0.062,0.062,396
random_forest,500,1,26,0.7902995720399429,0.034,0.034,387
random_forest,500,1,27,0.7902995720399429,0.054,0.054,386
random_forest,500,1,28,0.7902995720399429,0.05,0.05,405
random_forest,500,1,29,0.7902995720399429,0.054,0.054,395
random_forest,500,1,30,0.7902995720399429,0.05,0.05,418
random_forest,500,1,31,0.7902995720399429,0.034,0.034,394
random_forest,500,1,32,0.7902995720399429,0.046,0.046,399
random_forest,500,1,33,0.7902995720399429,0.042,0.042,415
random_forest,500,1,34,0.7902995720399429,0.058,0.058,380
random_forest,500,1,35,0.7902995720399429,0.058,0.058,404
random_forest,500,1,36,0.7902995720399429,0.062,0.062,381
random_forest,500,1,37,0.7902995720399429,0.04,0.04,388
random_forest,500,1,38,0.7902995720399429,0.04,0.04,372
random_forest,500,1,39,0.7902995720399429,0.078,0.078,383
random_forest,500,1,40,0.7902995720399429,0.04,0.04,386
random_forest,500,1,41,0.7902995720399429,0.04,0.04,408
random_forest,500,1,42,0.7902995720399429,0.042,0.042,391
random_forest,500,1,43,0.7902995720399429,0.028,0.028,393
random_forest,500,1,44,0.7902995720399429,0.044,0.044,390
random_forest,500,1,45,0.7902995720399429,0.046,0.046,393
random_forest,500,1,46,0.7902995720399429,0.042,0.042,387
random_forest,500,1,47,0.7902995720399429,0.038,0.038,401
random_forest,500,1,48,0.7902995720399429,0.034,0.034,389
random_forest,500,1,49,0.7902995720399429,0.044,0.044,389
random_forest,500,1,50,0.7902995720399429,0.032,0.032,384
random_forest,500,1,51,0.7902995720399429,0.044,0.044,395
random_forest,500,1,52,0.7902995720399429,0.026,0.026,388
random_forest,500,1,53,0.7902995720399429,0.054,0.054,404
random_forest,500,1,54,0.7902995720399429,0.044,0.044,391
random_forest,500,1,55,0.7902995720399429,0.042,0.042,397
random_forest,500,1,56,0.7902995720399429,0.05,0.05,386
random_forest,500,1,57,0.7902995720399429,0.036,0.036,403
random_forest,500,1,58,0.7902995720399429,0.05,0.05,392
random_forest,500,1,59,0.7902995720399429,0.054,0.054,381
random_forest,500,1,60,0.7902995720399429,0.046,0.046,389
random_forest,500,1,61,0.7902995720399429,0.044,0.044,405
random_forest,500,1,62,0.7902995720399429,0.04,0.04,385
random_forest,500,1,63,0.7902995720399429,0.07,0.07,399
random_forest,500,1,64,0.7902995720399429,0.044,0.044,396
random_forest,500,1,65,0.7902995720399429,0.056,0.056,385
random_forest,500,1,66,0.7902995720399429,0.052,0.052,413
random_forest,500,1,67,0.7902995720399429,0.038,0.038,396
random_forest,500,1,68,0.7902995720399429,0.042,0.042,404
random_forest,500,1,69,0.7902995720399429,0.034,0.034,389
random_forest,500,1,70,0.7902995720399429,0.036,0.036,393
random_forest,500,1,71,0.7902995720399429,0.05,0.05,401
random_forest,500,1,72,0.7902995720399429,0.046,0.046,397
random_forest,500,1,73,0.7902995720399429,0.042,0.042,409
random_forest,500,1,74,0.7902995720399429,0.062,0.062,404
random_forest,500,1,75,0.7902995720399429,0.042,0.042,394
random_forest,500,1,76,0.7902995720399429,0.05,0.05,405
random_forest,500,1,77,0.7902995720399429,0.054,0.054,387
random_forest,500,1,78,0.7902995720399429,0.05,0.05,384
random_forest,500,1,79,0.7902995720399429,0.038,0.038,385
random_forest,500,1,80,0.7902995720399429,0.04,0.04,399
random_forest,500,1,81,0.7902995720399429,0.046,0.046,388
random_forest,500,1,82,0.7902995720399429,0.052,0.052,376
random_forest,500,1,83,0.7902995720399429,0.052,0.052,397
random_forest,500,1,84,0.7902995720399429,0.046,0.046,420
random_forest,500,1,85,0.7902995720399429,0.046,0.046,389
random_forest,500,1,86,0.7902995720399429,0.05,0.05,396
random_forest,500,1,87,0.7902995720399429,0.048,0.048,398
random_forest,500,1,88,0.7902995720399429,0.048,0.048,399
random_forest,500,1,89,0.7902995720399429,0.05,0.05,391
random_forest,500,1,90,0.7902995720399429,0.058,0.058,400
random_forest,500,1,91,0.7902995720399429,0.048,0.048,386
random_forest,500,1,92,0.7902995720399429,0.042,0.042,395
random_forest,500,1,93,0.7902995720399429,0.058,0.058,411
random_forest,500,1,94,0.7902995720399429,0.062,0.062,402
random_forest,500,1,95,0.7902995720399429,0.034,0.034,398
random_forest,500,1,96,0.7902995720399429,0.04,0.04,415
random_forest,500,1,97,0.7902995720399429,0.062,0.062,402
random_forest,500,1,98,0.7902995720399429,0.044,0.044,382
random_forest,500,1,99,0.7902995720399429,0.038,0.038,397
random_forest,500,4,0,0.7902995720399429,0.176,0.214,388
random_forest,500,4,1,0.7902995720399429,0.152,0.176,387
random_forest,500,4,2,0.7902995720399429,0.188,0.23,388
random_forest,500,4,3,0.7902995720399429,0.2,0.244,406
random_forest,500,4,4,0.7902995720399429,0.152,0.202,384
random_forest,500,4,5,0.7902995720399429,0.15,0.184,403
random_forest,500,4,6,0.7902995720399429,0.166,0.19,400
random_forest,500,4,7,0.7902995720399429,0.194,0.226,395
random_forest,500,4,8,0.7902995720399429,0.15,0.174,396
random_forest,500,4,9,0.7902995720399429,0.134,0.156,393
random_forest,500,4,10,0.7902995720399429,0.158,0.184,396
random_forest,500,4,11,0.7902995720399429,0.196,0.224,404
random_forest,500,4,12,0.7902995720399429,0.16,0.192,371
random_forest,500,4,13,0.7902995720399429,0.168,0.206,389
random_forest,500,4,14,0.7902995720399429,0.168,0.192,392
random_forest,500,4,15,0.7902995720399429,0.22,0.264,407
random_forest,500,4,16,0.7902995720399429,0.182,0.218,387
random_forest,500,4,17,0.7902995720399429,0.216,0.244,399
random_forest,500,4,18,0.7902995720399429,0.154,0.19,385
random_forest,500,4,19,0.7902995720399429,0.166,0.198,392
random_forest,500,4,20,0.7902995720399429,0.114,0.138,395
random_forest,500,4,21,0.7902995720399429,0.148,0.168,394
random_forest,500,4,22,0.7902995720399429,0.166,0.198,413
random_forest,500,4,23,0.7902995720399429,0.19,0.234,403
random_forest,500,4,24,0.7902995720399429,0.138,0.158,387
random_forest,500,4,25,0.7902995720399429,0.144,0.164,394
random_forest,500,4,26,0.7902995720399429,0.154,0.178,411
random_forest,500,4,27,0.7902995720399429,0.16,0.198,403
random_forest,500,4,28,0.7902995720399429,0.174,0.202,391
random_forest,500,4,29,0.7902995720399429,0.168,0.198,394
random_forest,500,4,30,0.7902995720399429,0.162,0.18,412
random_forest,500,4,31,0.7902995720399429,0.142,0.154,397
random_forest,500,4,32,0.7902995720399429,0.168,0.204,402
random_forest,500,4,33,0.7902995720399429,0.178,0.204,389
random_forest,500,4,34,0.7902995720399429,0.166,0.188,411
random_forest,500,4,35,0.7902995720399429,0.148,0.17,389
random_forest,500,4,36,0.7902995720399429,0.154,0.168,398
random_forest,500,4,37,0.7902995720399429,0.166,0.204,406
random_forest,500,4,38,0.7902995720399429,0.162,0.186,395
random_forest,500,4,39,0.7902995720399429,0.154,0.194,399
random_forest,500,4,40,0.7902995720399429,0.192,0.226,399
random_forest,500,4,41,0.7902995720399429,0.164,0.212,403
random_forest,500,4,42,0.7902995720399429,0.158,0.182,390
random_forest,500,4,43,0.7902995720399429,0.16,0.192,406
random_forest,500,4,44,0.7902995720399429,0.146,0.176,382
random_forest,500,4,45,0.7902995720399429,0.17,0.208,397
random_forest,500,4,46,0.7902995720399429,0.16,0.186,397
random_forest,500,4,47,0.7902995720399429,0.194,0.23,409
random_forest,500,4,48,0.7902995720399429,0.17,0.196,372
random_forest,500,4,49,0.7902995720399429,0.174,0.204,393
random_forest,500,4,50,0.7902995720399429,0.162,0.186,403
random_forest,500,4,51,0.7902995720399429,0.158,0.198,402
random_forest,500,4,52,0.7902995720399429,0.14,0.154,383
random_forest,500,4,53,0.7902995720399429,0.15,0.164,394
random_forest,500,4,54,0.7902995720399429,0.172,0.204,385
random_forest,500,4,55,0.7902995720399429,0.18,0.234,395
random_forest,500,4,56,0.7902995720399429,0.17,0.188,385
random_forest,500,4,57,0.7902995720399429,0.116,0.128,408
random_forest,500,4,58,0.7902995720399429,0.184,0.232,396
random_forest,500,4,59,0.7902995720399429,0.166,0.194,396
random_forest,500,4,60,0.7902995720399429,0.156,0.186,379
random_forest,500,4,61,0.7902995720399429,0.184,0.208,388
random_forest,500,4,62,0.7902995720399429,0.172,0.194,385
random_forest,500,4,63,0.7902995720399429,0.16,0.198,405
random_forest,500,4,64,0.7902995720399429,0.178,0.208,393
random_forest,500,4,65,0.7902995720399429,0.124,0.146,403
random_forest,500,4,66,0.7902995720399429,0.156,0.186,392
random_forest,500,4,67,0.7902995720399429,0.16,0.204,394
random_forest,500,4,68,0.7902995720399429,0.172,0.19,401
random_forest,500,4,69,0.7902995720399429,0.156,0.18,373
random_forest,500,4,70,0.7902995720399429,0.144,0.168,405
random_forest,500,4,71,0.7902995720399429,0.156,0.2,383
random_forest,500,4,72,0.7902995720399429,0.134,0.156,396
random_forest,500,4,73,0.7902995720399429,0.152,0.178,387
random_forest,500,4,74,0.7902995720399429,0.146,0.18,389
random_forest,500,4,75,0.7902995720399429,0.156,0.194,405
random_forest,500,4,76,0.7902995720399429,0.178,0.204,398
random_forest,500,4,77,0.7902995720399429,0.168,0.182,394
random_forest,500,4,78,0.7902995720399429,0.162,0.194,390
random_forest,500,4,79,0.7902995720399429,0.156,0.198,392
random_forest,500,4,80,0.7902995720399429,0.136,0.164,394
random_forest,500,4,81,0.7902995720399429,0.168,0.214,389
random_forest,500,4,82,0.7902995720399429,0.168,0.196,395
random_forest,500,4,83,0.7902995720399429,0.172,0.206,391
random_forest,500,4,84,0.7902995720399429,0.166,0.204,406
random_forest,500,4,85,0.7902995720399429,0.188,0.232,399
random_forest,500,4,86,0.7902995720399429,0.148,0.182,395
random_forest,500,4,87,0.7902995720399429,0.146,0.184,390
random_forest,500,4,88,0.7902995720399429,0.182,0.204,398
random_forest,500,4,89,0.7902995720399429,0.166,0.19,401
random_forest,500,4,90,0.7902995720399429,0.144,0.172,393
random_forest,500,4,91,0.7902995720399429,0.176,0.204,393
random_forest,500,4,92,0.7902995720399429,0.15,0.178,409
random_forest,500,4,93,0.7902995720399429,0.18,0.214,402
random_forest,500,4,94,0.7902995720399429,0.174,0.212,386
random_forest,500,4,95,0.7902995720399429,0.166,0.2,401
random_forest,500,4,96,0.7902995720399429,0.148,0.17,397
random_forest,500,4,97,0.7902995720399429,0.142,0.164,384
random_forest,500,4,98,0.7902995720399429,0.16,0.18,398
random_forest,500,4,99,0.7902995720399429,0.16,0.2,392
random_forest,500,16,0,0.7902995720399429,0.396,0.736,390
random_forest,500,16,1,0.7902995720399429,0.37,0.69,393
random_forest,500,16,2,0.7902995720399429,0.406,0.778,399
random_forest,500,16,3,0.7902995720399429,0.456,0.85,391
random_forest,500,16,4,0.7902995720399429,0.416,0.798,382
random_forest,500,16,5,0.7902995720399429,0.424,0.7,402
random_forest,500,16,6,0.7902995720399429,0.406,0.808,391
random_forest,500,16,7,0.7902995720399429,0.42,0.702,385
random_forest,500,16,8,0.7902995720399429,0.446,0.85,396
random_forest,500,16,9,0.7902995720399429,0.414,0.712,398
random_forest,500,16,10,0.7902995720399429,0.42,0.806,386
random_forest,500,16,11,0.7902995720399429,0.46,0.868,418
random_forest,500,16,12,0.7902995720399429,0.416,0.706,386
random_forest,500,16,13,0.7902995720399429,0.396,0.73,386
random_forest,500,16,14,0.7902995720399429,0.39,0.764,392
random_forest,500,16,15,0.7902995720399429,0.42,0.818,404
random_forest,500,16,16,0.7902995720399429,0.428,0.72,401
random_forest,500,16,17,0.7902995720399429,0.426,0.768,386
random_forest,500,16,18,0.7902995720399429,0.396,0.786,400
random_forest,500,16,19,0.7902995720399429,0.404,0.78,386
random_forest,500,16,20,0.7902995720399429,0.392,0.774,405
random_forest,500,16,21,0.7902995720399429,0.41,0.75,392
random_forest,500,16,22,0.7902995720399429,0.382,0.712,397
random_forest,500,16,23,0.7902995720399429,0.368,0.638,393
random_forest,500,16,24,0.7902995720399429,0.396,0.712,395
random_forest,500,16,25,0.7902995720399429,0.422,0.762,395
random_forest,500,16,26,0.7902995720399429,0.426,0.816,403
random_forest,500,16,27,0.7902995720399429,0.434,0.896,396
random_forest,500,16,28,0.7902995720399429,0.398,0.714,390
random_forest,500,16,29,0.7902995720399429,0.44,0.826,388
random_forest,500,16,30,0.7902995720399429,0.416,0.786,400
random_forest,500,16,31,0.7902995720399429,0.386,0.676,393
random_forest,500,16,32,0.7902995720399429,0.422,0.736,405
random_forest,500,16,33,0.7902995720399429,0.422,0.794,391
random_forest,500,16,34,0.7902995720399429,0.406,0.71,369
random_forest,500,16,35,0.7902995720399429,0.4,0.83,399
random_forest,500,16,36,0.7902995720399429,0.43,0.768,408
random_forest,500,16,37,0.7902995720399429,0.426,0.716,392
random_forest,500,16,38,0.7902995720399429,0.454,0.868,397
random_forest,500,16,39,0.7902995720399429,0.428,0.814,387
random_forest,500,16,40,0.7902995720399429,0.406,0.762,395
random_forest,500,16,41,0.7902995720399429,0.438,0.842,400
random_forest,500,16,42,0.7902995720399429,0.414,0.752,404
random_forest,500,16,43,0.7902995720399429,0.394,0.774,396
random_forest,500,16,44,0.7902995720399429,0.39,0.682,391
random_forest,500,16,45,0.7902995720399429,0.418,0.71,404
random_forest,500,16,46,0.7902995720399429,0.432,0.772,403
random_forest,500,16,47,0.7902995720399429,0.402,0.702,382
random_forest,500,16,48,0.7902995720399429,0.41,0.744,403
random_forest,500,16,49,0.7902995720399429,0.4,0.742,391
random_forest,500,16,50,0.7902995720399429,0.426,0.758,407
random_forest,500,16,51,0.7902995720399429,0.4,0.75,391
random_forest,500,16,52,0.7902995720399429,0.406,0.814,395
random_forest,500,16,53,0.7902995720399429,0.432,0.746,409
random_forest,500,16,54,0.7902995720399429,0.43,0.816,386
random_forest,500,16,55,0.7902995720399429,0.414,0.82,399
random_forest,500,16,56,0.7902995720399429,0.41,0.732,403
random_forest,500,16,57,0.7902995720399429,0.402,0.704,394
random_forest,500,16,58,0.7902995720399429,0.456,0.924,396
random_forest,500,16,59,0.7902995720399429,0.396,0.724,400
random_forest,500,16,60,0.7902995720399429,0.446,0.846,417
random_forest,500,16,61,0.7902995720399429,0.44,0.736,402
random_forest,500,16,62,0.7902995720399429,0.426,0.764,408
random_forest,500,16,63,0.7902995720399429,0.358,0.704,375
random_forest,500,16,64,0.7902995720399429,0.394,0.688,401
random_forest,500,16,65,0.7902995720399429,0.438,0.806,391
random_forest,500,16,66,0.7902995720399429,0.412,0.784,392
random_forest,500,16,67,0.7902995720399429,0.376,0.72,399
random_forest,500,16,68,0.7902995720399429,0.42,0.704,404
random_forest,500,16,69,0.7902995720399429,0.42,0.808,400
random_forest,500,16,70,0.7902995720399429,0.38,0.682,393
random_forest,500,16,71,0.7902995720399429,0.408,0.786,395
random_forest,500,16,72,0.7902995720399429,0.39,0.708,388
random_forest,500,16,73,0.7902995720399429,0.414,0.77,398
random_forest,500,16,74,0.7902995720399429,0.428,0.746,387
random_forest,500,16,75,0.7902995720399429,0.438,0.788,391
random_forest,500,16,76,0.7902995720399429,0.39,0.816,396
random_forest,500,16,77,0.7902995720399429,0.408,0.82,397
random_forest,500,16,78,0.7902995720399429,0.388,0.816,397
random_forest,500,16,79,0.7902995720399429,0.428,0.842,399
random_forest,500,16,80,0.7902995720399429,0.414,0.732,390
random_forest,500,16,81,0.7902995720399429,0.41,0.82,392
random_forest,500,16,82,0.7902995720399429,0.372,0.644,398
random_forest,500,16,83,0.7902995720399429,0.388,0.742,398
random_forest,500,16,84,0.7902995720399429,0.494,0.918,397
random_forest,500,16,85,0.7902995720399429,0.416,0.798,406
random_forest,500,16,86,0.7902995720399429,0.41,0.726,400
random_forest,500,16,87,0.7902995720399429,0.44,0.906,404
random_forest,500,16,88,0.7902995720399429,0.446,0.808,385
random_forest,500,16,89,0.7902995720399429,0.416,0.814,392
random_forest,500,16,90,0.7902995720399429,0.384,0.684,405
random_forest,500,16,91,0.7902995720399429,0.39,0.754,401
random_forest,500,16,92,0.7902995720399429,0.428,0.79,390
random_forest,500,16,93,0.7902995720399429,0.408,0.808,385
random_forest,500,16,94,0.7902995720399429,0.408,0.752,393
random_forest,500,16,95,0.7902995720399429,0.424,0.728,388
random_forest,500,16,96,0.7902995720399429,0.398,0.782,388
random_forest,500,16,97,0.7902995720399429,0.41,0.776,400
random_forest,500,16,98,0.7902995720399429,0.452,0.82,405
random_forest,500,16,99,0.7902995720399429,0.39,0.76,386
random_forest,500,64,0,0.7902995720399429,0.692,2.8,383
random_forest,500,64,1,0.7902995720399429,0.7,3.262,391
random_forest,500,64,2,0.7902995720399429,0.712,3.264,388
random_forest,500,64,3,0.7902995720399429,0.696,3.176,399
random_forest,500,64,4,0.7902995720399429,0.7,3.502,382
random_forest,500,64,5,0.7902995720399429,0.734,3.29,409
random_forest,500,64,6,0.7902995720399429,0.732,3.262,392
random_forest,500,64,7,0.7902995720399429,0.768,3.226,410
random_forest,500,64,8,0.7902995720399429,0.724,3.08,404
random_forest,500,64,9,0.7902995720399429,0.73,3.104,401
random_forest,500,64,10,0.7902995720399429,0.71,3.112,386
random_forest,500,64,11,0.7902995720399429,0.722,3.158,398
random_forest,500,64,12,0.7902995720399429,0.73,3.324,393
random_forest,500,64,13,0.7902995720399429,0.754,3.422,414
random_forest,500,64,14,0.7902995720399429,0.688,2.754,383
random_forest,500,64,15,0.7902995720399429,0.714,2.868,393
random_forest,500,64,16,0.7902995720399429,0.746,3.192,401
random_forest,500,64,17,0.7902995720399429,0.718,3.342,396
random_forest,500,64,18,0.7902995720399429,0.706,3.098,392
random_forest,500,64,19,0.7902995720399429,0.728,3.258,394
random_forest,500,64,20,0.7902995720399429,0.734,3.14,396
random_forest,500,64,21,0.7902995720399429,0.732,2.954,412
random_forest,500,64,22,0.7902995720399429,0.728,3.246,400
random_forest,500,64,23,0.7902995720399429,0.682,2.748,385
random_forest,500,64,24,0.7902995720399429,0.73,3.238,409
random_forest,500,64,25,0.7902995720399429,0.7,2.816,389
random_forest,500,64,26,0.7902995720399429,0.716,3.254,403
random_forest,500,64,27,0.7902995720399429,0.73,2.938,401
random_forest,500,64,28,0.7902995720399429,0.686,3.064,385
random_forest,500,64,29,0.7902995720399429,0.698,2.942,391
random_forest,500,64,30,0.7902995720399429,0.712,3.4,393
random_forest,500,64,31,0.7902995720399429,0.714,3.352,390
random_forest,500,64,32,0.7902995720399429,0.732,2.906,401
random_forest,500,64,33,0.7902995720399429,0.744,3.024,400
random_forest,500,64,34,0.7902995720399429,0.694,3.05,386
random_forest,500,64,35,0.7902995720399429,0.738,3.07,402
random_forest,500,64,36,0.7902995720399429,0.688,2.722,383
random_forest,500,64,37,0.7902995720399429,0.736,3.304,392
random_forest,500,64,38,0.7902995720399429,0.704,2.818,408
random_forest,500,64,39,0.7902995720399429,0.686,2.984,384
random_forest,500,64,40,0.7902995720399429,0.716,3.06,395
random_forest,500,64,41,0.7902995720399429,0.736,3.356,394
random_forest,500,64,42,0.7902995720399429,0.694,2.978,385
random_forest,500,64,43,0.7902995720399429,0.698,3.074,392
random_forest,500,64,44,0.7902995720399429,0.726,2.864,399
random_forest,500,64,45,0.7902995720399429,0.756,3.228,408
random_forest,500,64,46,0.7902995720399429,0.702,2.8,395
random_forest,500,64,47,0.7902995720399429,0.688,2.938,371
random_forest,500,64,48,0.7902995720399429,0.698,3.236,392
random_forest,500,64,49,0.7902995720399429,0.726,3.182,412
random_forest,500,64,50,0.7902995720399429,0.73,3.118,405
random_forest,500,64,51,0.7902995720399429,0.698,3.04,397
random_forest,500,64,52,0.7902995720399429,0.714,3.106,400
random_forest,500,64,53,0.7902995720399429,0.694,3.016,406
random_forest,500,64,54,0.7902995720399429,0.73,3.202,400
random_forest,500,64,55,0.7902995720399429,0.684,2.804,390
random_forest,500,64,56,0.7902995720399429,0.698,2.85,400
random_forest,500,64,57,0.7902995720399429,0.668,3.036,367
random_forest,500,64,58,0.7902995720399429,0.676,2.678,383
random_forest,500,64,59,0.7902995720399429,0.704,3.012,393
random_forest,500,64,60,0.7902995720399429,0.744,3.316,412
random_forest,500,64,61,0.7902995720399429,0.716,2.928,396
random_forest,500,64,62,0.7902995720399429,0.702,2.846,387
random_forest,500,64,63,0.7902995720399429,0.666,3.042,384
random_forest,500,64,64,0.7902995720399429,0.738,3.132,407
random_forest,500,64,65,0.7902995720399429,0.69,3.016,379
random_forest,500,64,66,0.7902995720399429,0.714,3.044,394
random_forest,500,64,67,0.7902995720399429,0.712,3.124,387
random_forest,500,64,68,0.7902995720399429,0.682,2.822,384
random_forest,500,64,69,0.7902995720399429,0.682,2.906,389
random_forest,500,64,70,0.7902995720399429,0.688,2.718,389
random_forest,500,64,71,0.7902995720399429,0.71,2.824,395
random_forest,500,64,72,0.7902995720399429,0.742,3.158,406
random_forest,500,64,73,0.7902995720399429,0.734,2.976,396
random_forest,500,64,74,0.7902995720399429,0.69,3.032,385
random_forest,500,64,75,0.7902995720399429,0.738,2.986,407
random_forest,500,64,76,0.7902995720399429,0.71,2.926,401
random_forest,500,64,77,0.7902995720399429,0.696,3.036,383
random_forest,500,64,78,0.7902995720399429,0.718,3.072,397
random_forest,500,64,79,0.7902995720399429,0.712,3.212,389
random_forest,500,64,80,0.7902995720399429,0.72,3.1,390
random_forest,500,64,81,0.7902995720399429,0.726,3.05,404
random_forest,500,64,82,0.7902995720399429,0.718,3.354,398
random_forest,500,64,83,0.7902995720399429,0.734,3.154,408
random_forest,500,64,84,0.7902995720399429,0.726,3.092,402
random_forest,500,64,85,0.7902995720399429,0.72,3.19,400
random_forest,500,64,86,0.7902995720399429,0.748,3.394,404
random_forest,500,64,87,0.7902995720399429,0.738,3.124,408
random_forest,500,64,88,0.7902995720399429,0.722,3.36,403
random_forest,500,64,89,0.7902995720399429,0.728,3.318,401
random_forest,500,64,90,0.7902995720399429,0.714,2.856,405
random_forest,500,64,91,0.7902995720399429,0.702,2.75,402
random_forest,500,64,92,0.7902995720399429,0.744,3.406,399
random_forest,500,64,93,0.7902995720399429,0.748,3.292,407
random_forest,500,64,94,0.7902995720399429,0.698,3.138,381
random_forest,500,64,95,0.7902995720399429,0.724,2.974,399
random_forest,500,64,96,0.7902995720399429,0.736,3.268,410
random_forest,500,64,97,0.7902995720399429,0.662,2.68,386
random_forest,500,64,98,0.7902995720399429,0.728,3.044,397
random_forest,500,64,99,0.7902995720399429,0.698,2.808,391
random_forest,500,98,0,0.7902995720399429,0.802,4.67,401
random_forest,500,98,1,0.7902995720399429,0.772,4.556,386
random_forest,500,98,2,0.7902995720399429,0.8,4.272,400
random_forest,500,98,3,0.7902995720399429,0.78,4.548,390
random_forest,500,98,4,0.7902995720399429,0.766,4.51,383
random_forest,500,98,5,0.7902995720399429,0.79,4.398,395
random_forest,500,98,6,0.7902995720399429,0.796,4.896,398
random_forest,500,98,7,0.7902995720399429,0.81,4.51,405
random_forest,500,98,8,0.7902995720399429,0.794,4.756,397
random_forest,500,98,9,0.7902995720399429,0.778,4.652,389
random_forest,500,98,10,0.7902995720399429,0.794,4.734,397
random_forest,500,98,11,0.7902995720399429,0.742,4.128,371
random_forest,500,98,12,0.7902995720399429,0.806,4.978,403
random_forest,500,98,13,0.7902995720399429,0.804,4.528,402
random_forest,500,98,14,0.7902995720399429,0.79,4.174,395
random_forest,500,98,15,0.7902995720399429,0.802,4.494,401
random_forest,500,98,16,0.7902995720399429,0.75,4.548,375
random_forest,500,98,17,0.7902995720399429,0.816,4.97,408
random_forest,500,98,18,0.7902995720399429,0.794,5.03,397
random_forest,500,98,19,0.7902995720399429,0.778,4.94,389
random_forest,500,98,20,0.7902995720399429,0.788,4.83,394
random_forest,500,98,21,0.7902995720399429,0.798,4.36,399
random_forest,500,98,22,0.7902995720399429,0.778,4.32,389
random_forest,500,98,23,0.7902995720399429,0.804,4.986,402
random_forest,500,98,24,0.7902995720399429,0.82,5.024,410
random_forest,500,98,25,0.7902995720399429,0.796,4.216,398
random_forest,500,98,26,0.7902995720399429,0.772,4.286,386
random_forest,500,98,27,0.7902995720399429,0.792,4.698,396
random_forest,500,98,28,0.7902995720399429,0.796,4.466,398
random_forest,500,98,29,0.7902995720399429,0.784,5.058,392
random_forest,500,98,30,0.7902995720399429,0.792,4.544,396
random_forest,500,98,31,0.7902995720399429,0.772,4.314,386
random_forest,500,98,32,0.7902995720399429,0.772,4.128,386
random_forest,500,98,33,0.7902995720399429,0.798,5.054,399
random_forest,500,98,34,0.7902995720399429,0.77,4.436,385
random_forest,500,98,35,0.7902995720399429,0.816,4.942,408
random_forest,500,98,36,0.7902995720399429,0.788,4.13,394
random_forest,500,98,37,0.7902995720399429,0.782,4.382,391
random_forest,500,98,38,0.7902995720399429,0.782,4.83,391
random_forest,500,98,39,0.7902995720399429,0.814,5.094,407
random_forest,500,98,40,0.7902995720399429,0.774,4.458,387
random_forest,500,98,41,0.7902995720399429,0.82,4.756,410
random_forest,500,98,42,0.7902995720399429,0.794,4.45,397
random_forest,500,98,43,0.7902995720399429,0.784,4.338,392
random_forest,500,98,44,0.7902995720399429,0.788,4.58,394
random_forest,500,98,45,0.7902995720399429,0.82,4.76,410
random_forest,500,98,46,0.7902995720399429,0.79,4.692,395
random_forest,500,98,47,0.7902995720399429,0.802,4.73,401
random_forest,500,98,48,0.7902995720399429,0.82,4.528,410
random_forest,500,98,49,0.7902995720399429,0.786,4.71,393
random_forest,500,98,50,0.7902995720399429,0.79,4.304,395
random_forest,500,98,51,0.7902995720399429,0.832,4.952,416
random_forest,500,98,52,0.7902995720399429,0.794,4.974,397
random_forest,500,98,53,0.7902995720399429,0.788,4.27,394
random_forest,500,98,54,0.7902995720399429,0.784,4.54,392
random_forest,500,98,55,0.7902995720399429,0.782,5.002,391
random_forest,500,98,56,0.7902995720399429,0.768,4.542,384
random_forest,500,98,57,0.7902995720399429,0.772,4.576,386
random_forest,500,98,58,0.7902995720399429,0.78,4.994,390
random_forest,500,98,59,0.7902995720399429,0.772,4.606,386
random_forest,500,98,60,0.7902995720399429,0.79,4.898,395
random_forest,500,98,61,0.7902995720399429,0.812,4.696,406
random_forest,500,98,62,0.7902995720399429,0.784,4.358,392
random_forest,500,98,63,0.7902995720399429,0.77,4.85,385
random_forest,500,98,64,0.7902995720399429,0.818,4.236,409
random_forest,500,98,65,0.7902995720399429,0.758,4.382,379
random_forest,500,98,66,0.7902995720399429,0.81,4.656,405
random_forest,500,98,67,0.7902995720399429,0.8,4.518,400
random_forest,500,98,68,0.7902995720399429,0.806,4.55,403
random_forest,500,98,69,0.7902995720399429,0.776,4.288,388
random_forest,500,98,70,0.7902995720399429,0.774,4.65,387
random_forest,500,98,71,0.7902995720399429,0.79,4.532,395
random_forest,500,98,72,0.7902995720399429,0.798,4.734,399
random_forest,500,98,73,0.7902995720399429,0.772,4.456,386
random_forest,500,98,74,0.7902995720399429,0.806,4.902,403
random_forest,500,98,75,0.7902995720399429,0.786,4.648,393
random_forest,500,98,76,0.7902995720399429,0.768,4.442,384
random_forest,500,98,77,0.7902995720399429,0.802,4.312,401
random_forest,500,98,78,0.7902995720399429,0.764,4.142,382
random_forest,500,98,79,0.7902995720399429,0.782,4.588,391
random_forest,500,98,80,0.7902995720399429,0.776,4.408,388
random_forest,500,98,81,0.7902995720399429,0.79,4.69,395
random_forest,500,98,82,0.7902995720399429,0.82,4.794,410
random_forest,500,98,83,0.7902995720399429,0.788,4.236,394
random_forest,500,98,84,0.7902995720399429,0.806,4.912,403
random_forest,500,98,85,0.7902995720399429,0.788,4.654,394
random_forest,500,98,86,0.7902995720399429,0.842,5.468,421
random_forest,500,98,87,0.7902995720399429,0.79,4.764,395
random_forest,500,98,88,0.7902995720399429,0.766,4.708,383
random_forest,500,98,89,0.7902995720399429,0.782,4.906,391
random_forest,500,98,90,0.7902995720399429,0.822,5.082,411
random_forest,500,98,91,0.7902995720399429,0.79,4.938,395
random_forest,500,98,92,0.7902995720399429,0.784,4.854,392
random_forest,500,98,93,0.7902995720399429,0.802,4.484,401
random_forest,500,98,94,0.7902995720399429,0.784,4.776,392
random_forest,500,98,95,0.7902995720399429,0.796,4.812,398
random_forest,500,98,96,0.7902995720399429,0.756,4.322,378
random_forest,500,98,97,0.7902995720399429,0.794,4.94,397
random_forest,500,98,98,0.7902995720399429,0.8,4.496,400
random_forest,500,98,99,0.7902995720399429,0.78,4.842,390
random_forest,2000,1,0,0.7902995720399429,0.0495,0.0495,1565
random_forest,2000,1,1,0.7902995720399429,0.0435,0.0435,1626
random_forest,2000,1,2,0.7902995720399429,0.056,0.056,1570
random_forest,2000,1,3,0.7902995720399429,0.047,0.047,1614
random_forest,2000,1,4,0.7902995720399429,0.042,0.042,1556
random_forest,2000,1,5,0.7902995720399429,0.0445,0.0445,1572
random_forest,2000,1,6,0.7902995720399429,0.045,0.045,1556
random_forest,2000,1,7,0.7902995720399429,0.048,0.048,1589
random_forest,2000,1,8,0.7902995720399429,0.041,0.041,1567
random_forest,2000,1,9,0.7902995720399429,0.041,0.041,1594
random_forest,2000,1,10,0.7902995720399429,0.0555,0.0555,1595
random_forest,2000,1,11,0.7902995720399429,0.044,0.044,1595
random_forest,2000,1,12,0.7902995720399429,0.0515,0.0515,1578
random_forest,2000,1,13,0.7902995720399429,0.0495,0.0495,1558
random_forest,2000,1,14,0.7902995720399429,0.046,0.046,1607
random_forest,2000,1,15,0.7902995720399429,0.047,0.047,1573
random_forest,2000,1,16,0.7902995720399429,0.047,0.047,1572
random_forest,2000,1,17,0.7902995720399429,0.0455,0.0455,1545
random_forest,2000,1,18,0.7902995720399429,0.044,0.044,1575
random_forest,2000,1,19,0.7902995720399429,0.037,0.037,1570
random_forest,2000,1,20,0.7902995720399429,0.0425,0.0425,1594
random_forest,2000,1,21,0.7902995720399429,0.044,0.044,1606
random_forest,2000,1,22,0.7902995720399429,0.047,0.047,1592
random_forest,2000,1,23,0.7902995720399429,0.045,0.045,1617
random_forest,2000,1,24,0.7902995720399429,0.0435,0.0435,1572
random_forest,2000,1,25,0.7902995720399429,0.0495,0.0495,1583
random_forest,2000,1,26,0.7902995720399429,0.047,0.047,1564
random_forest,2000,1,27,0.7902995720399429,0.045,0.045,1567
random_forest,2000,1,28,0.7902995720399429,0.0485,0.0485,1578
random_forest,2000,1,29,0.7902995720399429,0.0505,0.0505,1614
random_forest,2000,1,30,0.7902995720399429,0.0375,0.0375,1576
random_forest,2000,1,31,0.7902995720399429,0.0435,0.0435,1588
random_forest,2000,1,32,0.7902995720399429,0.044,0.044,1573
random_forest,2000,1,33,0.7902995720399429,0.043,0.043,1612
random_forest,2000,1,34,0.7902995720399429,0.0415,0.0415,1583
random_forest,2000,1,35,0.7902995720399429,0.052,0.052,1546
random_forest,2000,1,36,0.7902995720399429,0.0385,0.0385,1598
random_forest,2000,1,37,0.7902995720399429,0.047,0.047,1604
random_forest,2000,1,38,0.7902995720399429,0.047,0.047,1572
random_forest,2000,1,39,0.7902995720399429,0.0525,0.0525,1589
random_forest,2000,1,40,0.7902995720399429,0.0375,0.0375,1605
random_forest,2000,1,41,0.7902995720399429,0.05,0.05,1591
random_forest,2000,1,42,0.7902995720399429,0.0505,0.0505,1584
random_forest,2000,1,43,0.7902995720399429,0.0485,0.0485,1578
random_forest,2000,1,44,0.7902995720399429,0.042,0.042,1581
random_forest,2000,1,45,0.7902995720399429,0.0445,0.0445,1603
random_forest,2000,1,46,0.7902995720399429,0.045,0.045,1596
random_forest,2000,1,47,0.7902995720399429,0.0455,0.0455,1573
random_forest,2000,1,48,0.7902995720399429,0.044,0.044,1570
random_forest,2000,1,49,0.7902995720399429,0.047,0.047,1596
random_forest,2000,1,50,0.7902995720399429,0.039,0.039,1566
random_forest,2000,1,51,0.7902995720399429,0.045,0.045,1581
random_forest,2000,1,52,0.7902995720399429,0.0475,0.0475,1551
random_forest,2000,1,53,0.7902995720399429,0.056,0.056,1603
random_forest,2000,1,54,0.7902995720399429,0.0545,0.0545,1583
random_forest,2000,1,55,0.7902995720399429,0.0515,0.0515,1579
random_forest,2000,1,56,0.7902995720399429,0.0535,0.0535,1579
random_forest,2000,1,57,0.7902995720399429,0.0475,0.0475,1583
random_forest,2000,1,58,0.7902995720399429,0.041,0.041,1575
random_forest,2000,1,59,0.7902995720399429,0.0405,0.0405,1575
random_forest,2000,1,60,0.7902995720399429,0.0475,0.0475,1571
random_forest,2000,1,61,0.7902995720399429,0.054,0.054,1563
random_forest,2000,1,62,0.7902995720399429,0.045,0.045,1591
random_forest,2000,1,63,0.7902995720399429,0.0365,0.0365,1565
random_forest,2000,1,64,0.7902995720399429,0.0465,0.0465,1599
random_forest,2000,1,65,0.7902995720399429,0.0595,0.0595,1579
random_forest,2000,1,66,0.7902995720399429,0.048,0.048,1578
random_forest,2000,1,67,0.7902995720399429,0.0415,0.0415,1568
random_forest,2000,1,68,0.7902995720399429,0.0475,0.0475,1615
random_forest,2000,1,69,0.7902995720399429,0.0495,0.0495,1600
random_forest,2000,1,70,0.7902995720399429,0.0515,0.0515,1592
random_forest,2000,1,71,0.7902995720399429,0.052,0.052,1589
random_forest,2000,1,72,0.7902995720399429,0.0505,0.0505,1610
random_forest,2000,1,73,0.7902995720399429,0.0425,0.0425,1563
random_forest,2000,1,74,0.7902995720399429,0.0445,0.0445,1588
random_forest,2000,1,75,0.7902995720399429,0.0495,0.0495,1582
random_forest,2000,1,76,0.7902995720399429,0.0505,0.0505,1584
random_forest,2000,1,77,0.7902995720399429,0.051,0.051,1582
random_forest,2000,1,78,0.7902995720399429,0.0425,0.0425,1581
random_forest,2000,1,79,0.7902995720399429,0.044,0.044,1563
random_forest,2000,1,80,0.7902995720399429,0.046,0.046,1582
random_forest,2000,1,81,0.7902995720399429,0.054,0.054,1607
random_forest,2000,1,82,0.7902995720399429,0.048,0.048,1623
random_forest,2000,1,83,0.7902995720399429,0.0445,0.0445,1550
random_forest,2000,1,84,0.7902995720399429,0.049,0.049,1558
random_forest,2000,1,85,0.7902995720399429,0.0465,0.0465,1554
random_forest,2000,1,86,0.7902995720399429,0.048,0.048,1579
random_forest,2000,1,87,0.7902995720399429,0.0425,0.0425,1588
random_forest,2000,1,88,0.7902995720399429,0.044,0.044,1571
random_forest,2000,1,89,0.7902995720399429,0.0415,0.0415,1584
random_forest,2000,1,90,0.7902995720399429,0.0485,0.0485,1601
random_forest,2000,1,91,0.7902995720399429,0.047,0.047,1598
random_forest,2000,1,92,0.7902995720399429,0.057,0.057,1605
random_forest,2000,1,93,0.7902995720399429,0.047,0.047,1594
random_forest,2000,1,94,0.7902995720399429,0.048,0.048,1568
random_forest,2000,1,95,0.7902995720399429,0.036,0.036,1588
random_forest,2000,1,96,0.7902995720399429,0.0405,0.0405,1599
random_forest,2000,1,97,0.7902995720399429,0.0415,0.0415,1576
random_forest,2000,1,98,0.7902995720399429,0.0455,0.0455,1583
random_forest,2000,1,99,0.7902995720399429,0.058,0.058,1604
random_forest,2000,4,0,0.7902995720399429,0.185,0.2145,1592
random_forest,2000,4,1,0.7902995720399429,0.1695,0.199,1611
random_forest,2000,4,2,0.7902995720399429,0.1485,0.1705,1558
random_forest,2000,4,3,0.7902995720399429,0.1595,0.187,1552
random_forest,2000,4,4,0.7902995720399429,0.152,0.1815,1593
random_forest,2000,4,5,0.7902995720399429,0.1705,0.199,1614
random_forest,2000,4,6,0.7902995720399429,0.1515,0.1815,1543
random_forest,2000,4,7,0.7902995720399429,0.152,0.1865,1580
random_forest,2000,4,8,0.7902995720399429,0.1495,0.1775,1545
random_forest,2000,4,9,0.7902995720399429,0.1475,0.169,1560
random_forest,2000,4,10,0.7902995720399429,0.1635,0.193,1609
random_forest,2000,4,11,0.7902995720399429,0.151,0.1715,1553
random_forest,2000,4,12,0.7902995720399429,0.1705,0.1955,1594
random_forest,2000,4,13,0.7902995720399429,0.152,0.183,1569
random_forest,2000,4,14,0.7902995720399429,0.155,0.181,1589
random_forest,2000,4,15,0.7902995720399429,0.1605,0.1905,1572
random_forest,2000,4,16,0.7902995720399429,0.1555,0.188,1563
random_forest,2000,4,17,0.7902995720399429,0.1615,0.1895,1535
random_forest,2000,4,18,0.7902995720399429,0.159,0.1855,1571
random_forest,2000,4,19,0.7902995720399429,0.16,0.1915,1571
random_forest,2000,4,20,0.7902995720399429,0.153,0.1895,1627
random_forest,2000,4,21,0.7902995720399429,0.162,0.1885,1551
random_forest,2000,4,22,0.7902995720399429,0.1555,0.1755,1611
random_forest,2000,4,23,0.7902995720399429,0.162,0.192,1611
random_forest,2000,4,24,0.7902995720399429,0.163,0.19,1561
random_forest,2000,4,25,0.7902995720399429,0.1545,0.1805,1588
random_forest,2000,4,26,0.7902995720399429,0.147,0.177,1596
random_forest,2000,4,27,0.7902995720399429,0.155,0.1755,1571
random_forest,2000,4,28,0.7902995720399429,0.1595,0.185,1580
random_forest,2000,4,29,0.7902995720399429,0.1575,0.1885,1620
random_forest,2000,4,30,0.7902995720399429,0.163,0.1905,1603
random_forest,2000,4,31,0.7902995720399429,0.164,0.195,1612
random_forest,2000,4,32,0.7902995720399429,0.1585,0.189,1547
random_forest,2000,4,33,0.7902995720399429,0.157,0.186,1579
random_forest,2000,4,34,0.7902995720399429,0.164,0.1995,1584
random_forest,2000,4,35,0.7902995720399429,0.1495,0.18,1596
random_forest,2000,4,36,0.7902995720399429,0.159,0.19,1593
random_forest,2000,4,37,0.7902995720399429,0.1555,0.1835,1576
random_forest,2000,4,38,0.7902995720399429,0.165,0.1965,1543
random_forest,2000,4,39,0.7902995720399429,0.1635,0.19,1572
random_forest,2000,4,40,0.7902995720399429,0.16,0.1865,1602
random_forest,2000,4,41,0.7902995720399429,0.168,0.2035,1560
random_forest,2000,4,42,0.7902995720399429,0.15,0.176,1586
random_forest,2000,4,43,0.7902995720399429,0.165,0.196,1577
random_forest,2000,4,44,0.7902995720399429,0.1665,0.204,1605
random_forest,2000,4,45,0.7902995720399429,0.16,0.188,1575
random_forest,2000,4,46,0.7902995720399429,0.155,0.182,1570
random_forest,2000,4,47,0.7902995720399429,0.1575,0.1805,1575
random_forest,2000,4,48,0.7902995720399429,0.161,0.1845,1571
random_forest,2000,4,49,0.7902995720399429,0.164,0.2,1567
random_forest,2000,4,50,0.7902995720399429,0.147,0.169,1577
random_forest,2000,4,51,0.7902995720399429,0.159,0.186,1568
random_forest,2000,4,52,0.7902995720399429,0.1655,0.195,1575
random_forest,2000,4,53,0.7902995720399429,0.164,0.199,1573
random_forest,2000,4,54,0.7902995720399429,0.156,0.185,1601
random_forest,2000,4,55,0.7902995720399429,0.146,0.176,1603
random_forest,2000,4,56,0.7902995720399429,0.153,0.179,1589
random_forest,2000,4,57,0.7902995720399429,0.1735,0.2045,1617
random_forest,2000,4,58,0.7902995720399429,0.1625,0.1915,1537
random_forest,2000,4,59,0.7902995720399429,0.1565,0.1825,1554
random_forest,2000,4,60,0.7902995720399429,0.154,0.1845,1626
random_forest,2000,4,61,0.7902995720399429,0.1595,0.1915,1593
random_forest,2000,4,62,0.7902995720399429,0.1565,0.186,1586
random_forest,2000,4,63,0.7902995720399429,0.168,0.189,1597
random_forest,2000,4,64,0.7902995720399429,0.167,0.199,1569
random_forest,2000,4,65,0.7902995720399429,0.1595,0.189,1579
random_forest,2000,4,66,0.7902995720399429,0.1625,0.195,1598
random_forest,2000,4,67,0.7902995720399429,0.154,0.1835,1551
random_forest,2000,4,68,0.7902995720399429,0.163,0.191,1573
random_forest,2000,4,69,0.7902995720399429,0.1535,0.184,1588
random_forest,2000,4,70,0.7902995720399429,0.1645,0.197,1590
random_forest,2000,4,71,0.7902995720399429,0.156,0.18,1596
random_forest,2000,4,72,0.7902995720399429,0.164,0.1925,1588
random_forest,2000,4,73,0.7902995720399429,0.1545,0.1825,1587
random_forest,2000,4,74,0.7902995720399429,0.1585,0.192,1570
random_forest,2000,4,75,0.7902995720399429,0.153,0.186,1560
random_forest,2000,4,76,0.7902995720399429,0.1605,0.188,1574
random_forest,2000,4,77,0.7902995720399429,0.1515,0.1805,1559
random_forest,2000,4,78,0.7902995720399429,0.1495,0.1815,1560
random_forest,2000,4,79,0.7902995720399429,0.1525,0.18,1573
random_forest,2000,4,80,0.7902995720399429,0.1475,0.171,1579
random_forest,2000,4,81,0.7902995720399429,0.1825,0.218,1590
random_forest,2000,4,82,0.7902995720399429,0.1405,0.1685,1561
random_forest,2000,4,83,0.7902995720399429,0.158,0.182,1578
random_forest,2000,4,84,0.7902995720399429,0.1535,0.18,1604
random_forest,2000,4,85,0.7902995720399429,0.154,0.182,1559
random_forest,2000,4,86,0.7902995720399429,0.159,0.1805,1573
random_forest,2000,4,87,0.7902995720399429,0.157,0.1895,1562
random_forest,2000,4,88,0.7902995720399429,0.152,0.184,1542
random_forest,2000,4,89,0.7902995720399429,0.1565,0.177,1555
random_forest,2000,4,90,0.7902995720399429,0.172,0.202,1565
random_forest,2000,4,91,0.7902995720399429,0.1535,0.1855,1554
random_forest,2000,4,92,0.7902995720399429,0.147,0.179,1597
random_forest,2000,4,93,0.7902995720399429,0.1485,0.176,1563
random_forest,2000,4,94,0.7902995720399429,0.154,0.1835,1558
random_forest,2000,4,95,0.7902995720399429,0.17,0.207,1559
random_forest,2000,4,96,0.7902995720399429,0.1585,0.1905,1604
random_forest,2000,4,97,0.7902995720399429,0.153,0.178,1611
random_forest,2000,4,98,0.7902995720399429,0.159,0.186,1548
random_forest,2000,4,99,0.7902995720399429,0.1685,0.199,1568
random_forest,2000,16,0,0.7902995720399429,0.404,0.748,1576
random_forest,2000,16,1,0.7902995720399429,0.4125,0.7575,1577
random_forest,2000,16,2,0.7902995720399429,0.3955,0.7505,1569
random_forest,2000,16,3,0.7902995720399429,0.407,0.7545,1603
random_forest,2000,16,4,0.7902995720399429,0.415,0.7495,1590
random_forest,2000,16,5,0.7902995720399429,0.41,0.744,1595
random_forest,2000,16,6,0.7902995720399429,0.41,0.7575,1542
random_forest,2000,16,7,0.7902995720399429,0.389,0.7075,1566
random_forest,2000,16,8,0.7902995720399429,0.4225,0.7895,1591
random_forest,2000,16,9,0.7902995720399429,0.4055,0.7575,1606
random_forest,2000,16,10,0.7902995720399429,0.4175,0.8095,1551
random_forest,2000,16,11,0.7902995720399429,0.3975,0.748,1588
random_forest,2000,16,12,0.7902995720399429,0.4235,0.773,1578
random_forest,2000,16,13,0.7902995720399429,0.4045,0.7135,1603
random_forest,2000,16,14,0.7902995720399429,0.415,0.773,1588
random_forest,2000,16,15,0.7902995720399429,0.4135,0.7535,1587
random_forest,2000,16,16,0.7902995720399429,0.4085,0.754,1573
random_forest,2000,16,17,0.7902995720399429,0.415,0.758,1553
random_forest,2000,16,18,0.7902995720399429,0.406,0.7685,1580
random_forest,2000,16,19,0.7902995720399429,0.4005,0.728,1574
random_forest,2000,16,20,0.7902995720399429,0.403,0.7315,1587
random_forest,2000,16,21,0.7902995720399429,0.403,0.6745,1580
random_forest,2000,16,22,0.7902995720399429,0.3985,0.739,1589
random_forest,2000,16,23,0.7902995720399429,0.4125,0.8,1589
random_forest,2000,16,24,0.7902995720399429,0.4145,0.759,1585
random_forest,2000,16,25,0.7902995720399429,0.4095,0.7795,1578
random_forest,2000,16,26,0.7902995720399429,0.39,0.7195,1587
random_forest,2000,16,27,0.7902995720399429,0.4215,0.801,1588
random_forest,2000,16,28,0.7902995720399429,0.4135,0.7925,1600
random_forest,2000,16,29,0.7902995720399429,0.409,0.7525,1582
random_forest,2000,16,30,0.7902995720399429,0.4055,0.712,1585
random_forest,2000,16,31,0.7902995720399429,0.4015,0.7285,1590
random_forest,2000,16,32,0.7902995720399429,0.4115,0.736,1569
random_forest,2000,16,33,0.7902995720399429,0.4035,0.7485,1561
random_forest,2000,16,34,0.7902995720399429,0.4115,0.7325,1578
random_forest,2000,16,35,0.7902995720399429,0.406,0.769,1569
random_forest,2000,16,36,0.7902995720399429,0.434,0.7995,1608
random_forest,2000,16,37,0.7902995720399429,0.42,0.8135,1580
random_forest,2000,16,38,0.7902995720399429,0.393,0.725,1595
random_forest,2000,16,39,0.7902995720399429,0.3955,0.721,1544
random_forest,2000,16,40,0.7902995720399429,0.4325,0.779,1594
random_forest,2000,16,41,0.7902995720399429,0.4115,0.759,1572
random_forest,2000,16,42,0.7902995720399429,0.3785,0.668,1561
random_forest,2000,16,43,0.7902995720399429,0.421,0.774,1572
random_forest,2000,16,44,0.7902995720399429,0.411,0.7855,1566
random_forest,2000,16,45,0.7902995720399429,0.412,0.801,1595
random_forest,2000,16,46,0.7902995720399429,0.4175,0.7425,1572
random_forest,2000,16,47,0.7902995720399429,0.4075,0.779,1573
random_forest,2000,16,48,0.7902995720399429,0.403,0.738,1558
random_forest,2000,16,49,0.7902995720399429,0.415,0.746,1570
random_forest,2000,16,50,0.7902995720399429,0.412,0.779,1571
random_forest,2000,16,51,0.7902995720399429,0.416,0.761,1584
random_forest,2000,16,52,0.7902995720399429,0.4125,0.76,1581
random_forest,2000,16,53,0.7902995720399429,0.4275,0.809,1584
random_forest,2000,16,54,0.7902995720399429,0.428,0.786,1588
random_forest,2000,16,55,0.7902995720399429,0.421,0.7875,1612
random_forest,2000,16,56,0.7902995720399429,0.424,0.7735,1604
random_forest,2000,16,57,0.7902995720399429,0.4085,0.7035,1580
random_forest,2000,16,58,0.7902995720399429,0.4045,0.742,1576
random_forest,2000,16,59,0.7902995720399429,0.4075,0.7455,1567
random_forest,2000,16,60,0.7902995720399429,0.4125,0.79,1563
random_forest,2000,16,61,0.7902995720399429,0.4315,0.7675,1589
random_forest,2000,16,62,0.7902995720399429,0.418,0.775,1587
random_forest,2000,16,63,0.7902995720399429,0.4175,0.736,1561
random_forest,2000,16,64,0.7902995720399429,0.397,0.727,1592
random_forest,2000,16,65,0.7902995720399429,0.4045,0.762,1566
random_forest,2000,16,66,0.7902995720399429,0.402,0.7385,1614
random_forest,2000,16,67,0.7902995720399429,0.405,0.743,1587
random_forest,2000,16,68,0.7902995720399429,0.4185,0.801,1570
random_forest,2000,16,69,0.7902995720399429,0.42,0.7565,1571
random_forest,2000,16,70,0.7902995720399429,0.408,0.748,1556
random_forest,2000,16,71,0.7902995720399429,0.409,0.726,1558
random_forest,2000,16,72,0.7902995720399429,0.403,0.7745,1590
random_forest,2000,16,73,0.7902995720399429,0.4155,0.783,1575
random_forest,2000,16,74,0.7902995720399429,0.408,0.745,1570
random_forest,2000,16,75,0.7902995720399429,0.403,0.733,1593
random_forest,2000,16,76,0.7902995720399429,0.4065,0.7585,1605
random_forest,2000,16,77,0.7902995720399429,0.4015,0.7365,1592
random_forest,2000,16,78,0.7902995720399429,0.436,0.844,1591
random_forest,2000,16,79,0.7902995720399429,0.421,0.7605,1572
random_forest,2000,16,80,0.7902995720399429,0.405,0.7465,1553
random_forest,2000,16,81,0.7902995720399429,0.4165,0.7865,1600
random_forest,2000,16,82,0.7902995720399429,0.4225,0.7705,1608
random_forest,2000,16,83,0.7902995720399429,0.401,0.779,1572
random_forest,2000,16,84,0.7902995720399429,0.4165,0.7585,1578
random_forest,2000,16,85,0.7902995720399429,0.435,0.808,1615
random_forest,2000,16,86,0.7902995720399429,0.423,0.7495,1576
random_forest,2000,16,87,0.7902995720399429,0.3895,0.6745,1579
random_forest,2000,16,88,0.7902995720399429,0.4415,0.787,1636
random_forest,2000,16,89,0.7902995720399429,0.398,0.715,1551
random_forest,2000,16,90,0.7902995720399429,0.4155,0.765,1601
random_forest,2000,16,91,0.7902995720399429,0.412,0.715,1577
random_forest,2000,16,92,0.7902995720399429,0.4105,0.776,1593
random_forest,2000,16,93,0.7902995720399429,0.4105,0.739,1566
random_forest,2000,16,94,0.7902995720399429,0.41,0.7275,1603
random_forest,2000,16,95,0.7902995720399429,0.4355,0.819,1606
random_forest,2000,16,96,0.7902995720399429,0.4105,0.7435,1607
random_forest,2000,16,97,0.7902995720399429,0.4345,0.7655,1603
random_forest,2000,16,98,0.7902995720399429,0.413,0.7925,1609
random_forest,2000,16,99,0.7902995720399429,0.4325,0.797,1589
random_forest,2000,64,0,0.7902995720399429,0.702,2.938,1586
random_forest,2000,64,1,0.7902995720399429,0.727,2.935,1602
random_forest,2000,64,2,0.7902995720399429,0.713,3.069,1595
random_forest,2000,64,3,0.7902995720399429,0.7085,2.9905,1581
random_forest,2000,64,4,0.7902995720399429,0.702,2.819,1549
random_forest,2000,64,5,0.7902995720399429,0.7185,3.1235,1589
random_forest,2000,64,6,0.7902995720399429,0.699,3.088,1555
random_forest,2000,64,7,0.7902995720399429,0.708,3.147,1576
random_forest,2000,64,8,0.7902995720399429,0.7375,3.14,1620
random_forest,2000,64,9,0.7902995720399429,0.715,2.989,1595
random_forest,2000,64,10,0.7902995720399429,0.702,2.828,1580
random_forest,2000,64,11,0.7902995720399429,0.727,3.137,1606
random_forest,2000,64,12,0.7902995720399429,0.7065,2.9845,1567
random_forest,2000,64,13,0.7902995720399429,0.7185,3.071,1597
random_forest,2000,64,14,0.7902995720399429,0.708,2.995,1569
random_forest,2000,64,15,0.7902995720399429,0.699,3.052,1557
random_forest,2000,64,16,0.7902995720399429,0.699,3.042,1590
random_forest,2000,64,17,0.7902995720399429,0.7225,3.0425,1592
random_forest,2000,64,18,0.7902995720399429,0.716,3.0905,1588
random_forest,2000,64,19,0.7902995720399429,0.7185,3.1565,1587
random_forest,2000,64,20,0.7902995720399429,0.7055,3.001,1587
random_forest,2000,64,21,0.7902995720399429,0.7035,2.977,1567
random_forest,2000,64,22,0.7902995720399429,0.713,3.0725,1582
random_forest,2000,64,23,0.7902995720399429,0.704,3.1025,1572
random_forest,2000,64,24,0.7902995720399429,0.715,2.9655,1579
random_forest,2000,64,25,0.7902995720399429,0.709,2.973,1587
random_forest,2000,64,26,0.7902995720399429,0.73,3.099,1606
random_forest,2000,64,27,0.7902995720399429,0.704,2.9605,1553
random_forest,2000,64,28,0.7902995720399429,0.7205,3.0225,1573
random_forest,2000,64,29,0.7902995720399429,0.7125,3.139,1581
random_forest,2000,64,30,0.7902995720399429,0.706,2.9685,1579
random_forest,2000,64,31,0.7902995720399429,0.6935,2.8425,1556
random_forest,2000,64,32,0.7902995720399429,0.7035,3.186,1562
random_forest,2000,64,33,0.7902995720399429,0.7085,2.941,1565
random_forest,2000,64,34,0.7902995720399429,0.7205,3.0705,1578
random_forest,2000,64,35,0.7902995720399429,0.7135,2.9185,1577
random_forest,2000,64,36,0.7902995720399429,0.709,2.8795,1576
random_forest,2000,64,37,0.7902995720399429,0.7015,2.961,1558
random_forest,2000,64,38,0.7902995720399429,0.727,3.1375,1591
random_forest,2000,64,39,0.7902995720399429,0.712,3.115,1562
random_forest,2000,64,40,0.7902995720399429,0.7105,3.0625,1582
random_forest,2000,64,41,0.7902995720399429,0.7115,2.853,1567
random_forest,2000,64,42,0.7902995720399429,0.722,3.095,1584
random_forest,2000,64,43,0.7902995720399429,0.7145,2.9075,1579
random_forest,2000,64,44,0.7902995720399429,0.731,2.9415,1602
random_forest,2000,64,45,0.7902995720399429,0.704,2.94,1580
random_forest,2000,64,46,0.7902995720399429,0.7325,3.0615,1617
random_forest,2000,64,47,0.7902995720399429,0.72,3.083,1596
random_forest,2000,64,48,0.7902995720399429,0.7125,3.111,1589
random_forest,2000,64,49,0.7902995720399429,0.72,3.201,1617
random_forest,2000,64,50,0.7902995720399429,0.711,2.9375,1559
random_forest,2000,64,51,0.7902995720399429,0.7245,2.994,1585
random_forest,2000,64,52,0.7902995720399429,0.7305,3.142,1606
random_forest,2000,64,53,0.7902995720399429,0.699,3.0455,1574
random_forest,2000,64,54,0.7902995720399429,0.71,2.972,1561
random_forest,2000,64,55,0.7902995720399429,0.7305,2.9795,1591
random_forest,2000,64,56,0.7902995720399429,0.715,3.0305,1580
random_forest,2000,64,57,0.7902995720399429,0.721,2.9985,1593
random_forest,2000,64,58,0.7902995720399429,0.703,2.9245,1561
random_forest,2000,64,59,0.7902995720399429,0.7135,3.0265,1582
random_forest,2000,64,60,0.7902995720399429,0.717,2.935,1578
random_forest,2000,64,61,0.7902995720399429,0.7145,2.96,1602
random_forest,2000,64,62,0.7902995720399429,0.6905,2.959,1541
random_forest,2000,64,63,0.7902995720399429,0.7095,2.907,1578
random_forest,2000,64,64,0.7902995720399429,0.731,3.114,1609
random_forest,2000,64,65,0.7902995720399429,0.709,3.028,1572
random_forest,2000,64,66,0.7902995720399429,0.7205,2.9745,1588
random_forest,2000,64,67,0.7902995720399429,0.7155,3.168,1589
random_forest,2000,64,68,0.7902995720399429,0.7045,2.995,1586
random_forest,2000,64,69,0.7902995720399429,0.709,3.024,1585
random_forest,2000,64,70,0.7902995720399429,0.7115,3.0555,1566
random_forest,2000,64,71,0.7902995720399429,0.7115,3.2015,1592
random_forest,2000,64,72,0.7902995720399429,0.7295,2.965,1595
random_forest,2000,64,73,0.7902995720399429,0.726,3.001,1615
random_forest,2000,64,74,0.7902995720399429,0.7315,3.1735,1612
random_forest,2000,64,75,0.7902995720399429,0.6955,2.8275,1568
random_forest,2000,64,76,0.7902995720399429,0.7075,2.9405,1585
random_forest,2000,64,77,0.7902995720399429,0.7385,3.029,1623
random_forest,2000,64,78,0.7902995720399429,0.72,2.937,1600
random_forest,2000,64,79,0.7902995720399429,0.711,2.9585,1558
random_forest,2000,64,80,0.7902995720399429,0.727,3.175,1609
random_forest,2000,64,81,0.7902995720399429,0.6895,2.927,1546
random_forest,2000,64,82,0.7902995720399429,0.7295,2.991,1604
random_forest,2000,64,83,0.7902995720399429,0.7145,2.968,1573
random_forest,2000,64,84,0.7902995720399429,0.7095,3.051,1564
random_forest,2000,64,85,0.7902995720399429,0.7025,2.9315,1564
random_forest,2000,64,86,0.7902995720399429,0.715,2.91,1574
random_forest,2000,64,87,0.7902995720399429,0.705,3.111,1561
random_forest,2000,64,88,0.7902995720399429,0.718,2.983,1580
random_forest,2000,64,89,0.7902995720399429,0.7115,2.9085,1576
random_forest,2000,64,90,0.7902995720399429,0.7095,2.99,1581
random_forest,2000,64,91,0.7902995720399429,0.712,2.8825,1584
random_forest,2000,64,92,0.7902995720399429,0.7165,2.9185,1583
random_forest,2000,64,93,0.7902995720399429,0.705,3.141,1555
random_forest,2000,64,94,0.7902995720399429,0.7035,2.9015,1553
random_forest,2000,64,95,0.7902995720399429,0.703,2.8975,1573
random_forest,2000,64,96,0.7902995720399429,0.722,3.043,1605
random_forest,2000,64,97,0.7902995720399429,0.712,2.8945,1579
random_forest,2000,64,98,0.7902995720399429,0.723,3.0215,1579
random_forest,2000,64,99,0.7902995720399429,0.692,2.924,1561
random_forest,2000,98,0,0.7902995720399429,0.7855,4.4595,1571
random_forest,2000,98,1,0.7902995720399429,0.795,4.469,1590
random_forest,2000,98,2,0.7902995720399429,0.7915,4.722,1583
random_forest,2000,98,3,0.7902995720399429,0.815,4.6715,1630
random_forest,2000,98,4,0.7902995720399429,0.7905,4.7035,1581
random_forest,2000,98,5,0.7902995720399429,0.789,4.6035,1578
random_forest,2000,98,6,0.7902995720399429,0.791,4.6835,1582
random_forest,2000,98,7,0.7902995720399429,0.804,4.662,1608
random_forest,2000,98,8,0.7902995720399429,0.7825,4.5085,1565
random_forest,2000,98,9,0.7902995720399429,0.792,4.7765,1584
random_forest,2000,98,10,0.7902995720399429,0.8045,4.783,1609
random_forest,2000,98,11,0.7902995720399429,0.7985,4.749,1597
random_forest,2000,98,12,0.7902995720399429,0.7795,4.538,1559
random_forest,2000,98,13,0.7902995720399429,0.7905,4.9345,1581
random_forest,2000,98,14,0.7902995720399429,0.7785,4.49,1557
random_forest,2000,98,15,0.7902995720399429,0.781,4.574,1562
random_forest,2000,98,16,0.7902995720399429,0.795,4.442,1590
random_forest,2000,98,17,0.7902995720399429,0.8035,4.4565,1607
random_forest,2000,98,18,0.7902995720399429,0.8025,4.847,1605
random_forest,2000,98,19,0.7902995720399429,0.7725,4.7265,1545
random_forest,2000,98,20,0.7902995720399429,0.7845,4.4545,1569
random_forest,2000,98,21,0.7902995720399429,0.776,4.66,1552
random_forest,2000,98,22,0.7902995720399429,0.7825,4.669,1565
random_forest,2000,98,23,0.7902995720399429,0.782,4.582,1564
random_forest,2000,98,24,0.7902995720399429,0.7785,4.339,1557
random_forest,2000,98,25,0.7902995720399429,0.7825,4.5355,1565
random_forest,2000,98,26,0.7902995720399429,0.801,4.817,1602
random_forest,2000,98,27,0.7902995720399429,0.7895,4.555,1579
random_forest,2000,98,28,0.7902995720399429,0.785,4.3185,1570
random_forest,2000,98,29,0.7902995720399429,0.7875,4.4245,1575
random_forest,2000,98,30,0.7902995720399429,0.788,4.59,1576
random_forest,2000,98,31,0.7902995720399429,0.809,4.618,1618
random_forest,2000,98,32,0.7902995720399429,0.799,4.6055,1598
random_forest,2000,98,33,0.7902995720399429,0.786,4.6925,1572
random_forest,2000,98,34,0.7902995720399429,0.7905,4.7445,1581
random_forest,2000,98,35,0.7902995720399429,0.7865,4.407,1573
random_forest,2000,98,36,0.7902995720399429,0.797,4.7,1594
random_forest,2000,98,37,0.7902995720399429,0.7825,4.5945,1565
random_forest,2000,98,38,0.7902995720399429,0.7885,4.5605,1577
random_forest,2000,98,39,0.7902995720399429,0.7885,4.534,1577
random_forest,2000,98,40,0.7902995720399429,0.789,4.6085,1578
random_forest,2000,98,41,0.7902995720399429,0.791,4.6645,1582
random_forest,2000,98,42,0.7902995720399429,0.782,4.46,1564
random_forest,2000,98,43,0.7902995720399429,0.778,4.6205,1556
random_forest,2000,98,44,0.7902995720399429,0.7795,4.397,1559
random_forest,2000,98,45,0.7902995720399429,0.7815,4.4935,1563
random_forest,2000,98,46,0.7902995720399429,0.7725,4.6075,1545
random_forest,2000,98,47,0.7902995720399429,0.789,4.784,1578
random_forest,2000,98,48,0.7902995720399429,0.7745,4.8245,1549
random_forest,2000,98,49,0.7902995720399429,0.804,4.751,1608
random_forest,2000,98,50,0.7902995720399429,0.776,4.321,1552
random_forest,2000,98,51,0.7902995720399429,0.7885,4.4525,1577
random_forest,2000,98,52,0.7902995720399429,0.782,4.7055,1564
random_forest,2000,98,53,0.7902995720399429,0.7805,4.393,1561
random_forest,2000,98,54,0.7902995720399429,0.788,4.572,1576
random_forest,2000,98,55,0.7902995720399429,0.792,4.4195,1584
random_forest,2000,98,56,0.7902995720399429,0.7885,4.6155,1577
random_forest,2000,98,57,0.7902995720399429,0.7905,4.569,1581
random_forest,2000,98,58,0.7902995720399429,0.768,4.775,1536
random_forest,2000,98,59,0.7902995720399429,0.7985,4.722,1597
random_forest,2000,98,60,0.7902995720399429,0.774,4.4785,1548
random_forest,2000,98,61,0.7902995720399429,0.795,4.653,1590
random_forest,2000,98,62,0.7902995720399429,0.7965,4.5225,1593
random_forest,2000,98,63,0.7902995720399429,0.791,4.6095,1582
random_forest,2000,98,64,0.7902995720399429,0.7995,4.9265,1599
random_forest,2000,98,65,0.7902995720399429,0.7825,4.4555,1565
random_forest,2000,98,66,0.7902995720399429,0.7845,4.4515,1569
random_forest,2000,98,67,0.7902995720399429,0.797,4.529,1594
random_forest,2000,98,68,0.7902995720399429,0.7905,4.336,1581
random_forest,2000,98,69,0.7902995720399429,0.7935,4.78,1587
random_forest,2000,98,70,0.7902995720399429,0.785,4.767,1570
random_forest,2000,98,71,0.7902995720399429,0.7895,4.731,1579
random_forest,2000,98,72,0.7902995720399429,0.7955,4.6125,1591
random_forest,2000,98,73,0.7902995720399429,0.7855,4.721,1571
random_forest,2000,98,74,0.7902995720399429,0.791,4.5465,1582
random_forest,2000,98,75,0.7902995720399429,0.787,4.522,1574
random_forest,2000,98,76,0.7902995720399429,0.7905,4.764,1581
random_forest,2000,98,77,0.7902995720399429,0.7945,4.4415,1589
random_forest,2000,98,78,0.7902995720399429,0.787,4.3825,1574
random_forest,2000,98,79,0.7902995720399429,0.772,4.5615,1544
random_forest,2000,98,80,0.7902995720399429,0.787,4.688,1574
random_forest,2000,98,81,0.7902995720399429,0.788,4.364,1576
random_forest,2000,98,82,0.7902995720399429,0.7955,4.584,1591
random_forest,2000,98,83,0.7902995720399429,0.807,4.8725,1614
random_forest,2000,98,84,0.7902995720399429,0.797,4.5765,1594
random_forest,2000,98,85,0.7902995720399429,0.7975,4.7065,1595
random_forest,2000,98,86,0.7902995720399429,0.804,4.7165,1608
random_forest,2000,98,87,0.7902995720399429,0.7925,4.2845,1585
random_forest,2000,98,88,0.7902995720399429,0.7825,4.59,1565
random_forest,2000,98,89,0.7902995720399429,0.783,4.642,1566
random_forest,2000,98,90,0.7902995720399429,0.789,4.6295,1578
random_forest,2000,98,91,0.7902995720399429,0.7935,4.6435,1587
random_forest,2000,98,92,0.7902995720399429,0.7925,4.6675,1585
random_forest,2000,98,93,0.7902995720399429,0.7925,4.641,1585
random_forest,2000,98,94,0.7902995720399429,0.8,4.6595,1600
random_forest,2000,98,95,0.7902995720399429,0.778,4.4305,1556
random_forest,2000,98,96,0.7902995720399429,0.7985,4.626,1597
random_forest,2000,98,97,0.7902995720399429,0.7755,4.7125,1551
random_forest,2000,98,98,0.7902995720399429,0.796,4.527,1592
random_forest,2000,98,99,0.7902995720399429,0.8005,4.5925,1601
