model,m,k,rep,theta,full_inputs,lower,upper,coverage,width,status,primal_residual,detect_lower,detect_upper,detect_width,detect_coverage,observed_detected,full_lower,full_upper,full_width,full_coverage
logistic_regression,100,1,0,0.9279538904899135,1,0.04383572285288546,1.0,True,0.9561642771471145,ok,0.0,0.04900468922148595,1.0,0.9509953107785141,True,0.09999999999999998,0.025,1.0,0.975,True
logistic_regression,100,1,1,0.9279538904899135,1,0.03724733240254129,1.0,True,0.9627526675974587,ok,0.0,0.041983595628392247,1.0,0.9580164043716077,True,0.08999999999999997,0.0,0.975,0.975,True
logistic_regression,100,1,2,0.9279538904899135,1,0.013719096868313019,1.0,True,0.986280903131687,ok,0.0,0.016431879182052155,1.0,0.9835681208179479,True,0.050000000000000044,0.025,1.0,0.975,True
logistic_regression,100,1,3,0.9279538904899135,1,0.05062765202937942,1.0,True,0.9493723479706205,ok,0.0,0.05620702028548746,1.0,0.9437929797145126,True,0.10999999999999999,0.0,0.975,0.975,True
logistic_regression,100,1,4,0.9279538904899135,1,0.04383572285288546,1.0,True,0.9561642771471145,ok,0.0,0.04900468922148595,1.0,0.9509953107785141,True,0.09999999999999998,0.025,1.0,0.975,True
logistic_regression,100,1,5,0.9279538904899135,1,0.030893192969126994,1.0,True,0.969106807030873,ok,0.0,0.0351715625181628,1.0,0.9648284374818372,True,0.07999999999999996,0.025,1.0,0.975,True
logistic_regression,100,1,6,0.9279538904899135,1,0.019063181195878253,1.0,True,0.9809368188041218,ok,0.0,0.022334886071316368,1.0,0.9776651139286836,True,0.06000000000000005,0.025,1.0,0.975,True
logistic_regression,100,1,7,0.9279538904899135,1,0.03724733240254129,1.0,True,0.9627526675974587,ok,0.0,0.041983595628392247,1.0,0.9580164043716077,True,0.08999999999999997,0.025,1.0,0.975,True
logistic_regression,100,1,8,0.9279538904899135,1,0.04383572285288546,1.0,True,0.9561642771471145,ok,0.0,0.04900468922148595,1.0,0.9509953107785141,True,0.09999999999999998,0.025,1.0,0.975,True
logistic_regression,100,1,9,0.9279538904899135,1,0.030893192969126994,1.0,True,0.969106807030873,ok,0.0,0.0351715625181628,1.0,0.9648284374818372,True,0.07999999999999996,0.025,1.0,0.975,True
logistic_regression,100,1,10,0.9279538904899135,1,0.030893192969126994,1.0,True,0.969106807030873,ok,0.0,0.0351715625181628,1.0,0.9648284374818372,True,0.07999999999999996,0.025,1.0,0.975,True
logistic_regression,100,1,11,0.9279538904899135,1,0.02481360054242672,1.0,True,0.9751863994575732,ok,0.0,0.028605288907438704,1.0,0.9713947110925613,True,0.06999999999999995,0.025,1.0,0.975,True
logistic_regression,100,1,12,0.9279538904899135,1,0.04383572285288546,1.0,True,0.9561642771471145,ok,0.0,0.04900468922148595,1.0,0.9509953107785141,True,0.09999999999999998,0.025,1.0,0.975,True
logistic_regression,100,1,13,0.9279538904899135,1,0.030893192969126994,1.0,True,0.969106807030873,ok,0.0,0.0351715625181628,1.0,0.9648284374818372,True,0.07999999999999996,0.025,1.0,0.975,True
logistic_regression,100,1,14,0.9279538904899135,1,0.03724733240254129,1.0,True,0.9627526675974587,ok,0.0,0.041983595628392247,1.0,0.9580164043716077,True,0.08999999999999997,0.025,1.0,0.975,True
logistic_regression,100,1,15,0.9279538904899135,1,0.030893192969126994,1.0,True,0.969106807030873,ok,0.0,0.0351715625181628,1.0,0.9648284374818372,True,0.07999999999999996,0.025,1.0,0.975,True
logistic_regression,100,1,16,0.9279538904899135,1,0.05062765202937942,1.0,True,0.9493723479706205,ok,0.0,0.05620702028548746,1.0,0.9437929797145126,True,0.10999999999999999,0.025,1.0,0.975,True
logistic_regression,100,1,17,0.9279538904899135,1,0.019063181195878253,1.0,True,0.9809368188041218,ok,0.0,0.022334886071316368,1.0,0.9776651139286836,True,0.06000000000000005,0.025,1.0,0.975,True
logistic_regression,100,1,18,0.9279538904899135,1,0.03724733240254129,1.0,True,0.9627526675974587,ok,0.0,0.041983595628392247,1.0,0.9580164043716077,True,0.08999999999999997,0.025,1.0,0.975,True
logistic_regression,100,1,19,0.9279538904899135,1,0.02481360054242672,1.0,True,0.9751863994575732,ok,0.0,0.028605288907438704,1.0,0.9713947110925613,True,0.06999999999999995,0.025,1.0,0.975,True
logistic_regression,100,1,20,0.9279538904899135,1,0.05759908499535488,1.0,True,0.9424009150046451,ok,0.0,0.06356890256115931,1.0,0.9364310974388407,True,0.12,0.025,1.0,0.975,True
logistic_regression,100,1,21,0.9279538904899135,1,0.030893192969126994,1.0,True,0.969106807030873,ok,0.0,0.0351715625181628,1.0,0.9648284374818372,True,0.07999999999999996,0.025,1.0,0.975,True
logistic_regression,100,1,22,0.9279538904899135,1,0.07200713683716962,1.0,True,0.9279928631628304,ok,0.0,0.07870540492696577,1.0,0.9212945950730342,True,0.14,0.025,1.0,0.975,True
logistic_regression,100,1,23,0.9279538904899135,1,0.03724733240254129,1.0,True,0.9627526675974587,ok,0.0,0.041983595628392247,1.0,0.9580164043716077,True,0.08999999999999997,0.025,1.0,0.975,True
logistic_regression,100,1,24,0.9279538904899135,1,0.02481360054242672,1.0,True,0.9751863994575732,ok,0.0,0.028605288907438704,1.0,0.9713947110925613,True,0.06999999999999995,0.025,1.0,0.975,True
logistic_regression,100,1,25,0.9279538904899135,1,0.019063181195878253,1.0,True,0.9809368188041218,ok,0.0,0.022334886071316368,1.0,0.9776651139286836,True,0.06000000000000005,0.025,1.0,0.975,True
logistic_regression,100,1,26,0.9279538904899135,1,0.02481360054242672,1.0,True,0.9751863994575732,ok,0.0,0.028605288907438704,1.0,0.9713947110925613,True,0.06999999999999995,0.025,1.0,0.975,True
logistic_regression,100,1,27,0.9279538904899135,1,0.030893192969126994,1.0,True,0.969106807030873,ok,0.0,0.0351715625181628,1.0,0.9648284374818372,True,0.07999999999999996,0.025,1.0,0.975,True
logistic_regression,100,1,28,0.9279538904899135,1,0.019063181195878253,1.0,True,0.9809368188041218,ok,0.0,0.022334886071316368,1.0,0.9776651139286836,True,0.06000000000000005,0.025,1.0,0.975,True
logistic_regression,100,1,29,0.9279538904899135,1,0.05062765202937942,1.0,True,0.9493723479706205,ok,0.0,0.05620702028548746,1.0,0.9437929797145126,True,0.10999999999999999,0.025,1.0,0.975,True
logistic_regression,100,1,30,0.9279538904899135,1,0.030893192969126994,1.0,True,0.969106807030873,ok,0.0,0.0351715625181628,1.0,0.9648284374818372,True,0.07999999999999996,0.025,1.0,0.975,True
logistic_regression,100,1,31,0.9279538904899135,1,0.05759908499535488,1.0,True,0.9424009150046451,ok,0.0,0.06356890256115931,1.0,0.9364310974388407,True,0.12,0.025,1.0,0.975,True
logistic_regression,100,1,32,0.9279538904899135,1,0.03724733240254129,1.0,True,0.9627526675974587,ok,0.0,0.041983595628392247,1.0,0.9580164043716077,True,0.08999999999999997,0.025,1.0,0.975,True
logistic_regression,100,1,33,0.9279538904899135,1,0.07200713683716962,1.0,True,0.9279928631628304,ok,0.0,0.07870540492696577,1.0,0.9212945950730342,True,0.14,0.025,1.0,0.975,True
logistic_regression,100,1,34,0.9279538904899135,1,0.07941515040650285,1.0,True,0.9205848495934972,ok,0.0,0.08645438564164859,1.0,0.9135456143583514,True,0.15000000000000002,0.025,1.0,0.975,True
logistic_regression,100,1,35,0.9279538904899135,1,0.03724733240254129,1.0,True,0.9627526675974587,ok,0.0,0.041983595628392247,1.0,0.9580164043716077,True,0.08999999999999997,0.0,0.975,0.975,True
logistic_regression,100,1,36,0.9279538904899135,1,0.05759908499535488,1.0,True,0.9424009150046451,ok,0.0,0.06356890256115931,1.0,0.9364310974388407,True,0.12,0.025,1.0,0.975,True
logistic_regression,100,1,37,0.9279538904899135,1,0.019063181195878253,1.0,True,0.9809368188041218,ok,0.0,0.022334886071316368,1.0,0.9776651139286836,True,0.06000000000000005,0.025,1.0,0.975,True
logistic_regression,100,1,38,0.9279538904899135,1,0.06473079872341825,1.0,True,0.9352692012765818,ok,0.0,0.07107304618542953,1.0,0.9289269538145705,True,0.13,0.025,1.0,0.975,True
logistic_regression,100,1,39,0.9279538904899135,1,0.04383572285288546,1.0,True,0.9561642771471145,ok,0.0,0.04900468922148595,1.0,0.9509953107785141,True,0.09999999999999998,0.025,1.0,0.975,True
logistic_regression,100,1,40,0.9279538904899135,1,0.02481360054242672,1.0,True,0.9751863994575732,ok,0.0,0.028605288907438704,1.0,0.9713947110925613,True,0.06999999999999995,0.025,1.0,0.975,True
logistic_regression,100,1,41,0.9279538904899135,1,0.004777609555181091,1.0,True,0.9952223904448189,ok,0.0,0.006229971538306395,1.0,0.9937700284616936,True,0.030000000000000027,0.025,1.0,0.975,True
logistic_regression,100,1,42,0.9279538904899135,1,0.05759908499535488,1.0,True,0.9424009150046451,ok,0.0,0.06356890256115931,1.0,0.9364310974388407,True,0.12,0.0,0.975,0.975,True
logistic_regression,100,1,43,0.9279538904899135,1,0.07200713683716962,1.0,True,0.9279928631628304,ok,0.0,0.07870540492696577,1.0,0.9212945950730342,True,0.14,0.025,1.0,0.975,True
logistic_regression,100,1,44,0.9279538904899135,1,0.013719096868313019,1.0,True,0.986280903131687,ok,0.0,0.016431879182052155,1.0,0.9835681208179479,True,0.050000000000000044,0.025,1.0,0.975,True
logistic_regression,100,1,45,0.9279538904899135,1,0.03724733240254129,1.0,True,0.9627526675974587,ok,0.0,0.041983595628392247,1.0,0.9580164043716077,True,0.08999999999999997,0.025,1.0,0.975,True
logistic_regression,100,1,46,0.9279538904899135,1,0.04383572285288546,1.0,True,0.9561642771471145,ok,0.0,0.04900468922148595,1.0,0.9509953107785141,True,0.09999999999999998,0.025,1.0,0.975,True
logistic_regression,100,1,47,0.9279538904899135,1,0.02481360054242672,1.0,True,0.9751863994575732,ok,0.0,0.028605288907438704,1.0,0.9713947110925613,True,0.06999999999999995,0.025,1.0,0.975,True
logistic_regression,100,1,48,0.9279538904899135,1,0.013719096868313019,1.0,True,0.986280903131687,ok,0.0,0.016431879182052155,1.0,0.9835681208179479,True,0.050000000000000044,0.025,1.0,0.975,True
logistic_regression,100,1,49,0.9279538904899135,1,0.02481360054242672,1.0,True,0.9751863994575732,ok,0.0,0.028605288907438704,1.0,0.9713947110925613,True,0.06999999999999995,0.025,1.0,0.975,True
logistic_regression,100,1,50,0.9279538904899135,1,0.030893192969126994,1.0,True,0.969106807030873,ok,0.0,0.0351715625181628,1.0,0.9648284374818372,True,0.07999999999999996,0.025,1.0,0.975,True
logistic_regression,100,1,51,0.9279538904899135,1,0.07941515040650285,1.0,True,0.9205848495934972,ok,0.0,0.08645438564164859,1.0,0.9135456143583514,True,0.15000000000000002,0.025,1.0,0.975,True
logistic_regression,100,1,52,0.9279538904899135,1,0.04383572285288546,1.0,True,0.9561642771471145,ok,0.0,0.04900468922148595,1.0,0.9509953107785141,True,0.09999999999999998,0.025,1.0,0.975,True
logistic_regression,100,1,53,0.9279538904899135,1,0.02481360054242672,1.0,True,0.9751863994575732,ok,0.0,0.028605288907438704,1.0,0.9713947110925613,True,0.06999999999999995,0.025,1.0,0.975,True
logistic_regression,100,1,54,0.9279538904899135,1,0.05759908499535488,1.0,True,0.9424009150046451,ok,0.0,0.06356890256115931,1.0,0.9364310974388407,True,0.12,0.025,1.0,0.975,True
logistic_regression,100,1,55,0.9279538904899135,1,0.06473079872341825,1.0,True,0.9352692012765818,ok,0.0,0.07107304618542953,1.0,0.9289269538145705,True,0.13,0.025,1.0,0.975,True
logistic_regression,100,1,56,0.9279538904899135,1,0.05062765202937942,1.0,True,0.9493723479706205,ok,0.0,0.05620702028548746,1.0,0.9437929797145126,True,0.10999999999999999,0.025,1.0,0.975,True
logistic_regression,100,1,57,0.9279538904899135,1,0.04383572285288546,1.0,True,0.9561642771471145,ok,0.0,0.04900468922148595,1.0,0.9509953107785141,True,0.09999999999999998,0.025,1.0,0.975,True
logistic_regression,100,1,58,0.9279538904899135,1,0.019063181195878253,1.0,True,0.9809368188041218,ok,0.0,0.022334886071316368,1.0,0.9776651139286836,True,0.06000000000000005,0.0,0.975,0.975,True
logistic_regression,100,1,59,0.9279538904899135,1,0.04383572285288546,1.0,True,0.9561642771471145,ok,0.0,0.04900468922148595,1.0,0.9509953107785141,True,0.09999999999999998,0.025,1.0,0.975,True
logistic_regression,100,1,60,0.9279538904899135,1,0.019063181195878253,1.0,True,0.9809368188041218,ok,0.0,0.022334886071316368,1.0,0.9776651139286836,True,0.06000000000000005,0.025,1.0,0.975,True
logistic_regression,100,1,61,0.9279538904899135,1,0.030893192969126994,1.0,True,0.969106807030873,ok,0.0,0.0351715625181628,1.0,0.9648284374818372,True,0.07999999999999996,0.025,1.0,0.975,True
logistic_regression,100,1,62,0.9279538904899135,1,0.02481360054242672,1.0,True,0.9751863994575732,ok,0.0,0.028605288907438704,1.0,0.9713947110925613,True,0.06999999999999995,0.025,1.0,0.975,True
logistic_regression,100,1,63,0.9279538904899135,1,0.030893192969126994,1.0,True,0.969106807030873,ok,0.0,0.0351715625181628,1.0,0.9648284374818372,True,0.07999999999999996,0.025,1.0,0.975,True
logistic_regression,100,1,64,0.9279538904899135,1,0.03724733240254129,1.0,True,0.9627526675974587,ok,0.0,0.041983595628392247,1.0,0.9580164043716077,True,0.08999999999999997,0.025,1.0,0.975,True
logistic_regression,100,1,65,0.9279538904899135,1,0.0016780674123654167,1.0,True,0.9983219325876346,ok,0.0,0.0024313368239425423,1.0,0.9975686631760574,True,0.020000000000000018,0.025,1.0,0.975,True
logistic_regression,100,1,66,0.9279538904899135,1,0.02481360054242672,1.0,True,0.9751863994575732,ok,0.0,0.028605288907438704,1.0,0.9713947110925613,True,0.06999999999999995,0.025,1.0,0.975,True
logistic_regression,100,1,67,0.9279538904899135,1,0.004777609555181091,1.0,True,0.9952223904448189,ok,0.0,0.006229971538306395,1.0,0.9937700284616936,True,0.030000000000000027,0.025,1.0,0.975,True
logistic_regression,100,1,68,0.9279538904899135,1,0.07200713683716962,1.0,True,0.9279928631628304,ok,0.0,0.07870540492696577,1.0,0.9212945950730342,True,0.14,0.025,1.0,0.975,True
logistic_regression,100,1,69,0.9279538904899135,1,0.019063181195878253,1.0,True,0.9809368188041218,ok,0.0,0.022334886071316368,1.0,0.9776651139286836,True,0.06000000000000005,0.025,1.0,0.975,True
logistic_regression,100,1,70,0.9279538904899135,1,0.019063181195878253,1.0,True,0.9809368188041218,ok,0.0,0.022334886071316368,1.0,0.9776651139286836,True,0.06000000000000005,0.025,1.0,0.975,True
logistic_regression,100,1,71,0.9279538904899135,1,0.019063181195878253,1.0,True,0.9809368188041218,ok,0.0,0.022334886071316368,1.0,0.9776651139286836,True,0.06000000000000005,0.025,1.0,0.975,True
logistic_regression,100,1,72,0.9279538904899135,1,0.06473079872341825,1.0,True,0.9352692012765818,ok,0.0,0.07107304618542953,1.0,0.9289269538145705,True,0.13,0.025,1.0,0.975,True
logistic_regression,100,1,73,0.9279538904899135,1,0.05062765202937942,1.0,True,0.9493723479706205,ok,0.0,0.05620702028548746,1.0,0.9437929797145126,True,0.10999999999999999,0.025,1.0,0.975,True
logistic_regression,100,1,74,0.9279538904899135,1,0.03724733240254129,1.0,True,0.9627526675974587,ok,0.0,0.041983595628392247,1.0,0.9580164043716077,True,0.08999999999999997,0.025,1.0,0.975,True
logistic_regression,100,1,75,0.9279538904899135,1,0.03724733240254129,1.0,True,0.9627526675974587,ok,0.0,0.041983595628392247,1.0,0.9580164043716077,True,0.08999999999999997,0.025,1.0,0.975,True
logistic_regression,100,1,76,0.9279538904899135,1,0.030893192969126994,1.0,True,0.969106807030873,ok,0.0,0.0351715625181628,1.0,0.9648284374818372,True,0.07999999999999996,0.025,1.0,0.975,True
logistic_regression,100,1,77,0.9279538904899135,1,0.0016780674123654167,1.0,True,0.9983219325876346,ok,0.0,0.0024313368239425423,1.0,0.9975686631760574,True,0.020000000000000018,0.025,1.0,0.975,True
logistic_regression,100,1,78,0.9279538904899135,1,0.05062765202937942,1.0,True,0.9493723479706205,ok,0.0,0.05620702028548746,1.0,0.9437929797145126,True,0.10999999999999999,0.025,1.0,0.975,True
logistic_regression,100,1,79,0.9279538904899135,1,0.05759908499535488,1.0,True,0.9424009150046451,ok,0.0,0.06356890256115931,1.0,0.9364310974388407,True,0.12,0.025,1.0,0.975,True
logistic_regression,100,1,80,0.9279538904899135,1,0.05759908499535488,1.0,True,0.9424009150046451,ok,0.0,0.06356890256115931,1.0,0.9364310974388407,True,0.12,0.025,1.0,0.975,True
logistic_regression,100,1,81,0.9279538904899135,1,0.05062765202937942,1.0,True,0.9493723479706205,ok,0.0,0.05620702028548746,1.0,0.9437929797145126,True,0.10999999999999999,0.025,1.0,0.975,True
logistic_regression,100,1,82,0.9279538904899135,1,0.03724733240254129,1.0,True,0.9627526675974587,ok,0.0,0.041983595628392247,1.0,0.9580164043716077,True,0.08999999999999997,0.025,1.0,0.975,True
logistic_regression,100,1,83,0.9279538904899135,1,0.04383572285288546,1.0,True,0.9561642771471145,ok,0.0,0.04900468922148595,1.0,0.9509953107785141,True,0.09999999999999998,0.025,1.0,0.975,True
logistic_regression,100,1,84,0.9279538904899135,1,0.04383572285288546,1.0,True,0.9561642771471145,ok,0.0,0.04900468922148595,1.0,0.9509953107785141,True,0.09999999999999998,0.025,1.0,0.975,True
logistic_regression,100,1,85,0.9279538904899135,1,0.030893192969126994,1.0,True,0.969106807030873,ok,0.0,0.0351715625181628,1.0,0.9648284374818372,True,0.07999999999999996,0.025,1.0,0.975,True
logistic_regression,100,1,86,0.9279538904899135,1,0.019063181195878253,1.0,True,0.9809368188041218,ok,0.0,0.022334886071316368,1.0,0.9776651139286836,True,0.06000000000000005,0.025,1.0,0.975,True
logistic_regression,100,1,87,0.9279538904899135,1,0.02481360054242672,1.0,True,0.9751863994575732,ok,0.0,0.028605288907438704,1.0,0.9713947110925613,True,0.06999999999999995,0.025,1.0,0.975,True
logistic_regression,100,1,88,0.9279538904899135,1,0.04383572285288546,1.0,True,0.9561642771471145,ok,0.0,0.04900468922148595,1.0,0.9509953107785141,True,0.09999999999999998,0.025,1.0,0.975,True
logistic_regression,100,1,89,0.9279538904899135,1,0.04383572285288546,1.0,True,0.9561642771471145,ok,0.0,0.04900468922148595,1.0,0.9509953107785141,True,0.09999999999999998,0.025,1.0,0.975,True
logistic_regression,100,1,90,0.9279538904899135,1,0.00889623830234538,1.0,True,0.9911037616976546,ok,0.0,0.011004493986188198,1.0,0.9889955060138118,True,0.040000000000000036,0.025,1.0,0.975,True
logistic_regression,100,1,91,0.9279538904899135,1,0.04383572285288546,1.0,True,0.9561642771471145,ok,0.0,0.04900468922148595,1.0,0.9509953107785141,True,0.09999999999999998,0.025,1.0,0.975,True
logistic_regression,100,1,92,0.9279538904899135,1,0.07200713683716962,1.0,True,0.9279928631628304,ok,0.0,0.07870540492696577,1.0,0.9212945950730342,True,0.14,0.025,1.0,0.975,True
logistic_regression,100,1,93,0.9279538904899135,1,0.02481360054242672,1.0,True,0.9751863994575732,ok,0.0,0.028605288907438704,1.0,0.9713947110925613,True,0.06999999999999995,0.025,1.0,0.975,True
logistic_regression,100,1,94,0.9279538904899135,1,0.019063181195878253,1.0,True,0.9809368188041218,ok,0.0,0.022334886071316368,1.0,0.9776651139286836,True,0.06000000000000005,0.025,1.0,0.975,True
logistic_regression,100,1,95,0.9279538904899135,1,0.04383572285288546,1.0,True,0.9561642771471145,ok,0.0,0.04900468922148595,1.0,0.9509953107785141,True,0.09999999999999998,0.025,1.0,0.975,True
logistic_regression,100,1,96,0.9279538904899135,1,0.06473079872341825,1.0,True,0.9352692012765818,ok,0.0,0.07107304618542953,1.0,0.9289269538145705,True,0.13,0.025,1.0,0.975,True
logistic_regression,100,1,97,0.9279538904899135,1,0.02481360054242672,1.0,True,0.9751863994575732,ok,0.0,0.028605288907438704,1.0,0.9713947110925613,True,0.06999999999999995,0.025,1.0,0.975,True
logistic_regression,100,1,98,0.9279538904899135,1,0.04383572285288546,1.0,True,0.9561642771471145,ok,0.0,0.04900468922148595,1.0,0.9509953107785141,True,0.09999999999999998,0.025,1.0,0.975,True
logistic_regression,100,1,99,0.9279538904899135,1,0.05062765202937942,1.0,True,0.9493723479706205,ok,0.0,0.05620702028548746,1.0,0.9437929797145126,True,0.10999999999999999,0.025,1.0,0.975,True
logistic_regression,100,4,0,0.9279538904899135,4,0.3441202633159751,1.0,True,0.6558797366840249,ok,1.1102230246251565e-16,0.24822350154484418,1.0,0.7517764984551558,True,0.33999999999999997,0.3976353643835253,1.0,0.6023646356164747,True
logistic_regression,100,4,1,0.9279538904899135,4,0.20823791842640124,1.0,True,0.7917620815735987,ok,0.0,0.16877973809934185,1.0,0.8312202619006581,True,0.25,0.3976353643835253,1.0,0.6023646356164747,True
logistic_regression,100,4,2,0.9279538904899135,4,0.34405071954371624,1.0,True,0.6559492804562838,ok,0.0,0.21240642048953662,1.0,0.7875935795104634,True,0.30000000000000004,0.3976353643835253,1.0,0.6023646356164747,True
logistic_regression,100,4,3,0.9279538904899135,4,0.22345257652520747,1.0,True,0.7765474234747926,ok,0.0,0.17739443786765247,1.0,0.8226055621323476,True,0.26,0.3976353643835253,1.0,0.6023646356164747,True
logistic_regression,100,4,4,0.9279538904899135,4,0.400271436246363,1.0,True,0.5997285637536369,ok,0.0,0.25729377853145113,1.0,0.7427062214685489,True,0.35,0.19412044968324338,0.9936905367902902,0.7995700871070468,True
logistic_regression,100,4,5,0.9279538904899135,4,0.32567304898568394,1.0,True,0.6743269510143161,ok,0.0,0.23021991676157702,1.0,0.769780083238423,True,0.31999999999999995,0.3976353643835253,1.0,0.6023646356164747,True
logistic_regression,100,4,6,0.9279538904899135,4,0.28182172398288363,1.0,True,0.7181782760171164,ok,0.0,0.23021991676157702,1.0,0.769780083238423,True,0.31999999999999995,0.3976353643835253,1.0,0.6023646356164747,True
logistic_regression,100,4,7,0.9279538904899135,4,0.1346204529107633,1.0,True,0.8653795470892367,ok,0.0,0.12665555210195584,1.0,0.8733444478980441,True,0.19999999999999996,0.3976353643835253,1.0,0.6023646356164747,True
logistic_regression,100,4,8,0.9279538904899135,4,0.27232069403020126,1.0,True,0.7276793059697988,ok,0.0,0.2035741892507318,1.0,0.7964258107492682,True,0.29000000000000004,0.3976353643835253,1.0,0.6023646356164747,True
logistic_regression,100,4,9,0.9279538904899135,4,0.3074882082600001,1.0,True,0.6925117917399999,ok,0.0,0.2035741892507318,1.0,0.7964258107492682,True,0.29000000000000004,0.3976353643835253,1.0,0.6023646356164747,True
logistic_regression,100,4,10,0.9279538904899135,4,0.28950427968192927,1.0,True,0.7104957203180707,ok,1.3877787807814457e-17,0.18606642229074058,1.0,0.8139335777092594,True,0.27,0.3976353643835253,1.0,0.6023646356164747,True
logistic_regression,100,4,11,0.9279538904899135,4,0.3813561630973338,1.0,True,0.6186438369026662,ok,5.551115123125783e-17,0.22128879213067107,1.0,0.7787112078693289,True,0.31000000000000005,0.3976353643835253,1.0,0.6023646356164747,True
logistic_regression,100,4,12,0.9279538904899135,4,0.17941739942047014,1.0,True,0.8205826005795298,ok,2.7755575615628914e-17,0.1517316113010475,1.0,0.8482683886989525,True,0.22999999999999998,0.3976353643835253,1.0,0.6023646356164747,True
logistic_regression,100,4,13,0.9279538904899135,4,0.17503915744767698,1.0,True,0.824960842552323,ok,0.0,0.14330357674981445,1.0,0.8566964232501856,True,0.21999999999999997,0.3976353643835253,1.0,0.6023646356164747,True
logistic_regression,100,4,14,0.9279538904899135,4,0.32567304898568394,1.0,True,0.6743269510143161,ok,0.0,0.21240642048953662,1.0,0.7875935795104634,True,0.30000000000000004,0.3976353643835253,1.0,0.6023646356164747,True
logistic_regression,100,4,15,0.9279538904899135,4,0.28950427968192927,1.0,True,0.7104957203180707,ok,1.3877787807814457e-17,0.17739443786765247,1.0,0.8226055621323476,True,0.26,0.3976353643835253,1.0,0.6023646356164747,True
logistic_regression,100,4,16,0.9279538904899135,4,0.30751016835146733,1.0,True,0.6924898316485326,ok,5.551115123125783e-17,0.22128879213067107,1.0,0.7787112078693289,True,0.31000000000000005,0.3976353643835253,1.0,0.6023646356164747,True
logistic_regression,100,4,17,0.9279538904899135,4,0.28950427968192927,1.0,True,0.7104957203180707,ok,1.3877787807814457e-17,0.19479362749118143,1.0,0.8052063725088185,True,0.28,0.3976353643835253,1.0,0.6023646356164747,True
logistic_regression,100,4,18,0.9279538904899135,4,0.22345257652520747,1.0,True,0.7765474234747926,ok,0.0,0.17739443786765247,1.0,0.8226055621323476,True,0.26,0.3976353643835253,1.0,0.6023646356164747,True
logistic_regression,100,4,19,0.9279538904899135,4,0.34405071954371624,1.0,True,0.6559492804562838,ok,0.0,0.2035741892507318,1.0,0.7964258107492682,True,0.29000000000000004,0.19412044968324338,0.9936905367902902,0.7995700871070468,True
logistic_regression,100,4,20,0.9279538904899135,4,0.2495594299181544,1.0,True,0.7504405700818456,ok,4.440892098500626e-16,0.22128879213067107,1.0,0.7787112078693289,True,0.31000000000000005,0.3976353643835253,1.0,0.6023646356164747,True
logistic_regression,100,4,21,0.9279538904899135,4,0.25816090541595194,1.0,True,0.7418390945840481,ok,0.0,0.2035741892507318,1.0,0.7964258107492682,True,0.29000000000000004,0.3976353643835253,1.0,0.6023646356164747,True
logistic_regression,100,4,22,0.9279538904899135,4,0.2542593052516367,1.0,True,0.7457406947483634,ok,0.0,0.18606642229074058,1.0,0.8139335777092594,True,0.27,0.3976353643835253,1.0,0.6023646356164747,True
logistic_regression,100,4,23,0.9279538904899135,4,0.22725680297915066,1.0,True,0.7727431970208494,ok,0.0,0.18606642229074058,1.0,0.8139335777092594,True,0.27,0.3976353643835253,1.0,0.6023646356164747,True
logistic_regression,100,4,24,0.9279538904899135,4,0.20497220379046074,1.0,True,0.7950277962095392,ok,0.0,0.16022461317144718,1.0,0.8397753868285528,True,0.24,0.19412044968324338,0.9936905367902902,0.7995700871070468,True
logistic_regression,100,4,25,0.9279538904899135,4,0.32567304898568394,1.0,True,0.6743269510143161,ok,0.0,0.19479362749118143,1.0,0.8052063725088185,True,0.28,0.3976353643835253,1.0,0.6023646356164747,True
logistic_regression,100,4,26,0.9279538904899135,4,0.22345257652520747,1.0,True,0.7765474234747926,ok,0.0,0.17739443786765247,1.0,0.8226055621323476,True,0.26,0.3976353643835253,1.0,0.6023646356164747,True
logistic_regression,100,4,27,0.9279538904899135,4,0.32567304898568394,1.0,True,0.6743269510143161,ok,0.0,0.19479362749118143,1.0,0.8052063725088185,True,0.28,0.3976353643835253,1.0,0.6023646356164747,True
logistic_regression,100,4,28,0.9279538904899135,4,0.18714132354179497,1.0,True,0.8128586764582051,ok,1.1102230246251565e-16,0.14330357674981445,1.0,0.8566964232501856,True,0.21999999999999997,0.3976353643835253,1.0,0.6023646356164747,True
logistic_regression,100,4,29,0.9279538904899135,4,0.23725111615149627,1.0,True,0.7627488838485037,ok,2.7755575615628914e-17,0.17739443786765247,1.0,0.8226055621323476,True,0.26,0.19412044968324338,0.9936905367902902,0.7995700871070468,True
logistic_regression,100,4,30,0.9279538904899135,4,0.23685352801086726,1.0,True,0.7631464719891328,ok,0.0,0.16022461317144718,1.0,0.8397753868285528,True,0.24,0.3976353643835253,1.0,0.6023646356164747,True
logistic_regression,100,4,31,0.9279538904899135,4,0.30751016835146733,1.0,True,0.6924898316485326,ok,5.551115123125783e-17,0.22128879213067107,1.0,0.7787112078693289,True,0.31000000000000005,0.3976353643835253,1.0,0.6023646356164747,True
logistic_regression,100,4,32,0.9279538904899135,4,0.21766387661096936,1.0,True,0.7823361233890307,ok,1.3877787807814457e-17,0.18606642229074058,1.0,0.8139335777092594,True,0.27,0.19412044968324338,0.9936905367902902,0.7995700871070468,True
logistic_regression,100,4,33,0.9279538904899135,4,0.21977484914776443,1.0,True,0.7802251508522355,ok,0.0,0.12665555210195584,1.0,0.8733444478980441,True,0.19999999999999996,0.19412044968324338,0.9936905367902902,0.7995700871070468,True
logistic_regression,100,4,34,0.9279538904899135,4,0.254176250885976,1.0,True,0.745823749114024,ok,0.0,0.17739443786765247,1.0,0.8226055621323476,True,0.26,0.3976353643835253,1.0,0.6023646356164747,True
logistic_regression,100,4,35,0.9279538904899135,4,0.27232069403020126,1.0,True,0.7276793059697988,ok,0.0,0.2035741892507318,1.0,0.7964258107492682,True,0.29000000000000004,0.3976353643835253,1.0,0.6023646356164747,True
logistic_regression,100,4,36,0.9279538904899135,4,0.28950427968192927,1.0,True,0.7104957203180707,ok,1.3877787807814457e-17,0.2035741892507318,1.0,0.7964258107492682,True,0.29000000000000004,0.3976353643835253,1.0,0.6023646356164747,True
logistic_regression,100,4,37,0.9279538904899135,4,0.33019284679338656,1.0,True,0.6698071532066134,ok,0.0,0.25729377853145113,1.0,0.7427062214685489,True,0.35,0.19412044968324338,0.9936905367902902,0.7995700871070468,True
logistic_regression,100,4,38,0.9279538904899135,4,0.2573307920785227,1.0,True,0.7426692079214773,ok,5.551115123125783e-17,0.22128879213067107,1.0,0.7787112078693289,True,0.31000000000000005,0.3976353643835253,1.0,0.6023646356164747,True
logistic_regression,100,4,39,0.9279538904899135,4,0.32567304898568394,1.0,True,0.6743269510143161,ok,0.0,0.2035741892507318,1.0,0.7964258107492682,True,0.29000000000000004,0.3976353643835253,1.0,0.6023646356164747,True
logistic_regression,100,4,40,0.9279538904899135,4,0.2198029055451778,1.0,True,0.7801970944548222,ok,0.0,0.16022461317144718,1.0,0.8397753868285528,True,0.24,0.3976353643835253,1.0,0.6023646356164747,True
logistic_regression,100,4,41,0.9279538904899135,4,0.34405071954371624,1.0,True,0.6559492804562838,ok,1.1102230246251565e-16,0.23021991676157702,1.0,0.769780083238423,True,0.31999999999999995,0.19412044968324338,0.9936905367902902,0.7995700871070468,True
logistic_regression,100,4,42,0.9279538904899135,4,0.28950427968192927,1.0,True,0.7104957203180707,ok,1.3877787807814457e-17,0.17739443786765247,1.0,0.8226055621323476,True,0.26,0.3976353643835253,1.0,0.6023646356164747,True
logistic_regression,100,4,43,0.9279538904899135,4,0.27232069403020126,1.0,True,0.7276793059697988,ok,0.0,0.2035741892507318,1.0,0.7964258107492682,True,0.29000000000000004,0.3976353643835253,1.0,0.6023646356164747,True
logistic_regression,100,4,44,0.9279538904899135,4,0.400271436246363,1.0,True,0.5997285637536369,ok,0.0,0.2755665796145515,1.0,0.7244334203854486,True,0.37,0.3976353643835253,1.0,0.6023646356164747,True
logistic_regression,100,4,45,0.9279538904899135,4,0.20380816938585483,1.0,True,0.7961918306141451,ok,0.0,0.17739443786765247,1.0,0.8226055621323476,True,0.26,0.3976353643835253,1.0,0.6023646356164747,True
logistic_regression,100,4,46,0.9279538904899135,4,0.25816090541595194,1.0,True,0.7418390945840481,ok,0.0,0.2035741892507318,1.0,0.7964258107492682,True,0.29000000000000004,0.3976353643835253,1.0,0.6023646356164747,True
logistic_regression,100,4,47,0.9279538904899135,4,0.1904021309700379,1.0,True,0.8095978690299621,ok,0.0,0.16877973809934185,1.0,0.8312202619006581,True,0.25,0.3976353643835253,1.0,0.6023646356164747,True
logistic_regression,100,4,48,0.9279538904899135,4,0.34717346539252597,1.0,True,0.652826534607474,ok,0.0,0.2664084227332345,1.0,0.7335915772667655,True,0.36,0.19412044968324338,0.9936905367902902,0.7995700871070468,True
logistic_regression,100,4,49,0.9279538904899135,4,0.400271436246363,1.0,True,0.5997285637536369,ok,1.1102230246251565e-16,0.24822350154484418,1.0,0.7517764984551558,True,0.33999999999999997,0.3976353643835253,1.0,0.6023646356164747,True
logistic_regression,100,4,50,0.9279538904899135,4,0.17941739942047014,1.0,True,0.8205826005795298,ok,2.7755575615628914e-17,0.1517316113010475,1.0,0.8482683886989525,True,0.22999999999999998,0.3976353643835253,1.0,0.6023646356164747,True
logistic_regression,100,4,51,0.9279538904899135,4,0.28950427968192927,1.0,True,0.7104957203180707,ok,1.3877787807814457e-17,0.2035741892507318,1.0,0.7964258107492682,True,0.29000000000000004,0.3976353643835253,1.0,0.6023646356164747,True
logistic_regression,100,4,52,0.9279538904899135,4,0.3383350093838962,1.0,True,0.6616649906161038,ok,5.551115123125783e-17,0.2755665796145515,1.0,0.7244334203854486,True,0.37,0.3976353643835253,1.0,0.6023646356164747,True
logistic_regression,100,4,53,0.9279538904899135,4,0.17175624896308908,1.0,True,0.828243751036911,ok,2.220446049250313e-16,0.16022461317144718,1.0,0.8397753868285528,True,0.24,0.3976353643835253,1.0,0.6023646356164747,True
logistic_regression,100,4,54,0.9279538904899135,4,0.28382897483251457,1.0,True,0.7161710251674854,ok,1.1102230246251565e-16,0.24822350154484418,1.0,0.7517764984551558,True,0.33999999999999997,0.3976353643835253,1.0,0.6023646356164747,True
logistic_regression,100,4,55,0.9279538904899135,4,0.2937606725271211,1.0,True,0.7062393274728789,ok,0.0,0.23021991676157702,1.0,0.769780083238423,True,0.31999999999999995,0.19412044968324338,0.9936905367902902,0.7995700871070468,True
logistic_regression,100,4,56,0.9279538904899135,4,0.3074882082600001,1.0,True,0.6925117917399999,ok,0.0,0.2035741892507318,1.0,0.7964258107492682,True,0.29000000000000004,0.3976353643835253,1.0,0.6023646356164747,True
logistic_regression,100,4,57,0.9279538904899135,4,0.29753055069200013,1.0,True,0.7024694493079999,ok,0.0,0.2391985346226018,1.0,0.7608014653773982,True,0.32999999999999996,0.3976353643835253,1.0,0.6023646356164747,True
logistic_regression,100,4,58,0.9279538904899135,4,0.27173027007042094,1.0,True,0.7282697299295791,ok,0.0,0.17739443786765247,1.0,0.8226055621323476,True,0.26,0.3976353643835253,1.0,0.6023646356164747,True
logistic_regression,100,4,59,0.9279538904899135,4,0.25816090541595194,1.0,True,0.7418390945840481,ok,0.0,0.2035741892507318,1.0,0.7964258107492682,True,0.29000000000000004,0.3976353643835253,1.0,0.6023646356164747,True
logistic_regression,100,4,60,0.9279538904899135,4,0.27173027007042094,1.0,True,0.7282697299295791,ok,0.0,0.19479362749118143,1.0,0.8052063725088185,True,0.28,0.3976353643835253,1.0,0.6023646356164747,True
logistic_regression,100,4,61,0.9279538904899135,4,0.32567304898568394,1.0,True,0.6743269510143161,ok,0.0,0.21240642048953662,1.0,0.7875935795104634,True,0.30000000000000004,0.3976353643835253,1.0,0.6023646356164747,True
logistic_regression,100,4,62,0.9279538904899135,4,0.291085117547737,1.0,True,0.708914882452263,ok,5.551115123125783e-17,0.22128879213067107,1.0,0.7787112078693289,True,0.31000000000000005,0.3976353643835253,1.0,0.6023646356164747,True
logistic_regression,100,4,63,0.9279538904899135,4,0.400271436246363,1.0,True,0.5997285637536369,ok,0.0,0.2664084227332345,1.0,0.7335915772667655,True,0.36,0.19412044968324338,0.9936905367902902,0.7995700871070468,True
logistic_regression,100,4,64,0.9279538904899135,4,0.17178796412077602,1.0,True,0.828212035879224,ok,0.0,0.1349436957053291,1.0,0.8650563042946708,True,0.20999999999999996,0.3976353643835253,1.0,0.6023646356164747,True
logistic_regression,100,4,65,0.9279538904899135,4,0.20497220379046074,1.0,True,0.7950277962095392,ok,0.0,0.16022461317144718,1.0,0.8397753868285528,True,0.24,0.3976353643835253,1.0,0.6023646356164747,True
logistic_regression,100,4,66,0.9279538904899135,4,0.3074882082600001,1.0,True,0.6925117917399999,ok,0.0,0.21240642048953662,1.0,0.7875935795104634,True,0.30000000000000004,0.06758598648854294,0.932414013511457,0.8648280270229141,True
logistic_regression,100,4,67,0.9279538904899135,4,0.27173027007042094,1.0,True,0.7282697299295791,ok,0.0,0.19479362749118143,1.0,0.8052063725088185,True,0.28,0.3976353643835253,1.0,0.6023646356164747,True
logistic_regression,100,4,68,0.9279538904899135,4,0.12357348637323298,1.0,True,0.876426513626767,ok,1.3877787807814457e-17,0.09431028997394623,1.0,0.9056897100260538,True,0.16000000000000003,0.19412044968324338,0.9936905367902902,0.7995700871070468,True
logistic_regression,100,4,69,0.9279538904899135,4,0.2103324767220728,1.0,True,0.7896675232779272,ok,0.0,0.19479362749118143,1.0,0.8052063725088185,True,0.28,0.3976353643835253,1.0,0.6023646356164747,True
logistic_regression,100,4,70,0.9279538904899135,4,0.43860013886527743,1.0,True,0.5613998611347226,ok,4.440892098500626e-16,0.24822350154484418,1.0,0.7517764984551558,True,0.33999999999999997,0.3976353643835253,1.0,0.6023646356164747,True
logistic_regression,100,4,71,0.9279538904899135,4,0.14017062913683984,1.0,True,0.8598293708631601,ok,1.3877787807814457e-17,0.12665555210195584,1.0,0.8733444478980441,True,0.19999999999999996,0.3976353643835253,1.0,0.6023646356164747,True
logistic_regression,100,4,72,0.9279538904899135,4,0.32567304898568394,1.0,True,0.6743269510143161,ok,2.220446049250313e-16,0.2035741892507318,1.0,0.7964258107492682,True,0.29000000000000004,0.3976353643835253,1.0,0.6023646356164747,True
logistic_regression,100,4,73,0.9279538904899135,4,0.3813561630973338,1.0,True,0.6186438369026662,ok,0.0,0.25729377853145113,1.0,0.7427062214685489,True,0.35,0.3976353643835253,1.0,0.6023646356164747,True
logistic_regression,100,4,74,0.9279538904899135,4,0.27232069403020126,1.0,True,0.7276793059697988,ok,0.0,0.2035741892507318,1.0,0.7964258107492682,True,0.29000000000000004,0.3976353643835253,1.0,0.6023646356164747,True
logistic_regression,100,4,75,0.9279538904899135,4,0.30751016835146733,1.0,True,0.6924898316485326,ok,5.551115123125783e-17,0.22128879213067107,1.0,0.7787112078693289,True,0.31000000000000005,0.19412044968324338,0.9936905367902902,0.7995700871070468,True
logistic_regression,100,4,76,0.9279538904899135,4,0.22345257652520747,1.0,True,0.7765474234747926,ok,0.0,0.17739443786765247,1.0,0.8226055621323476,True,0.26,0.19412044968324338,0.9936905367902902,0.7995700871070468,True
logistic_regression,100,4,77,0.9279538904899135,4,0.23725111615149627,1.0,True,0.7627488838485037,ok,2.7755575615628914e-17,0.17739443786765247,1.0,0.8226055621323476,True,0.26,0.3976353643835253,1.0,0.6023646356164747,True
logistic_regression,100,4,78,0.9279538904899135,4,0.28964022205652906,1.0,True,0.7103597779434709,ok,0.0,0.21240642048953662,1.0,0.7875935795104634,True,0.30000000000000004,0.3976353643835253,1.0,0.6023646356164747,True
logistic_regression,100,4,79,0.9279538904899135,4,0.20380816938585483,1.0,True,0.7961918306141451,ok,0.0,0.17739443786765247,1.0,0.8226055621323476,True,0.26,0.3976353643835253,1.0,0.6023646356164747,True
logistic_regression,100,4,80,0.9279538904899135,4,0.28950427968192927,1.0,True,0.7104957203180707,ok,1.3877787807814457e-17,0.17739443786765247,1.0,0.8226055621323476,True,0.26,0.3976353643835253,1.0,0.6023646356164747,True
logistic_regression,100,4,81,0.9279538904899135,4,0.27173027007042094,1.0,True,0.7282697299295791,ok,0.0,0.19479362749118143,1.0,0.8052063725088185,True,0.28,0.3976353643835253,1.0,0.6023646356164747,True
logistic_regression,100,4,82,0.9279538904899135,4,0.27764631366317577,1.0,True,0.7223536863368243,ok,5.551115123125783e-17,0.22128879213067107,1.0,0.7787112078693289,True,0.31000000000000005,0.3976353643835253,1.0,0.6023646356164747,True
logistic_regression,100,4,83,0.9279538904899135,4,0.34405071954371624,1.0,True,0.6559492804562838,ok,4.440892098500626e-16,0.22128879213067107,1.0,0.7787112078693289,True,0.31000000000000005,0.3976353643835253,1.0,0.6023646356164747,True
logistic_regression,100,4,84,0.9279538904899135,4,0.3626139455775142,1.0,True,0.6373860544224859,ok,1.1102230246251565e-16,0.23021991676157702,1.0,0.769780083238423,True,0.31999999999999995,0.3976353643835253,1.0,0.6023646356164747,True
logistic_regression,100,4,85,0.9279538904899135,4,0.16093964479732573,1.0,True,0.8390603552026743,ok,0.0,0.1349436957053291,1.0,0.8650563042946708,True,0.20999999999999996,0.19412044968324338,0.9936905367902902,0.7995700871070468,True
logistic_regression,100,4,86,0.9279538904899135,4,0.32567304898568394,1.0,True,0.6743269510143161,ok,0.0,0.21240642048953662,1.0,0.7875935795104634,True,0.30000000000000004,0.3976353643835253,1.0,0.6023646356164747,True
logistic_regression,100,4,87,0.9279538904899135,4,0.21766387661096936,1.0,True,0.7823361233890307,ok,0.0,0.18606642229074058,1.0,0.8139335777092594,True,0.27,0.3976353643835253,1.0,0.6023646356164747,True
logistic_regression,100,4,88,0.9279538904899135,4,0.2632139404363293,1.0,True,0.7367860595636707,ok,0.0,0.2391985346226018,1.0,0.7608014653773982,True,0.32999999999999996,0.3976353643835253,1.0,0.6023646356164747,True
logistic_regression,100,4,89,0.9279538904899135,4,0.21253968680188112,1.0,True,0.7874603131981188,ok,0.0,0.17739443786765247,1.0,0.8226055621323476,True,0.26,0.19412044968324338,0.9936905367902902,0.7995700871070468,True
logistic_regression,100,4,90,0.9279538904899135,4,0.261969279875695,1.0,True,0.738030720124305,ok,0.0,0.21240642048953662,1.0,0.7875935795104634,True,0.30000000000000004,0.19412044968324338,0.9936905367902902,0.7995700871070468,True
logistic_regression,100,4,91,0.9279538904899135,4,0.36296686667489,1.0,True,0.63703313332511,ok,1.1102230246251565e-16,0.2664084227332345,1.0,0.7335915772667655,True,0.36,0.3976353643835253,1.0,0.6023646356164747,True
logistic_regression,100,4,92,0.9279538904899135,4,0.25623257770527336,1.0,True,0.7437674222947266,ok,2.7755575615628914e-17,0.23021991676157702,1.0,0.769780083238423,True,0.31999999999999995,0.19412044968324338,0.9936905367902902,0.7995700871070468,True
logistic_regression,100,4,93,0.9279538904899135,4,0.2230120720802674,1.0,True,0.7769879279197326,ok,0.0,0.2035741892507318,1.0,0.7964258107492682,True,0.29000000000000004,0.3976353643835253,1.0,0.6023646356164747,True
logistic_regression,100,4,94,0.9279538904899135,4,0.28950427968192927,1.0,True,0.7104957203180707,ok,1.3877787807814457e-17,0.19479362749118143,1.0,0.8052063725088185,True,0.28,0.3976353643835253,1.0,0.6023646356164747,True
logistic_regression,100,4,95,0.9279538904899135,4,0.15271163211142005,1.0,True,0.84728836788858,ok,0.0,0.1349436957053291,1.0,0.8650563042946708,True,0.20999999999999996,0.3976353643835253,1.0,0.6023646356164747,True
logistic_regression,100,4,96,0.9279538904899135,4,0.21766387661096936,1.0,True,0.7823361233890307,ok,0.0,0.18606642229074058,1.0,0.8139335777092594,True,0.27,0.3976353643835253,1.0,0.6023646356164747,True
logistic_regression,100,4,97,0.9279538904899135,4,0.20823791842640124,1.0,True,0.7917620815735987,ok,0.0,0.16877973809934185,1.0,0.8312202619006581,True,0.25,0.19412044968324338,0.9936905367902902,0.7995700871070468,True
logistic_regression,100,4,98,0.9279538904899135,4,0.20823791842640124,1.0,True,0.7917620815735987,ok,0.0,0.16877973809934185,1.0,0.8312202619006581,True,0.25,0.3976353643835253,1.0,0.6023646356164747,True
logistic_regression,100,4,99,0.9279538904899135,4,0.28950427968192927,1.0,True,0.7104957203180707,ok,1.3877787807814457e-17,0.2035741892507318,1.0,0.7964258107492682,True,0.29000000000000004,0.19412044968324338,0.9936905367902902,0.7995700871070468,True
logistic_regression,100,16,0,0.9279538904899135,16,0.5968219170989645,1.0,True,0.4031780829010355,ok,1.3322676295501878e-15,0.5584667322490411,1.0,0.4415332677509589,True,0.6599999999999999,0.697679261565468,0.9984188882772341,0.30073962671176613,True
logistic_regression,100,16,1,0.9279538904899135,16,0.5380706836248629,1.0,True,0.4619293163751371,ok,2.220446049250313e-16,0.48714420376677076,1.0,0.5128557962332292,True,0.5900000000000001,0.7940927857921772,1.0,0.20590721420782276,True
logistic_regression,100,16,2,0.9279538904899135,16,0.6161453199547281,1.0,True,0.3838546800452719,ok,2.047834124496717e-12,0.5792331383683775,1.0,0.42076686163162247,True,0.6799999999999999,0.697679261565468,0.9984188882772341,0.30073962671176613,True
logistic_regression,100,16,3,0.9279538904899135,16,0.5602729155130414,1.0,True,0.43972708448695863,ok,1.5543122344752192e-15,0.5174606942491935,1.0,0.4825393057508065,True,0.62,0.7940927857921772,1.0,0.20590721420782276,True
logistic_regression,100,16,4,0.9279538904899135,16,0.47927804929066736,1.0,True,0.5207219507093326,ok,1.6802392810433275e-12,0.46713373832484634,1.0,0.5328662616751536,True,0.5700000000000001,0.697679261565468,0.9984188882772341,0.30073962671176613,True
logistic_regression,100,16,5,0.9279538904899135,16,0.516910253008651,1.0,True,0.483089746991349,ok,1.1102230246251565e-16,0.4771191957239138,1.0,0.5228808042760862,True,0.5800000000000001,0.697679261565468,0.9984188882772341,0.30073962671176613,True
logistic_regression,100,16,6,0.9279538904899135,16,0.47995123999771283,1.0,True,0.5200487600022872,ok,9.23344734005127e-13,0.44728018877393605,1.0,0.552719811226064,True,0.55,0.6165237631507364,0.9844863961845861,0.3679626330338497,True
logistic_regression,100,16,7,0.9279538904899135,16,0.5312442532955969,1.0,True,0.4687557467044031,ok,5.662137425588298e-15,0.5174606942491935,1.0,0.4825393057508065,True,0.62,0.697679261565468,0.9984188882772341,0.30073962671176613,True
logistic_regression,100,16,8,0.9279538904899135,16,0.5280271402879074,1.0,True,0.4719728597120926,ok,4.026390332256824e-12,0.5073144796323634,1.0,0.4926855203676366,True,0.61,0.7940927857921772,1.0,0.20590721420782276,True
logistic_regression,100,16,9,0.9279538904899135,16,0.5750851262460149,1.0,True,0.42491487375398507,ok,4.440892098500626e-16,0.5174606942491935,1.0,0.4825393057508065,True,0.62,0.6165237631507364,0.9844863961845861,0.3679626330338497,True
logistic_regression,100,16,10,0.9279538904899135,16,0.5076376072596561,1.0,True,0.4923623927403439,ok,8.881784197001252e-16,0.4771191957239138,1.0,0.5228808042760862,True,0.5800000000000001,0.6165237631507364,0.9844863961845861,0.3679626330338497,True
logistic_regression,100,16,11,0.9279538904899135,16,0.588235420446353,1.0,True,0.411764579553647,ok,8.881784197001252e-16,0.5584667322490411,1.0,0.4415332677509589,True,0.6599999999999999,0.697679261565468,0.9984188882772341,0.30073962671176613,True
logistic_regression,100,16,12,0.9279538904899135,16,0.5167872915274881,1.0,True,0.48321270847251185,ok,1.1102230246251565e-16,0.48714420376677076,1.0,0.5128557962332292,True,0.5900000000000001,0.5435434537683883,0.9595262660940541,0.4159828123256658,True
logistic_regression,100,16,13,0.9279538904899135,16,0.4476002120287968,1.0,True,0.5523997879712033,ok,1.0087486401744172e-12,0.4374115798664712,1.0,0.5625884201335287,True,0.54,0.5435434537683883,0.9595262660940541,0.4159828123256658,True
logistic_regression,100,16,14,0.9279538904899135,16,0.5630949341201241,1.0,True,0.4369050658798759,ok,4.440892098500626e-16,0.4771191957239138,1.0,0.5228808042760862,True,0.5800000000000001,0.7940927857921772,1.0,0.20590721420782276,True
logistic_regression,100,16,15,0.9279538904899135,16,0.432446133275389,1.0,True,0.567553866724611,ok,2.220446049250313e-16,0.4275814848900452,1.0,0.5724185151099548,True,0.53,0.697679261565468,0.9984188882772341,0.30073962671176613,True
logistic_regression,100,16,16,0.9279538904899135,16,0.6647373033816534,1.0,True,0.3352626966183466,ok,2.220446049250313e-16,0.6107340410925517,1.0,0.3892659589074483,True,0.71,0.697679261565468,0.9984188882772341,0.30073962671176613,True
logistic_regression,100,16,17,0.9279538904899135,16,0.5221975277325885,1.0,True,0.47780247226741146,ok,4.440892098500626e-16,0.5073144796323634,1.0,0.4926855203676366,True,0.61,0.697679261565468,0.9984188882772341,0.30073962671176613,True
logistic_regression,100,16,18,0.9279538904899135,16,0.6708144341269691,1.0,True,0.32918556587303094,ok,2.220446049250313e-16,0.5896854458398009,1.0,0.41031455416019913,True,0.69,0.7940927857921772,1.0,0.20590721420782276,True
logistic_regression,100,16,19,0.9279538904899135,16,0.508005161940126,1.0,True,0.491994838059874,ok,2.7755575615628914e-17,0.4771191957239138,1.0,0.5228808042760862,True,0.5800000000000001,0.7940927857921772,1.0,0.20590721420782276,True
logistic_regression,100,16,20,0.9279538904899135,16,0.5603935778492258,1.0,True,0.43960642215077417,ok,5.551115123125783e-17,0.5073144796323634,1.0,0.4926855203676366,True,0.61,0.7940927857921772,1.0,0.20590721420782276,True
logistic_regression,100,16,21,0.9279538904899135,16,0.4788257880397406,1.0,True,0.5211742119602594,ok,3.2701619190333986e-13,0.4275814848900452,1.0,0.5724185151099548,True,0.53,0.7940927857921772,1.0,0.20590721420782276,True
logistic_regression,100,16,22,0.9279538904899135,16,0.6458180777969745,1.0,True,0.35418192220302547,ok,4.440892098500626e-16,0.5896854458398009,1.0,0.41031455416019913,True,0.69,0.5435434537683883,0.9595262660940541,0.4159828123256658,True
logistic_regression,100,16,23,0.9279538904899135,16,0.5358455976505033,1.0,True,0.4641544023494967,ok,1.2795042803048773e-12,0.5073144796323634,1.0,0.4926855203676366,True,0.61,0.697679261565468,0.9984188882772341,0.30073962671176613,True
logistic_regression,100,16,24,0.9279538904899135,16,0.5257015112398767,1.0,True,0.47429848876012326,ok,2.220446049250313e-16,0.46713373832484634,1.0,0.5328662616751536,True,0.5700000000000001,0.7940927857921772,1.0,0.20590721420782276,True
logistic_regression,100,16,25,0.9279538904899135,16,0.5358364089291033,1.0,True,0.46416359107089666,ok,2.2432888879819757e-12,0.5073144796323634,1.0,0.4926855203676366,True,0.61,0.697679261565468,0.9984188882772341,0.30073962671176613,True
logistic_regression,100,16,26,0.9279538904899135,16,0.5315002677750733,1.0,True,0.4684997322249267,ok,1.1102230246251565e-16,0.44728018877393605,1.0,0.552719811226064,True,0.55,0.7940927857921772,1.0,0.20590721420782276,True
logistic_regression,100,16,27,0.9279538904899135,16,0.5490898408860269,1.0,True,0.45091015911397314,ok,0.0,0.48714420376677076,1.0,0.5128557962332292,True,0.5900000000000001,0.5435434537683883,0.9595262660940541,0.4159828123256658,True
logistic_regression,100,16,28,0.9279538904899135,16,0.4845683904443925,1.0,True,0.5154316095556075,ok,8.881784197001252e-16,0.4571874970633177,1.0,0.5428125029366824,True,0.56,0.697679261565468,0.9984188882772341,0.30073962671176613,True
logistic_regression,100,16,29,0.9279538904899135,16,0.4508294033008894,1.0,True,0.5491705966991106,ok,3.843356188859559e-12,0.4374115798664712,1.0,0.5625884201335287,True,0.54,0.697679261565468,0.9984188882772341,0.30073962671176613,True
logistic_regression,100,16,30,0.9279538904899135,16,0.5640768562091943,1.0,True,0.43592314379080566,ok,4.440892098500626e-16,0.5174606942491935,1.0,0.4825393057508065,True,0.62,0.697679261565468,0.9984188882772341,0.30073962671176613,True
logistic_regression,100,16,31,0.9279538904899135,16,0.4860049383835108,1.0,True,0.5139950616164892,ok,1.3322676295501878e-15,0.46713373832484634,1.0,0.5328662616751536,True,0.5700000000000001,0.6165237631507364,0.9844863961845861,0.3679626330338497,True
logistic_regression,100,16,32,0.9279538904899135,16,0.5706901804794776,1.0,True,0.4293098195205224,ok,1.0880185641326534e-14,0.5481506381760306,1.0,0.4518493618239694,True,0.65,0.7940927857921772,1.0,0.20590721420782276,True
logistic_regression,100,16,33,0.9279538904899135,16,0.501832146182575,1.0,True,0.498167853817425,ok,1.9645257642864067e-12,0.48714420376677076,1.0,0.5128557962332292,True,0.5900000000000001,0.697679261565468,0.9984188882772341,0.30073962671176613,True
logistic_regression,100,16,34,0.9279538904899135,16,0.5639827772898893,1.0,True,0.4360172227101107,ok,1.1102230246251565e-16,0.5174606942491935,1.0,0.4825393057508065,True,0.62,0.5435434537683883,0.9595262660940541,0.4159828123256658,True
logistic_regression,100,16,35,0.9279538904899135,16,0.4437862091888511,1.0,True,0.5562137908111489,ok,5.551115123125783e-17,0.41778976540630663,1.0,0.5822102345936934,True,0.52,0.697679261565468,0.9984188882772341,0.30073962671176613,True
logistic_regression,100,16,36,0.9279538904899135,16,0.48627157916835595,1.0,True,0.513728420831644,ok,2.4424906541753444e-15,0.46713373832484634,1.0,0.5328662616751536,True,0.5700000000000001,0.7940927857921772,1.0,0.20590721420782276,True
logistic_regression,100,16,37,0.9279538904899135,16,0.48049597920038,1.0,True,0.51950402079962,ok,8.881784197001252e-16,0.4571874970633177,1.0,0.5428125029366824,True,0.56,0.697679261565468,0.9984188882772341,0.30073962671176613,True
logistic_regression,100,16,38,0.9279538904899135,16,0.5127875932218895,1.0,True,0.4872124067781105,ok,7.077533004107295e-13,0.48714420376677076,1.0,0.5128557962332292,True,0.5900000000000001,0.697679261565468,0.9984188882772341,0.30073962671176613,True
logistic_regression,100,16,39,0.9279538904899135,16,0.5148259506144706,1.0,True,0.48517404938552944,ok,2.5289492722180285e-12,0.4972091504223347,1.0,0.5027908495776653,True,0.6,0.697679261565468,0.9984188882772341,0.30073962671176613,True
logistic_regression,100,16,40,0.9279538904899135,16,0.5921121762515611,1.0,True,0.4078878237484389,ok,4.440892098500626e-16,0.5481506381760306,1.0,0.4518493618239694,True,0.65,0.6165237631507364,0.9844863961845861,0.3679626330338497,True
logistic_regression,100,16,41,0.9279538904899135,16,0.533986975760773,1.0,True,0.46601302423922697,ok,4.440892098500626e-16,0.4771191957239138,1.0,0.5228808042760862,True,0.5800000000000001,0.6165237631507364,0.9844863961845861,0.3679626330338497,True
logistic_regression,100,16,42,0.9279538904899135,16,0.5194835535813541,1.0,True,0.4805164464186459,ok,1.1102230246251565e-16,0.46713373832484634,1.0,0.5328662616751536,True,0.5700000000000001,0.6165237631507364,0.9844863961845861,0.3679626330338497,True
logistic_regression,100,16,43,0.9279538904899135,16,0.5222162600337521,1.0,True,0.4777837399662479,ok,1.6672080382917898e-12,0.4972091504223347,1.0,0.5027908495776653,True,0.6,0.7940927857921772,1.0,0.20590721420782276,True
logistic_regression,100,16,44,0.9279538904899135,16,0.6460890808214159,1.0,True,0.3539109191785841,ok,7.771561172376096e-16,0.6107340410925517,1.0,0.3892659589074483,True,0.71,0.6165237631507364,0.9844863961845861,0.3679626330338497,True
logistic_regression,100,16,45,0.9279538904899135,16,0.53177216743322,1.0,True,0.46822783256678,ok,2.6695728960746123e-12,0.5073144796323634,1.0,0.4926855203676366,True,0.61,0.697679261565468,0.9984188882772341,0.30073962671176613,True
logistic_regression,100,16,46,0.9279538904899135,16,0.544054513003698,1.0,True,0.455945486996302,ok,1.199040866595169e-14,0.527648359448317,1.0,0.472351640551683,True,0.63,0.697679261565468,0.9984188882772341,0.30073962671176613,True
logistic_regression,100,16,47,0.9279538904899135,16,0.6275825873287155,1.0,True,0.3724174126712845,ok,2.220446049250313e-16,0.527648359448317,1.0,0.472351640551683,True,0.63,0.6165237631507364,0.9844863961845861,0.3679626330338497,True
logistic_regression,100,16,48,0.9279538904899135,16,0.5277840642306496,1.0,True,0.4722159357693504,ok,2.7755575615628914e-17,0.4771191957239138,1.0,0.5228808042760862,True,0.5800000000000001,0.7940927857921772,1.0,0.20590721420782276,True
logistic_regression,100,16,49,0.9279538904899135,16,0.5020303659578691,1.0,True,0.4979696340421309,ok,2.220446049250313e-16,0.44728018877393605,1.0,0.552719811226064,True,0.55,0.7940927857921772,1.0,0.20590721420782276,True
logistic_regression,100,16,50,0.9279538904899135,16,0.5790509048628656,1.0,True,0.4209490951371344,ok,7.771561172376096e-16,0.48714420376677076,1.0,0.5128557962332292,True,0.5900000000000001,0.6165237631507364,0.9844863961845861,0.3679626330338497,True
logistic_regression,100,16,51,0.9279538904899135,16,0.5687154500230952,1.0,True,0.4312845499769048,ok,4.440892098500626e-16,0.5378781066725769,1.0,0.46212189332742315,True,0.64,0.7940927857921772,1.0,0.20590721420782276,True
logistic_regression,100,16,52,0.9279538904899135,16,0.517357165710122,1.0,True,0.482642834289878,ok,5.551115123125783e-16,0.48714420376677076,1.0,0.5128557962332292,True,0.5900000000000001,0.697679261565468,0.9984188882772341,0.30073962671176613,True
logistic_regression,100,16,53,0.9279538904899135,16,0.6360884216320634,1.0,True,0.36391157836793664,ok,0.0,0.5481506381760306,1.0,0.4518493618239694,True,0.65,0.697679261565468,0.9984188882772341,0.30073962671176613,True
logistic_regression,100,16,54,0.9279538904899135,16,0.47995123999771283,1.0,True,0.5200487600022872,ok,2.220446049250313e-16,0.44728018877393605,1.0,0.552719811226064,True,0.55,0.7940927857921772,1.0,0.20590721420782276,True
logistic_regression,100,16,55,0.9279538904899135,16,0.6567612880367826,1.0,True,0.3432387119632174,ok,3.774758283725532e-15,0.5792331383683775,1.0,0.42076686163162247,True,0.6799999999999999,0.6165237631507364,0.9844863961845861,0.3679626330338497,True
logistic_regression,100,16,56,0.9279538904899135,16,0.4755414232186062,1.0,True,0.5244585767813938,ok,2.138761390213517e-12,0.44728018877393605,1.0,0.552719811226064,True,0.55,0.5435434537683883,0.9595262660940541,0.4159828123256658,True
logistic_regression,100,16,57,0.9279538904899135,16,0.4305692094989498,1.0,True,0.5694307905010503,ok,2.220446049250313e-16,0.39832112950330095,1.0,0.6016788704966991,True,0.5,0.6165237631507364,0.9844863961845861,0.3679626330338497,True
logistic_regression,100,16,58,0.9279538904899135,16,0.54058226148513,1.0,True,0.45941773851487,ok,1.2212453270876722e-15,0.4972091504223347,1.0,0.5027908495776653,True,0.6,0.7940927857921772,1.0,0.20590721420782276,True
logistic_regression,100,16,59,0.9279538904899135,16,0.6057989109421513,1.0,True,0.3942010890578487,ok,1.1102230246251565e-16,0.5378781066725769,1.0,0.46212189332742315,True,0.64,0.7940927857921772,1.0,0.20590721420782276,True
logistic_regression,100,16,60,0.9279538904899135,16,0.5603935778492258,1.0,True,0.43960642215077417,ok,1.3322676295501878e-15,0.5073144796323634,1.0,0.4926855203676366,True,0.61,0.697679261565468,0.9984188882772341,0.30073962671176613,True
logistic_regression,100,16,61,0.9279538904899135,16,0.45846511442641036,1.0,True,0.5415348855735896,ok,1.1102230246251565e-16,0.41778976540630663,1.0,0.5822102345936934,True,0.52,0.7940927857921772,1.0,0.20590721420782276,True
logistic_regression,100,16,62,0.9279538904899135,16,0.5682607786155275,1.0,True,0.4317392213844725,ok,1.7763568394002505e-15,0.527648359448317,1.0,0.472351640551683,True,0.63,0.697679261565468,0.9984188882772341,0.30073962671176613,True
logistic_regression,100,16,63,0.9279538904899135,16,0.5825515829269511,1.0,True,0.4174484170730489,ok,4.440892098500626e-16,0.5481506381760306,1.0,0.4518493618239694,True,0.65,0.7940927857921772,1.0,0.20590721420782276,True
logistic_regression,100,16,64,0.9279538904899135,16,0.48521085533853126,1.0,True,0.5147891446614687,ok,1.1102230246251565e-16,0.4275814848900452,1.0,0.5724185151099548,True,0.53,0.697679261565468,0.9984188882772341,0.30073962671176613,True
logistic_regression,100,16,65,0.9279538904899135,16,0.48483334470619127,1.0,True,0.5151666552938088,ok,4.440892098500626e-16,0.44728018877393605,1.0,0.552719811226064,True,0.55,0.697679261565468,0.9984188882772341,0.30073962671176613,True
logistic_regression,100,16,66,0.9279538904899135,16,0.6504765198084146,1.0,True,0.3495234801915854,ok,1.1102230246251565e-16,0.6001853238201958,1.0,0.39981467617980415,True,0.7,0.697679261565468,0.9984188882772341,0.30073962671176613,True
logistic_regression,100,16,67,0.9279538904899135,16,0.5400450669954476,1.0,True,0.45995493300455237,ok,3.790495695099594e-12,0.5073144796323634,1.0,0.4926855203676366,True,0.61,0.7940927857921772,1.0,0.20590721420782276,True
logistic_regression,100,16,68,0.9279538904899135,16,0.5211946534622864,1.0,True,0.47880534653771356,ok,4.3152148521130584e-12,0.5073144796323634,1.0,0.4926855203676366,True,0.61,0.697679261565468,0.9984188882772341,0.30073962671176613,True
logistic_regression,100,16,69,0.9279538904899135,16,0.5169040714289619,1.0,True,0.4830959285710381,ok,4.440892098500626e-16,0.4771191957239138,1.0,0.5228808042760862,True,0.5800000000000001,0.7940927857921772,1.0,0.20590721420782276,True
logistic_regression,100,16,70,0.9279538904899135,16,0.5075346520345095,1.0,True,0.49246534796549046,ok,5.551115123125783e-17,0.4771191957239138,1.0,0.5228808042760862,True,0.5800000000000001,0.7940927857921772,1.0,0.20590721420782276,True
logistic_regression,100,16,71,0.9279538904899135,16,0.5279592513604368,1.0,True,0.47204074863956325,ok,4.440892098500626e-16,0.5073144796323634,1.0,0.4926855203676366,True,0.61,0.7940927857921772,1.0,0.20590721420782276,True
logistic_regression,100,16,72,0.9279538904899135,16,0.4982864698047785,1.0,True,0.5017135301952216,ok,2.8168994914423706e-12,0.46713373832484634,1.0,0.5328662616751536,True,0.5700000000000001,0.7940927857921772,1.0,0.20590721420782276,True
logistic_regression,100,16,73,0.9279538904899135,16,0.5029311416612978,1.0,True,0.4970688583387022,ok,2.220446049250313e-16,0.46713373832484634,1.0,0.5328662616751536,True,0.5700000000000001,0.697679261565468,0.9984188882772341,0.30073962671176613,True
logistic_regression,100,16,74,0.9279538904899135,16,0.4792771572332845,1.0,True,0.5207228427667154,ok,0.0,0.46713373832484634,1.0,0.5328662616751536,True,0.5700000000000001,0.7940927857921772,1.0,0.20590721420782276,True
logistic_regression,100,16,75,0.9279538904899135,16,0.47705180966735267,1.0,True,0.5229481903326474,ok,1.0237921621580881e-12,0.44728018877393605,1.0,0.552719811226064,True,0.55,0.7940927857921772,1.0,0.20590721420782276,True
logistic_regression,100,16,76,0.9279538904899135,16,0.5642871764548316,1.0,True,0.4357128235451684,ok,1.1102230246251565e-16,0.4972091504223347,1.0,0.5027908495776653,True,0.6,0.697679261565468,0.9984188882772341,0.30073962671176613,True
logistic_regression,100,16,77,0.9279538904899135,16,0.603941459742649,1.0,True,0.396058540257351,ok,1.3877787807814457e-17,0.527648359448317,1.0,0.472351640551683,True,0.63,0.697679261565468,0.9984188882772341,0.30073962671176613,True
logistic_regression,100,16,78,0.9279538904899135,16,0.5635321076918378,1.0,True,0.4364678923081622,ok,4.440892098500626e-16,0.527648359448317,1.0,0.472351640551683,True,0.63,0.697679261565468,0.9984188882772341,0.30073962671176613,True
logistic_regression,100,16,79,0.9279538904899135,16,0.42884830752410724,1.0,True,0.5711516924758928,ok,0.0,0.41778976540630663,1.0,0.5822102345936934,True,0.52,0.7940927857921772,1.0,0.20590721420782276,True
logistic_regression,100,16,80,0.9279538904899135,16,0.6697605378609589,1.0,True,0.3302394621390411,ok,4.440892098500626e-16,0.5792331383683775,1.0,0.42076686163162247,True,0.6799999999999999,0.6165237631507364,0.9844863961845861,0.3679626330338497,True
logistic_regression,100,16,81,0.9279538904899135,16,0.5182877389815931,1.0,True,0.4817122610184069,ok,4.440892098500626e-16,0.4972091504223347,1.0,0.5027908495776653,True,0.6,0.7940927857921772,1.0,0.20590721420782276,True
logistic_regression,100,16,82,0.9279538904899135,16,0.5279592513604368,1.0,True,0.47204074863956325,ok,2.9634489306928913e-12,0.5073144796323634,1.0,0.4926855203676366,True,0.61,0.6165237631507364,0.9844863961845861,0.3679626330338497,True
logistic_regression,100,16,83,0.9279538904899135,16,0.5889191260457607,1.0,True,0.4110808739542393,ok,1.1102230246251565e-16,0.5174606942491935,1.0,0.4825393057508065,True,0.62,0.697679261565468,0.9984188882772341,0.30073962671176613,True
logistic_regression,100,16,84,0.9279538904899135,16,0.4826071596172799,1.0,True,0.5173928403827202,ok,2.5466156960973763e-12,0.46713373832484634,1.0,0.5328662616751536,True,0.5700000000000001,0.5435434537683883,0.9595262660940541,0.4159828123256658,True
logistic_regression,100,16,85,0.9279538904899135,16,0.5514201557308804,1.0,True,0.44857984426911957,ok,2.3185481312637535e-12,0.527648359448317,1.0,0.472351640551683,True,0.63,0.7940927857921772,1.0,0.20590721420782276,True
logistic_regression,100,16,86,0.9279538904899135,16,0.4993060201463806,1.0,True,0.5006939798536194,ok,5.551115123125783e-16,0.4771191957239138,1.0,0.5228808042760862,True,0.5800000000000001,0.7940927857921772,1.0,0.20590721420782276,True
logistic_regression,100,16,87,0.9279538904899135,16,0.5785335102224481,1.0,True,0.42146648977755186,ok,3.550632010629329e-13,0.5481506381760306,1.0,0.4518493618239694,True,0.65,0.7940927857921772,1.0,0.20590721420782276,True
logistic_regression,100,16,88,0.9279538904899135,16,0.5425658021521931,1.0,True,0.4574341978478069,ok,8.881784197001252e-16,0.48714420376677076,1.0,0.5128557962332292,True,0.5900000000000001,0.697679261565468,0.9984188882772341,0.30073962671176613,True
logistic_regression,100,16,89,0.9279538904899135,16,0.48049597920038,1.0,True,0.51950402079962,ok,1.1525363996511828e-12,0.4571874970633177,1.0,0.5428125029366824,True,0.56,0.697679261565468,0.9984188882772341,0.30073962671176613,True
logistic_regression,100,16,90,0.9279538904899135,16,0.5591107573631964,1.0,True,0.4408892426368036,ok,3.3171937419140818e-12,0.527648359448317,1.0,0.472351640551683,True,0.63,0.7940927857921772,1.0,0.20590721420782276,True
logistic_regression,100,16,91,0.9279538904899135,16,0.5795834852289021,1.0,True,0.42041651477109787,ok,1.1102230246251565e-16,0.5073144796323634,1.0,0.4926855203676366,True,0.61,0.6165237631507364,0.9844863961845861,0.3679626330338497,True
logistic_regression,100,16,92,0.9279538904899135,16,0.49441668822914264,1.0,True,0.5055833117708574,ok,2.220446049250313e-16,0.4571874970633177,1.0,0.5428125029366824,True,0.56,0.6165237631507364,0.9844863961845861,0.3679626330338497,True
logistic_regression,100,16,93,0.9279538904899135,16,0.4579783058077292,1.0,True,0.5420216941922709,ok,9.992007221626409e-15,0.4374115798664712,1.0,0.5625884201335287,True,0.54,0.697679261565468,0.9984188882772341,0.30073962671176613,True
logistic_regression,100,16,94,0.9279538904899135,16,0.5411361457455625,1.0,True,0.45886385425443754,ok,4.768269112886969e-13,0.4972091504223347,1.0,0.5027908495776653,True,0.6,0.6165237631507364,0.9844863961845861,0.3679626330338497,True
logistic_regression,100,16,95,0.9279538904899135,16,0.6458180777969745,1.0,True,0.35418192220302547,ok,6.661338147750939e-16,0.5896854458398009,1.0,0.41031455416019913,True,0.69,0.697679261565468,0.9984188882772341,0.30073962671176613,True
logistic_regression,100,16,96,0.9279538904899135,16,0.5495782046629971,1.0,True,0.4504217953370029,ok,2.3115953595720384e-12,0.5073144796323634,1.0,0.4926855203676366,True,0.61,0.697679261565468,0.9984188882772341,0.30073962671176613,True
logistic_regression,100,16,97,0.9279538904899135,16,0.43815164140759433,1.0,True,0.5618483585924057,ok,2.220446049250313e-16,0.4275814848900452,1.0,0.5724185151099548,True,0.53,0.5435434537683883,0.9595262660940541,0.4159828123256658,True
logistic_regression,100,16,98,0.9279538904899135,16,0.5459424342894006,1.0,True,0.4540575657105994,ok,2.220446049250313e-16,0.4972091504223347,1.0,0.5027908495776653,True,0.6,0.697679261565468,0.9984188882772341,0.30073962671176613,True
logistic_regression,100,16,99,0.9279538904899135,16,0.4532509348094664,1.0,True,0.5467490651905336,ok,1.353500644896144e-13,0.4275814848900452,1.0,0.5724185151099548,True,0.53,0.6165237631507364,0.9844863961845861,0.3679626330338497,True
logistic_regression,100,64,0,0.9279538904899135,65,0.7538456383281996,1.0,True,0.24615436167180038,ok,9.439671266875393e-14,0.7646924998510451,1.0,0.23530750014895485,True,0.85,0.829543709511075,0.974551532980957,0.14500782346988195,True
logistic_regression,100,64,1,0.9279538904899135,65,0.8064939211858477,1.0,True,0.19350607881415227,ok,2.0905499553691698e-13,0.8116988678035574,1.0,0.18830113219644262,True,0.89,0.8709887201017411,0.9903789211596614,0.11939020105792031,True
logistic_regression,100,64,2,0.9279538904899135,65,0.8016466728191145,1.0,True,0.1983533271808855,ok,1.3877787807814457e-17,0.8116988678035574,1.0,0.18830113219644262,True,0.89,0.829543709511075,0.974551532980957,0.14500782346988195,True
logistic_regression,100,64,3,0.9279538904899135,65,0.8183904951947828,1.0,True,0.1816095048052172,ok,1.2212453270876722e-15,0.8237774022599773,1.0,0.1762225977400227,True,0.9,0.8709887201017411,0.9903789211596614,0.11939020105792031,True
logistic_regression,100,64,4,0.9279538904899135,65,0.802675155148538,1.0,True,0.19732484485146196,ok,1.3322676295501878e-15,0.8116988678035574,1.0,0.18830113219644262,True,0.89,0.829543709511075,0.974551532980957,0.14500782346988195,True
logistic_regression,100,64,5,0.9279538904899135,65,0.7824903018744667,1.0,True,0.21750969812553334,ok,8.189005029635155e-13,0.7879593229125502,1.0,0.21204067708744978,True,0.87,0.849866599329491,0.9829800288169797,0.1331134294874886,True
logistic_regression,100,64,6,0.9279538904899135,65,0.7538327588517323,1.0,True,0.2461672411482677,ok,2.220446049250313e-16,0.7646924998510451,1.0,0.23530750014895485,True,0.85,0.809834160783301,0.9653663477859001,0.1555321870025992,True
logistic_regression,100,64,7,0.9279538904899135,65,0.8462886286163116,1.0,True,0.1537113713836884,ok,1.1102230246251565e-16,0.848442364135579,1.0,0.15155763586442095,True,0.92,0.849866599329491,0.9829800288169797,0.1331134294874886,True
logistic_regression,100,64,8,0.9279538904899135,65,0.74416742464891,1.0,True,0.25583257535109005,ok,2.9976021664879227e-15,0.7532124025891377,1.0,0.2467875974108623,True,0.84,0.9448283656811866,1.0,0.055171634318813445,False
logistic_regression,100,64,9,0.9279538904899135,65,0.8011758475233727,1.0,True,0.19882415247662732,ok,1.1102230246251565e-16,0.8116988678035574,1.0,0.18830113219644262,True,0.89,0.7906184007420958,0.9555913430791529,0.16497294233705717,True
logistic_regression,100,64,10,0.9279538904899135,65,0.7417515650009584,1.0,True,0.2582484349990416,ok,1.1102230246251565e-16,0.7532124025891377,1.0,0.2467875974108623,True,0.84,0.829543709511075,0.974551532980957,0.14500782346988195,True
logistic_regression,100,64,11,0.9279538904899135,65,0.8139661097470384,1.0,True,0.18603389025296158,ok,1.62231339473351e-13,0.8237774022599773,1.0,0.1762225977400227,True,0.9,0.7906184007420958,0.9555913430791529,0.16497294233705717,True
logistic_regression,100,64,12,0.9279538904899135,65,0.8269374324799387,1.0,True,0.17306256752006133,ok,3.3306690738754696e-16,0.8360177449703647,1.0,0.16398225502963526,True,0.91,0.7533617146788831,0.9346803759921305,0.18131866131324736,True
logistic_regression,100,64,13,0.9279538904899135,65,0.8809550875324094,1.0,True,0.11904491246759064,ok,1.1102230246251565e-16,0.8871650888945373,1.0,0.11283491110546273,True,0.95,0.8709887201017411,0.9903789211596614,0.11939020105792031,True
logistic_regression,100,64,14,0.9279538904899135,65,0.873578939419362,1.0,True,0.12642106058063796,ok,5.717648576819556e-15,0.8739700654191771,1.0,0.1260299345808229,True,0.94,0.8932296794256009,0.9962517377804871,0.1030220583548862,True
logistic_regression,100,64,15,0.9279538904899135,65,0.7905014556243398,1.0,True,0.20949854437566018,ok,2.220446049250313e-16,0.7997643163800312,1.0,0.2002356836199688,True,0.88,0.8932296794256009,0.9962517377804871,0.1030220583548862,True
logistic_regression,100,64,16,0.9279538904899135,65,0.7571595421139731,1.0,True,0.24284045788602693,ok,1.1102230246251565e-16,0.7646924998510451,1.0,0.23530750014895485,True,0.85,0.809834160783301,0.9653663477859001,0.1555321870025992,True
logistic_regression,100,64,17,0.9279538904899135,65,0.8033486171758552,1.0,True,0.19665138282414485,ok,3.169686735304822e-14,0.8116988678035574,1.0,0.18830113219644262,True,0.89,0.9172369122555336,0.9996105711089028,0.08237365885336922,True
logistic_regression,100,64,18,0.9279538904899135,65,0.754862685361564,1.0,True,0.24513731463843602,ok,2.220446049250313e-16,0.7646924998510451,1.0,0.23530750014895485,True,0.85,0.849866599329491,0.9829800288169797,0.1331134294874886,True
logistic_regression,100,64,19,0.9279538904899135,65,0.8457652386402522,1.0,True,0.15423476135974779,ok,5.551115123125783e-17,0.848442364135579,1.0,0.15155763586442095,True,0.92,0.849866599329491,0.9829800288169797,0.1331134294874886,True
logistic_regression,100,64,20,0.9279538904899135,65,0.801185367469376,1.0,True,0.19881463253062404,ok,2.220446049250313e-16,0.8116988678035574,1.0,0.18830113219644262,True,0.89,0.829543709511075,0.974551532980957,0.14500782346988195,True
logistic_regression,100,64,21,0.9279538904899135,65,0.8269464908890357,1.0,True,0.1730535091109643,ok,4.440892098500626e-16,0.8360177449703647,1.0,0.16398225502963526,True,0.91,0.7718141059386241,0.945336898398113,0.17352279245948887,True
logistic_regression,100,64,22,0.9279538904899135,65,0.7890866150437725,1.0,True,0.21091338495622747,ok,1.8618440122963875e-13,0.7997643163800312,1.0,0.2002356836199688,True,0.88,0.8709887201017411,0.9903789211596614,0.11939020105792031,True
logistic_regression,100,64,23,0.9279538904899135,65,0.7448569403447233,1.0,True,0.2551430596552767,ok,8.647527138805344e-13,0.7532124025891377,1.0,0.2467875974108623,True,0.84,0.7718141059386241,0.945336898398113,0.17352279245948887,True
logistic_regression,100,64,24,0.9279538904899135,65,0.7779697921788986,1.0,True,0.2220302078211014,ok,2.7755575615628914e-17,0.7879593229125502,1.0,0.21204067708744978,True,0.87,0.8932296794256009,0.9962517377804871,0.1030220583548862,True
logistic_regression,100,64,25,0.9279538904899135,65,0.8563835254503737,1.0,True,0.14361647454962634,ok,1.1102230246251565e-16,0.8610802715441427,1.0,0.13891972845585732,True,0.9299999999999999,0.809834160783301,0.9653663477859001,0.1555321870025992,True
logistic_regression,100,64,26,0.9279538904899135,65,0.7784924937187065,1.0,True,0.22150750628129345,ok,5.551115123125783e-16,0.7879593229125502,1.0,0.21204067708744978,True,0.87,0.809834160783301,0.9653663477859001,0.1555321870025992,True
logistic_regression,100,64,27,0.9279538904899135,65,0.75412387004092,1.0,True,0.24587612995908004,ok,4.2760239793437904e-13,0.7646924998510451,1.0,0.23530750014895485,True,0.85,0.8709887201017411,0.9903789211596614,0.11939020105792031,True
logistic_regression,100,64,28,0.9279538904899135,65,0.8570932079663717,1.0,True,0.14290679203362833,ok,1.1102230246251565e-16,0.8610802715441427,1.0,0.13891972845585732,True,0.9299999999999999,0.8932296794256009,0.9962517377804871,0.1030220583548862,True
logistic_regression,100,64,29,0.9279538904899135,65,0.8144679692530782,1.0,True,0.18553203074692182,ok,2.631228568361621e-14,0.8237774022599773,1.0,0.1762225977400227,True,0.9,0.829543709511075,0.974551532980957,0.14500782346988195,True
logistic_regression,100,64,30,0.9279538904899135,65,0.8430204643581325,1.0,True,0.1569795356418675,ok,1.1102230246251565e-16,0.848442364135579,1.0,0.15155763586442095,True,0.92,0.8709887201017411,0.9903789211596614,0.11939020105792031,True
logistic_regression,100,64,31,0.9279538904899135,65,0.804102227198893,1.0,True,0.19589777280110698,ok,7.771561172376096e-16,0.8116988678035574,1.0,0.18830113219644262,True,0.89,0.809834160783301,0.9653663477859001,0.1555321870025992,True
logistic_regression,100,64,32,0.9279538904899135,65,0.8297367205059116,1.0,True,0.17026327949408837,ok,8.604228440844963e-16,0.8360177449703647,1.0,0.16398225502963526,True,0.91,0.8709887201017411,0.9903789211596614,0.11939020105792031,True
logistic_regression,100,64,33,0.9279538904899135,65,0.8123291628308226,1.0,True,0.18767083716917743,ok,2.710505431213761e-20,0.8116988678035574,1.0,0.18830113219644262,True,0.89,0.7533617146788831,0.9346803759921305,0.18131866131324736,True
logistic_regression,100,64,34,0.9279538904899135,65,0.781534986357571,1.0,True,0.21846501364242898,ok,3.269606807521086e-14,0.7879593229125502,1.0,0.21204067708744978,True,0.87,0.8709887201017411,0.9903789211596614,0.11939020105792031,True
logistic_regression,100,64,35,0.9279538904899135,65,0.7197482217920409,1.0,True,0.2802517782079591,ok,2.220446049250313e-15,0.7305229140331881,1.0,0.26947708596681186,True,0.8200000000000001,0.849866599329491,0.9829800288169797,0.1331134294874886,True
logistic_regression,100,64,36,0.9279538904899135,65,0.7770528336408803,1.0,True,0.2229471663591197,ok,4.235164736271502e-22,0.7879593229125502,1.0,0.21204067708744978,True,0.87,0.9172369122555336,0.9996105711089028,0.08237365885336922,True
logistic_regression,100,64,37,0.9279538904899135,65,0.8158507572590203,1.0,True,0.18414924274097966,ok,6.783462680459706e-14,0.8237774022599773,1.0,0.1762225977400227,True,0.9,0.829543709511075,0.974551532980957,0.14500782346988195,True
logistic_regression,100,64,38,0.9279538904899135,65,0.8165691532692954,1.0,True,0.18343084673070464,ok,5.745404152435185e-15,0.8237774022599773,1.0,0.1762225977400227,True,0.9,0.809834160783301,0.9653663477859001,0.1555321870025992,True
logistic_regression,100,64,39,0.9279538904899135,65,0.685452223261215,0.9945297920691727,True,0.30907756880795767,ok,1.3322676295501878e-15,0.6970846206494593,1.0,0.3029153793505407,True,0.79,0.8709887201017411,0.9903789211596614,0.11939020105792031,True
logistic_regression,100,64,40,0.9279538904899135,65,0.8075631608063567,1.0,True,0.1924368391936433,ok,3.559375016948252e-13,0.8116988678035574,1.0,0.18830113219644262,True,0.89,0.8709887201017411,0.9903789211596614,0.11939020105792031,True
logistic_regression,100,64,41,0.9279538904899135,65,0.8438990991350234,1.0,True,0.15610090086497663,ok,9.55291401538716e-13,0.848442364135579,1.0,0.15155763586442095,True,0.92,0.849866599329491,0.9829800288169797,0.1331134294874886,True
logistic_regression,100,64,42,0.9279538904899135,65,0.8323882923784706,1.0,True,0.16761170762152944,ok,1.7430501486614958e-14,0.8360177449703647,1.0,0.16398225502963526,True,0.91,0.829543709511075,0.974551532980957,0.14500782346988195,True
logistic_regression,100,64,43,0.9279538904899135,65,0.7896174739529433,1.0,True,0.21038252604705665,ok,1.1102230246251565e-16,0.7997643163800312,1.0,0.2002356836199688,True,0.88,0.829543709511075,0.974551532980957,0.14500782346988195,True
logistic_regression,100,64,44,0.9279538904899135,65,0.8149809032040594,1.0,True,0.18501909679594064,ok,2.220446049250313e-16,0.8237774022599773,1.0,0.1762225977400227,True,0.9,0.8932296794256009,0.9962517377804871,0.1030220583548862,True
logistic_regression,100,64,45,0.9279538904899135,65,0.8546371573123409,1.0,True,0.1453628426876591,ok,1.1102230246251565e-16,0.8610802715441427,1.0,0.13891972845585732,True,0.9299999999999999,0.7533617146788831,0.9346803759921305,0.18131866131324736,True
logistic_regression,100,64,46,0.9279538904899135,65,0.8827503906787729,1.0,True,0.11724960932122708,ok,1.1102230246251565e-16,0.8871650888945373,1.0,0.11283491110546273,True,0.95,0.7718141059386241,0.945336898398113,0.17352279245948887,True
logistic_regression,100,64,47,0.9279538904899135,65,0.7800487752780044,1.0,True,0.21995122472199558,ok,2.512434704726729e-13,0.7879593229125502,1.0,0.21204067708744978,True,0.87,0.7352164914005872,0.9236784215999996,0.18846193019941238,False
logistic_regression,100,64,48,0.9279538904899135,65,0.8801084588453686,1.0,True,0.11989154115463141,ok,6.791234241632083e-13,0.8871650888945373,1.0,0.11283491110546273,True,0.95,0.7906184007420958,0.9555913430791529,0.16497294233705717,True
logistic_regression,100,64,49,0.9279538904899135,65,0.7880775573084486,1.0,True,0.21192244269155136,ok,5.421010862427522e-20,0.7997643163800312,1.0,0.2002356836199688,True,0.88,0.8709887201017411,0.9903789211596614,0.11939020105792031,True
logistic_regression,100,64,50,0.9279538904899135,65,0.7426946564739714,1.0,True,0.25730534352602863,ok,2.220446049250313e-16,0.7532124025891377,1.0,0.2467875974108623,True,0.84,0.8709887201017411,0.9903789211596614,0.11939020105792031,True
logistic_regression,100,64,51,0.9279538904899135,65,0.8003748243543554,1.0,True,0.19962517564564464,ok,2.885469641000782e-13,0.8116988678035574,1.0,0.18830113219644262,True,0.89,0.849866599329491,0.9829800288169797,0.1331134294874886,True
logistic_regression,100,64,52,0.9279538904899135,65,0.7550006841915966,1.0,True,0.2449993158084034,ok,2.220446049250313e-16,0.7646924998510451,1.0,0.23530750014895485,True,0.85,0.8709887201017411,0.9903789211596614,0.11939020105792031,True
logistic_regression,100,64,53,0.9279538904899135,65,0.8383812048824629,1.0,True,0.16161879511753707,ok,5.9396931817445875e-15,0.848442364135579,1.0,0.15155763586442095,True,0.92,0.7718141059386241,0.945336898398113,0.17352279245948887,True
logistic_regression,100,64,54,0.9279538904899135,65,0.8198842150170063,1.0,True,0.18011578498299374,ok,6.661338147750939e-16,0.8237774022599773,1.0,0.1762225977400227,True,0.9,0.849866599329491,0.9829800288169797,0.1331134294874886,True
logistic_regression,100,64,55,0.9279538904899135,65,0.8027353811356779,1.0,True,0.19726461886432212,ok,9.940936962493652e-13,0.8116988678035574,1.0,0.18830113219644262,True,0.89,0.7533617146788831,0.9346803759921305,0.18131866131324736,True
logistic_regression,100,64,56,0.9279538904899135,65,0.7919738015304807,1.0,True,0.2080261984695193,ok,1.1102230246251565e-16,0.7997643163800312,1.0,0.2002356836199688,True,0.88,0.8932296794256009,0.9962517377804871,0.1030220583548862,True
logistic_regression,100,64,57,0.9279538904899135,65,0.8438460995866014,1.0,True,0.1561539004133986,ok,2.220446049250313e-16,0.848442364135579,1.0,0.15155763586442095,True,0.92,0.8709887201017411,0.9903789211596614,0.11939020105792031,True
logistic_regression,100,64,58,0.9279538904899135,65,0.768869385514866,1.0,True,0.23113061448513395,ok,1.1102230246251565e-16,0.7762720186294323,1.0,0.2237279813705677,True,0.86,0.7906184007420958,0.9555913430791529,0.16497294233705717,True
logistic_regression,100,64,59,0.9279538904899135,65,0.7959961669401874,1.0,True,0.20400383305981262,ok,3.3306690738754696e-16,0.7997643163800312,1.0,0.2002356836199688,True,0.88,0.8709887201017411,0.9903789211596614,0.11939020105792031,True
logistic_regression,100,64,60,0.9279538904899135,65,0.7791091981300027,1.0,True,0.22089080186999732,ok,1.1102230246251565e-16,0.7879593229125502,1.0,0.21204067708744978,True,0.87,0.8709887201017411,0.9903789211596614,0.11939020105792031,True
logistic_regression,100,64,61,0.9279538904899135,65,0.8680676831329597,1.0,True,0.13193231686704032,ok,5.3179682879545e-14,0.8739700654191771,1.0,0.1260299345808229,True,0.94,0.849866599329491,0.9829800288169797,0.1331134294874886,True
logistic_regression,100,64,62,0.9279538904899135,65,0.8394392837170845,1.0,True,0.16056071628291546,ok,1.0466766342531741e-12,0.848442364135579,1.0,0.15155763586442095,True,0.92,0.8932296794256009,0.9962517377804871,0.1030220583548862,True
logistic_regression,100,64,63,0.9279538904899135,65,0.8669484699625594,1.0,True,0.13305153003744064,ok,5.551115123125783e-16,0.8739700654191771,1.0,0.1260299345808229,True,0.94,0.809834160783301,0.9653663477859001,0.1555321870025992,True
logistic_regression,100,64,64,0.9279538904899135,65,0.7894801641104172,1.0,True,0.21051983588958278,ok,2.220446049250313e-16,0.7997643163800312,1.0,0.2002356836199688,True,0.88,0.809834160783301,0.9653663477859001,0.1555321870025992,True
logistic_regression,100,64,65,0.9279538904899135,65,0.8029559866745741,1.0,True,0.19704401332542587,ok,1.609823385706477e-15,0.8116988678035574,1.0,0.18830113219644262,True,0.89,0.809834160783301,0.9653663477859001,0.1555321870025992,True
logistic_regression,100,64,66,0.9279538904899135,65,0.7666790800118992,1.0,True,0.23332091998810078,ok,9.270362255620057e-15,0.7762720186294323,1.0,0.2237279813705677,True,0.86,0.829543709511075,0.974551532980957,0.14500782346988195,True
logistic_regression,100,64,67,0.9279538904899135,65,0.7934539673537646,1.0,True,0.2065460326462354,ok,3.3306690738754696e-16,0.7997643163800312,1.0,0.2002356836199688,True,0.88,0.849866599329491,0.9829800288169797,0.1331134294874886,True
logistic_regression,100,64,68,0.9279538904899135,65,0.7784822634126947,1.0,True,0.22151773658730534,ok,0.0,0.7879593229125502,1.0,0.21204067708744978,True,0.87,0.8709887201017411,0.9903789211596614,0.11939020105792031,True
logistic_regression,100,64,69,0.9279538904899135,65,0.7604550510517132,1.0,True,0.23954494894828682,ok,4.440892098500626e-16,0.7646924998510451,1.0,0.23530750014895485,True,0.85,0.8709887201017411,0.9903789211596614,0.11939020105792031,True
logistic_regression,100,64,70,0.9279538904899135,65,0.7454613014754192,1.0,True,0.2545386985245808,ok,8.215650382226158e-15,0.7532124025891377,1.0,0.2467875974108623,True,0.84,0.829543709511075,0.974551532980957,0.14500782346988195,True
logistic_regression,100,64,71,0.9279538904899135,65,0.7774833396467533,1.0,True,0.2225166603532467,ok,2.220446049250313e-16,0.7879593229125502,1.0,0.21204067708744978,True,0.87,0.7906184007420958,0.9555913430791529,0.16497294233705717,True
logistic_regression,100,64,72,0.9279538904899135,65,0.7543711006703393,1.0,True,0.2456288993296607,ok,2.7755575615628914e-17,0.7646924998510451,1.0,0.23530750014895485,True,0.85,0.7718141059386241,0.945336898398113,0.17352279245948887,True
logistic_regression,100,64,73,0.9279538904899135,65,0.7774989392569598,1.0,True,0.2225010607430402,ok,2.745581539898012e-13,0.7879593229125502,1.0,0.21204067708744978,True,0.87,0.8709887201017411,0.9903789211596614,0.11939020105792031,True
logistic_regression,100,64,74,0.9279538904899135,65,0.7809603834264741,1.0,True,0.21903961657352589,ok,6.439293542825908e-15,0.7879593229125502,1.0,0.21204067708744978,True,0.87,0.829543709511075,0.974551532980957,0.14500782346988195,True
logistic_regression,100,64,75,0.9279538904899135,65,0.7817090709190108,1.0,True,0.21829092908098924,ok,3.243393944813867e-11,0.7879593229125502,1.0,0.21204067708744978,True,0.87,0.7906184007420958,0.9555913430791529,0.16497294233705717,True
logistic_regression,100,64,76,0.9279538904899135,65,0.8521601887254779,1.0,True,0.14783981127452206,ok,1.1102230246251565e-16,0.8610802715441427,1.0,0.13891972845585732,True,0.9299999999999999,0.849866599329491,0.9829800288169797,0.1331134294874886,True
logistic_regression,100,64,77,0.9279538904899135,65,0.7539070578405408,1.0,True,0.2460929421594592,ok,9.547918011776346e-15,0.7646924998510451,1.0,0.23530750014895485,True,0.85,0.849866599329491,0.9829800288169797,0.1331134294874886,True
logistic_regression,100,64,78,0.9279538904899135,65,0.7835391766969955,1.0,True,0.21646082330300453,ok,2.886579864025407e-15,0.7879593229125502,1.0,0.21204067708744978,True,0.87,0.7718141059386241,0.945336898398113,0.17352279245948887,True
logistic_regression,100,64,79,0.9279538904899135,65,0.8672201005444958,1.0,True,0.13277989945550417,ok,2.5108665147044462e-11,0.8739700654191771,1.0,0.1260299345808229,True,0.94,0.849866599329491,0.9829800288169797,0.1331134294874886,True
logistic_regression,100,64,80,0.9279538904899135,65,0.8545506702464634,1.0,True,0.14544932975353664,ok,5.717648576819556e-15,0.8610802715441427,1.0,0.13891972845585732,True,0.9299999999999999,0.849866599329491,0.9829800288169797,0.1331134294874886,True
logistic_regression,100,64,81,0.9279538904899135,65,0.8592671050904312,1.0,True,0.14073289490956875,ok,2.6645352591003757e-15,0.8610802715441427,1.0,0.13891972845585732,True,0.9299999999999999,0.849866599329491,0.9829800288169797,0.1331134294874886,True
logistic_regression,100,64,82,0.9279538904899135,65,0.7779867805089875,1.0,True,0.2220132194910125,ok,4.235164736271502e-22,0.7879593229125502,1.0,0.21204067708744978,True,0.87,0.8932296794256009,0.9962517377804871,0.1030220583548862,True
logistic_regression,100,64,83,0.9279538904899135,65,0.7655963933440989,1.0,True,0.2344036066559011,ok,4.440892098500626e-16,0.7762720186294323,1.0,0.2237279813705677,True,0.86,0.8932296794256009,0.9962517377804871,0.1030220583548862,True
logistic_regression,100,64,84,0.9279538904899135,65,0.7779705801434219,1.0,True,0.2220294198565781,ok,7.815970093361102e-14,0.7879593229125502,1.0,0.21204067708744978,True,0.87,0.809834160783301,0.9653663477859001,0.1555321870025992,True
logistic_regression,100,64,85,0.9279538904899135,65,0.8158518625910159,1.0,True,0.18414813740898406,ok,2.220446049250313e-16,0.8237774022599773,1.0,0.1762225977400227,True,0.9,0.809834160783301,0.9653663477859001,0.1555321870025992,True
logistic_regression,100,64,86,0.9279538904899135,65,0.7912360927078375,1.0,True,0.20876390729216254,ok,2.220446049250313e-16,0.7997643163800312,1.0,0.2002356836199688,True,0.88,0.849866599329491,0.9829800288169797,0.1331134294874886,True
logistic_regression,100,64,87,0.9279538904899135,65,0.8033614559258242,1.0,True,0.1966385440741758,ok,1.1102230246251565e-16,0.8116988678035574,1.0,0.18830113219644262,True,0.89,0.9172369122555336,0.9996105711089028,0.08237365885336922,True
logistic_regression,100,64,88,0.9279538904899135,65,0.8065669629259232,1.0,True,0.19343303707407677,ok,2.220446049250313e-16,0.8116988678035574,1.0,0.18830113219644262,True,0.89,0.809834160783301,0.9653663477859001,0.1555321870025992,True
logistic_regression,100,64,89,0.9279538904899135,65,0.8172744803733856,1.0,True,0.18272551962661443,ok,7.716050021144838e-15,0.8237774022599773,1.0,0.1762225977400227,True,0.9,0.8932296794256009,0.9962517377804871,0.1030220583548862,True
logistic_regression,100,64,90,0.9279538904899135,65,0.8658486449652121,1.0,True,0.13415135503478792,ok,4.7628567756419216e-14,0.8739700654191771,1.0,0.1260299345808229,True,0.94,0.809834160783301,0.9653663477859001,0.1555321870025992,True
logistic_regression,100,64,91,0.9279538904899135,65,0.8401807666639631,1.0,True,0.15981923333603687,ok,7.571721027943568e-14,0.848442364135579,1.0,0.15155763586442095,True,0.92,0.7906184007420958,0.9555913430791529,0.16497294233705717,True
logistic_regression,100,64,92,0.9279538904899135,65,0.7894967501284725,1.0,True,0.21050324987152746,ok,3.6637359812630166e-15,0.7997643163800312,1.0,0.2002356836199688,True,0.88,0.829543709511075,0.974551532980957,0.14500782346988195,True
logistic_regression,100,64,93,0.9279538904899135,65,0.9187523258044195,1.0,True,0.08124767419558054,ok,3.4602876120004566e-13,0.91482394702572,1.0,0.08517605297427999,True,0.97,0.849866599329491,0.9829800288169797,0.1331134294874886,True
logistic_regression,100,64,94,0.9279538904899135,65,0.7655844910113491,1.0,True,0.23441550898865093,ok,1.1102230246251565e-16,0.7762720186294323,1.0,0.2237279813705677,True,0.86,0.7718141059386241,0.945336898398113,0.17352279245948887,True
logistic_regression,100,64,95,0.9279538904899135,65,0.8531193690057307,1.0,True,0.1468806309942693,ok,5.551115123125783e-17,0.8610802715441427,1.0,0.13891972845585732,True,0.9299999999999999,0.849866599329491,0.9829800288169797,0.1331134294874886,True
logistic_regression,100,64,96,0.9279538904899135,65,0.7977575876766905,1.0,True,0.20224241232330953,ok,3.3306690738754696e-16,0.7997643163800312,1.0,0.2002356836199688,True,0.88,0.849866599329491,0.9829800288169797,0.1331134294874886,True
logistic_regression,100,64,97,0.9279538904899135,65,0.8026358494899931,1.0,True,0.19736415051000689,ok,2.220446049250313e-16,0.8116988678035574,1.0,0.18830113219644262,True,0.89,0.8932296794256009,0.9962517377804871,0.1030220583548862,True
logistic_regression,100,64,98,0.9279538904899135,65,0.8164980002883938,1.0,True,0.1835019997116062,ok,9.2148511043888e-15,0.8237774022599773,1.0,0.1762225977400227,True,0.9,0.829543709511075,0.974551532980957,0.14500782346988195,True
logistic_regression,100,64,99,0.9279538904899135,65,0.8512980560143376,1.0,True,0.1487019439856624,ok,2.220446049250313e-16,0.8610802715441427,1.0,0.13891972845585732,True,0.9299999999999999,0.8709887201017411,0.9903789211596614,0.11939020105792031,True
logistic_regression,100,98,0,0.9279538904899135,100,0.8739700654191771,0.9776651139286836,True,0.1036950485095065,full_suite,0.0,0.8739700654191771,0.9776651139286836,0.1036950485095065,True,0.94,0.8237774022599773,0.9509953107785141,0.12721790851853676,True
logistic_regression,100,98,1,0.9279538904899135,100,0.8360177449703647,0.9580164043716077,True,0.12199865940124299,full_suite,0.0,0.8360177449703647,0.9580164043716077,0.12199865940124299,True,0.91,0.8739700654191771,0.9776651139286836,0.1036950485095065,True
logistic_regression,100,98,2,0.9279538904899135,100,0.8610802715441427,0.9713947110925613,True,0.11031443954841857,full_suite,0.0,0.8610802715441427,0.9713947110925613,0.11031443954841857,True,0.9299999999999999,0.8610802715441427,0.9713947110925613,0.11031443954841857,True
logistic_regression,100,98,3,0.9279538904899135,100,0.8739700654191771,0.9776651139286836,True,0.1036950485095065,full_suite,0.0,0.8739700654191771,0.9776651139286836,0.1036950485095065,True,0.94,0.8610802715441427,0.9713947110925613,0.11031443954841857,True
logistic_regression,100,98,4,0.9279538904899135,100,0.8237774022599773,0.9509953107785141,True,0.12721790851853676,full_suite,0.0,0.8237774022599773,0.9509953107785141,0.12721790851853676,True,0.9,0.8739700654191771,0.9776651139286836,0.1036950485095065,True
logistic_regression,100,98,5,0.9279538904899135,100,0.848442364135579,0.9648284374818372,True,0.11638607334625817,full_suite,0.0,0.848442364135579,0.9648284374818372,0.11638607334625817,True,0.92,0.91482394702572,0.9937700284616936,0.07894608143597359,True
logistic_regression,100,98,6,0.9279538904899135,100,0.8871650888945373,0.9835681208179479,True,0.0964030319234106,full_suite,0.0,0.8871650888945373,0.9835681208179479,0.0964030319234106,True,0.95,0.8871650888945373,0.9835681208179479,0.0964030319234106,True
logistic_regression,100,98,7,0.9279538904899135,100,0.8360177449703647,0.9580164043716077,True,0.12199865940124299,full_suite,0.0,0.8360177449703647,0.9580164043716077,0.12199865940124299,True,0.91,0.848442364135579,0.9648284374818372,0.11638607334625817,True
logistic_regression,100,98,8,0.9279538904899135,100,0.91482394702572,0.9937700284616936,True,0.07894608143597359,full_suite,0.0,0.91482394702572,0.9937700284616936,0.07894608143597359,True,0.97,0.8237774022599773,0.9509953107785141,0.12721790851853676,True
logistic_regression,100,98,9,0.9279538904899135,100,0.8116988678035574,0.9437929797145125,True,0.1320941119109551,full_suite,0.0,0.8116988678035574,0.9437929797145125,0.1320941119109551,True,0.89,0.8610802715441427,0.9713947110925613,0.11031443954841857,True
logistic_regression,100,98,10,0.9279538904899135,100,0.9007428432873401,0.9889955060138118,True,0.0882526627264717,full_suite,0.0,0.9007428432873401,0.9889955060138119,0.08825266272647181,True,0.96,0.848442364135579,0.9648284374818372,0.11638607334625817,True
logistic_regression,100,98,11,0.9279538904899135,100,0.848442364135579,0.9648284374818372,True,0.11638607334625817,full_suite,0.0,0.848442364135579,0.9648284374818372,0.11638607334625817,True,0.92,0.7997643163800312,0.9364310974388407,0.13666678105880947,True
logistic_regression,100,98,12,0.9279538904899135,100,0.8871650888945373,0.9835681208179479,True,0.0964030319234106,full_suite,0.0,0.8871650888945373,0.9835681208179479,0.0964030319234106,True,0.95,0.8237774022599773,0.9509953107785141,0.12721790851853676,True
logistic_regression,100,98,13,0.9279538904899135,100,0.8871650888945373,0.9835681208179479,True,0.0964030319234106,full_suite,0.0,0.8871650888945373,0.9835681208179479,0.0964030319234106,True,0.95,0.8610802715441427,0.9713947110925613,0.11031443954841857,True
logistic_regression,100,98,14,0.9279538904899135,100,0.8871650888945373,0.9835681208179479,True,0.0964030319234106,full_suite,0.0,0.8871650888945373,0.9835681208179479,0.0964030319234106,True,0.95,0.8610802715441427,0.9713947110925613,0.11031443954841857,True
logistic_regression,100,98,15,0.9279538904899135,100,0.848442364135579,0.9648284374818372,True,0.11638607334625817,full_suite,0.0,0.848442364135579,0.9648284374818372,0.11638607334625817,True,0.92,0.848442364135579,0.9648284374818372,0.11638607334625817,True
logistic_regression,100,98,16,0.9279538904899135,100,0.8360177449703647,0.9580164043716077,True,0.12199865940124299,full_suite,0.0,0.8360177449703647,0.9580164043716077,0.12199865940124299,True,0.91,0.848442364135579,0.9648284374818372,0.11638607334625817,True
logistic_regression,100,98,17,0.9279538904899135,100,0.8610802715441427,0.9713947110925613,True,0.11031443954841857,full_suite,0.0,0.8610802715441427,0.9713947110925613,0.11031443954841857,True,0.9299999999999999,0.8739700654191771,0.9776651139286836,0.1036950485095065,True
logistic_regression,100,98,18,0.9279538904899135,100,0.8739700654191771,0.9776651139286836,True,0.1036950485095065,full_suite,0.0,0.8739700654191771,0.9776651139286836,0.1036950485095065,True,0.94,0.848442364135579,0.9648284374818372,0.11638607334625817,True
logistic_regression,100,98,19,0.9279538904899135,100,0.8610802715441427,0.9713947110925613,True,0.11031443954841857,full_suite,0.0,0.8610802715441427,0.9713947110925613,0.11031443954841857,True,0.9299999999999999,0.91482394702572,0.9937700284616936,0.07894608143597359,True
logistic_regression,100,98,20,0.9279538904899135,100,0.8871650888945373,0.9835681208179479,True,0.0964030319234106,full_suite,0.0,0.8871650888945373,0.9835681208179479,0.0964030319234106,True,0.95,0.8610802715441427,0.9713947110925613,0.11031443954841857,True
logistic_regression,100,98,21,0.9279538904899135,100,0.8360177449703647,0.9580164043716077,True,0.12199865940124299,full_suite,0.0,0.8360177449703647,0.9580164043716077,0.12199865940124299,True,0.91,0.91482394702572,0.9937700284616936,0.07894608143597359,True
logistic_regression,100,98,22,0.9279538904899135,100,0.8739700654191771,0.9776651139286836,True,0.1036950485095065,full_suite,0.0,0.8739700654191771,0.9776651139286836,0.1036950485095065,True,0.94,0.8237774022599773,0.9509953107785141,0.12721790851853676,True
logistic_regression,100,98,23,0.9279538904899135,100,0.8739700654191771,0.9776651139286836,True,0.1036950485095065,full_suite,0.0,0.8739700654191771,0.9776651139286836,0.1036950485095065,True,0.94,0.8360177449703647,0.9580164043716077,0.12199865940124299,True
logistic_regression,100,98,24,0.9279538904899135,100,0.8237774022599773,0.9509953107785141,True,0.12721790851853676,full_suite,0.0,0.8237774022599773,0.9509953107785141,0.12721790851853676,True,0.9,0.8610802715441427,0.9713947110925613,0.11031443954841857,True
logistic_regression,100,98,25,0.9279538904899135,100,0.8739700654191771,0.9776651139286836,True,0.1036950485095065,full_suite,0.0,0.8739700654191771,0.9776651139286836,0.1036950485095065,True,0.94,0.91482394702572,0.9937700284616936,0.07894608143597359,True
logistic_regression,100,98,26,0.9279538904899135,100,0.8237774022599773,0.9509953107785141,True,0.12721790851853676,full_suite,0.0,0.8237774022599773,0.9509953107785141,0.12721790851853676,True,0.9,0.848442364135579,0.9648284374818372,0.11638607334625817,True
logistic_regression,100,98,27,0.9279538904899135,100,0.8610802715441427,0.9713947110925613,True,0.11031443954841857,full_suite,0.0,0.8610802715441427,0.9713947110925613,0.11031443954841857,True,0.9299999999999999,0.91482394702572,0.9937700284616936,0.07894608143597359,True
logistic_regression,100,98,28,0.9279538904899135,100,0.8610802715441427,0.9713947110925613,True,0.11031443954841857,full_suite,0.0,0.8610802715441427,0.9713947110925613,0.11031443954841857,True,0.9299999999999999,0.8116988678035574,0.9437929797145125,0.1320941119109551,True
logistic_regression,100,98,29,0.9279538904899135,100,0.9637833073548235,1.0,False,0.03621669264517646,full_suite,0.0,0.9637833073548235,1.0,0.03621669264517646,False,1.0,0.8739700654191771,0.9776651139286836,0.1036950485095065,True
logistic_regression,100,98,30,0.9279538904899135,100,0.848442364135579,0.9648284374818372,True,0.11638607334625817,full_suite,0.0,0.848442364135579,0.9648284374818372,0.11638607334625817,True,0.92,0.91482394702572,0.9937700284616936,0.07894608143597359,True
logistic_regression,100,98,31,0.9279538904899135,100,0.8739700654191771,0.9776651139286836,True,0.1036950485095065,full_suite,0.0,0.8739700654191771,0.9776651139286836,0.1036950485095065,True,0.94,0.91482394702572,0.9937700284616936,0.07894608143597359,True
logistic_regression,100,98,32,0.9279538904899135,100,0.9007428432873401,0.9889955060138118,True,0.0882526627264717,full_suite,0.0,0.9007428432873401,0.9889955060138119,0.08825266272647181,True,0.96,0.8610802715441427,0.9713947110925613,0.11031443954841857,True
logistic_regression,100,98,33,0.9279538904899135,100,0.8610802715441427,0.9713947110925613,True,0.11031443954841857,full_suite,0.0,0.8610802715441427,0.9713947110925613,0.11031443954841857,True,0.9299999999999999,0.8610802715441427,0.9713947110925613,0.11031443954841857,True
logistic_regression,100,98,34,0.9279538904899135,100,0.9296160675289299,0.9975686631760574,False,0.06795259564712752,full_suite,0.0,0.9296160675289299,0.9975686631760573,0.06795259564712741,False,0.98,0.8610802715441427,0.9713947110925613,0.11031443954841857,True
logistic_regression,100,98,35,0.9279538904899135,100,0.8739700654191771,0.9776651139286836,True,0.1036950485095065,full_suite,0.0,0.8739700654191771,0.9776651139286836,0.1036950485095065,True,0.94,0.91482394702572,0.9937700284616936,0.07894608143597359,True
logistic_regression,100,98,36,0.9279538904899135,100,0.9007428432873401,0.9889955060138118,True,0.0882526627264717,full_suite,0.0,0.9007428432873401,0.9889955060138119,0.08825266272647181,True,0.96,0.8237774022599773,0.9509953107785141,0.12721790851853676,True
logistic_regression,100,98,37,0.9279538904899135,100,0.8871650888945373,0.9835681208179479,True,0.0964030319234106,full_suite,0.0,0.8871650888945373,0.9835681208179479,0.0964030319234106,True,0.95,0.848442364135579,0.9648284374818372,0.11638607334625817,True
logistic_regression,100,98,38,0.9279538904899135,100,0.91482394702572,0.9937700284616936,True,0.07894608143597359,full_suite,0.0,0.91482394702572,0.9937700284616936,0.07894608143597359,True,0.97,0.8610802715441427,0.9713947110925613,0.11031443954841857,True
logistic_regression,100,98,39,0.9279538904899135,100,0.8237774022599773,0.9509953107785141,True,0.12721790851853676,full_suite,0.0,0.8237774022599773,0.9509953107785141,0.12721790851853676,True,0.9,0.8739700654191771,0.9776651139286836,0.1036950485095065,True
logistic_regression,100,98,40,0.9279538904899135,100,0.8871650888945373,0.9835681208179479,True,0.0964030319234106,full_suite,0.0,0.8871650888945373,0.9835681208179479,0.0964030319234106,True,0.95,0.8360177449703647,0.9580164043716077,0.12199865940124299,True
logistic_regression,100,98,41,0.9279538904899135,100,0.8739700654191771,0.9776651139286836,True,0.1036950485095065,full_suite,0.0,0.8739700654191771,0.9776651139286836,0.1036950485095065,True,0.94,0.8739700654191771,0.9776651139286836,0.1036950485095065,True
logistic_regression,100,98,42,0.9279538904899135,100,0.8871650888945373,0.9835681208179479,True,0.0964030319234106,full_suite,0.0,0.8871650888945373,0.9835681208179479,0.0964030319234106,True,0.95,0.8739700654191771,0.9776651139286836,0.1036950485095065,True
logistic_regression,100,98,43,0.9279538904899135,100,0.848442364135579,0.9648284374818372,True,0.11638607334625817,full_suite,0.0,0.848442364135579,0.9648284374818372,0.11638607334625817,True,0.92,0.8360177449703647,0.9580164043716077,0.12199865940124299,True
logistic_regression,100,98,44,0.9279538904899135,100,0.8871650888945373,0.9835681208179479,True,0.0964030319234106,full_suite,0.0,0.8871650888945373,0.9835681208179479,0.0964030319234106,True,0.95,0.9296160675289299,0.9975686631760574,0.06795259564712752,False
logistic_regression,100,98,45,0.9279538904899135,100,0.8871650888945373,0.9835681208179479,True,0.0964030319234106,full_suite,0.0,0.8871650888945373,0.9835681208179479,0.0964030319234106,True,0.95,0.7879593229125502,0.9289269538145705,0.14096763090202025,True
logistic_regression,100,98,46,0.9279538904899135,100,0.8360177449703647,0.9580164043716077,True,0.12199865940124299,full_suite,0.0,0.8360177449703647,0.9580164043716077,0.12199865940124299,True,0.91,0.8871650888945373,0.9835681208179479,0.0964030319234106,True
logistic_regression,100,98,47,0.9279538904899135,100,0.8610802715441427,0.9713947110925613,True,0.11031443954841857,full_suite,0.0,0.8610802715441427,0.9713947110925613,0.11031443954841857,True,0.9299999999999999,0.8739700654191771,0.9776651139286836,0.1036950485095065,True
logistic_regression,100,98,48,0.9279538904899135,100,0.8871650888945373,0.9835681208179479,True,0.0964030319234106,full_suite,0.0,0.8871650888945373,0.9835681208179479,0.0964030319234106,True,0.95,0.7997643163800312,0.9364310974388407,0.13666678105880947,True
logistic_regression,100,98,49,0.9279538904899135,100,0.8237774022599773,0.9509953107785141,True,0.12721790851853676,full_suite,0.0,0.8237774022599773,0.9509953107785141,0.12721790851853676,True,0.9,0.7997643163800312,0.9364310974388407,0.13666678105880947,True
logistic_regression,100,98,50,0.9279538904899135,100,0.8237774022599773,0.9509953107785141,True,0.12721790851853676,full_suite,0.0,0.8237774022599773,0.9509953107785141,0.12721790851853676,True,0.9,0.848442364135579,0.9648284374818372,0.11638607334625817,True
logistic_regression,100,98,51,0.9279538904899135,100,0.9296160675289299,0.9975686631760574,False,0.06795259564712752,full_suite,0.0,0.9296160675289299,0.9975686631760573,0.06795259564712741,False,0.98,0.848442364135579,0.9648284374818372,0.11638607334625817,True
logistic_regression,100,98,52,0.9279538904899135,100,0.8739700654191771,0.9776651139286836,True,0.1036950485095065,full_suite,0.0,0.8739700654191771,0.9776651139286836,0.1036950485095065,True,0.94,0.8360177449703647,0.9580164043716077,0.12199865940124299,True
logistic_regression,100,98,53,0.9279538904899135,100,0.8360177449703647,0.9580164043716077,True,0.12199865940124299,full_suite,0.0,0.8360177449703647,0.9580164043716077,0.12199865940124299,True,0.91,0.8610802715441427,0.9713947110925613,0.11031443954841857,True
logistic_regression,100,98,54,0.9279538904899135,100,0.8360177449703647,0.9580164043716077,True,0.12199865940124299,full_suite,0.0,0.8360177449703647,0.9580164043716077,0.12199865940124299,True,0.91,0.8610802715441427,0.9713947110925613,0.11031443954841857,True
logistic_regression,100,98,55,0.9279538904899135,100,0.8610802715441427,0.9713947110925613,True,0.11031443954841857,full_suite,0.0,0.8610802715441427,0.9713947110925613,0.11031443954841857,True,0.9299999999999999,0.848442364135579,0.9648284374818372,0.11638607334625817,True
logistic_regression,100,98,56,0.9279538904899135,100,0.8610802715441427,0.9713947110925613,True,0.11031443954841857,full_suite,0.0,0.8610802715441427,0.9713947110925613,0.11031443954841857,True,0.9299999999999999,0.8739700654191771,0.9776651139286836,0.1036950485095065,True
logistic_regression,100,98,57,0.9279538904899135,100,0.8237774022599773,0.9509953107785141,True,0.12721790851853676,full_suite,0.0,0.8237774022599773,0.9509953107785141,0.12721790851853676,True,0.9,0.9007428432873401,0.9889955060138118,0.0882526627264717,True
logistic_regression,100,98,58,0.9279538904899135,100,0.8116988678035574,0.9437929797145125,True,0.1320941119109551,full_suite,0.0,0.8116988678035574,0.9437929797145125,0.1320941119109551,True,0.89,0.848442364135579,0.9648284374818372,0.11638607334625817,True
logistic_regression,100,98,59,0.9279538904899135,100,0.8237774022599773,0.9509953107785141,True,0.12721790851853676,full_suite,0.0,0.8237774022599773,0.9509953107785141,0.12721790851853676,True,0.9,0.8610802715441427,0.9713947110925613,0.11031443954841857,True
logistic_regression,100,98,60,0.9279538904899135,100,0.8610802715441427,0.9713947110925613,True,0.11031443954841857,full_suite,0.0,0.8610802715441427,0.9713947110925613,0.11031443954841857,True,0.9299999999999999,0.91482394702572,0.9937700284616936,0.07894608143597359,True
logistic_regression,100,98,61,0.9279538904899135,100,0.8360177449703647,0.9580164043716077,True,0.12199865940124299,full_suite,0.0,0.8360177449703647,0.9580164043716077,0.12199865940124299,True,0.91,0.8610802715441427,0.9713947110925613,0.11031443954841857,True
logistic_regression,100,98,62,0.9279538904899135,100,0.91482394702572,0.9937700284616936,True,0.07894608143597359,full_suite,0.0,0.91482394702572,0.9937700284616936,0.07894608143597359,True,0.97,0.8610802715441427,0.9713947110925613,0.11031443954841857,True
logistic_regression,100,98,63,0.9279538904899135,100,0.8739700654191771,0.9776651139286836,True,0.1036950485095065,full_suite,0.0,0.8739700654191771,0.9776651139286836,0.1036950485095065,True,0.94,0.91482394702572,0.9937700284616936,0.07894608143597359,True
logistic_regression,100,98,64,0.9279538904899135,100,0.8237774022599773,0.9509953107785141,True,0.12721790851853676,full_suite,0.0,0.8237774022599773,0.9509953107785141,0.12721790851853676,True,0.9,0.7762720186294323,0.9212945950730342,0.14502257644360195,False
logistic_regression,100,98,65,0.9279538904899135,100,0.8871650888945373,0.9835681208179479,True,0.0964030319234106,full_suite,0.0,0.8871650888945373,0.9835681208179479,0.0964030319234106,True,0.95,0.8739700654191771,0.9776651139286836,0.1036950485095065,True
logistic_regression,100,98,66,0.9279538904899135,100,0.848442364135579,0.9648284374818372,True,0.11638607334625817,full_suite,0.0,0.848442364135579,0.9648284374818372,0.11638607334625817,True,0.92,0.848442364135579,0.9648284374818372,0.11638607334625817,True
logistic_regression,100,98,67,0.9279538904899135,100,0.848442364135579,0.9648284374818372,True,0.11638607334625817,full_suite,0.0,0.848442364135579,0.9648284374818372,0.11638607334625817,True,0.92,0.7879593229125502,0.9289269538145705,0.14096763090202025,True
logistic_regression,100,98,68,0.9279538904899135,100,0.848442364135579,0.9648284374818372,True,0.11638607334625817,full_suite,0.0,0.848442364135579,0.9648284374818372,0.11638607334625817,True,0.92,0.8237774022599773,0.9509953107785141,0.12721790851853676,True
logistic_regression,100,98,69,0.9279538904899135,100,0.8739700654191771,0.9776651139286836,True,0.1036950485095065,full_suite,0.0,0.8739700654191771,0.9776651139286836,0.1036950485095065,True,0.94,0.8739700654191771,0.9776651139286836,0.1036950485095065,True
logistic_regression,100,98,70,0.9279538904899135,100,0.8116988678035574,0.9437929797145125,True,0.1320941119109551,full_suite,0.0,0.8116988678035574,0.9437929797145125,0.1320941119109551,True,0.89,0.8871650888945373,0.9835681208179479,0.0964030319234106,True
logistic_regression,100,98,71,0.9279538904899135,100,0.9007428432873401,0.9889955060138118,True,0.0882526627264717,full_suite,0.0,0.9007428432873401,0.9889955060138119,0.08825266272647181,True,0.96,0.8871650888945373,0.9835681208179479,0.0964030319234106,True
logistic_regression,100,98,72,0.9279538904899135,100,0.8871650888945373,0.9835681208179479,True,0.0964030319234106,full_suite,0.0,0.8871650888945373,0.9835681208179479,0.0964030319234106,True,0.95,0.9007428432873401,0.9889955060138118,0.0882526627264717,True
logistic_regression,100,98,73,0.9279538904899135,100,0.8610802715441427,0.9713947110925613,True,0.11031443954841857,full_suite,0.0,0.8610802715441427,0.9713947110925613,0.11031443954841857,True,0.9299999999999999,0.8116988678035574,0.9437929797145125,0.1320941119109551,True
logistic_regression,100,98,74,0.9279538904899135,100,0.8116988678035574,0.9437929797145125,True,0.1320941119109551,full_suite,0.0,0.8116988678035574,0.9437929797145125,0.1320941119109551,True,0.89,0.8739700654191771,0.9776651139286836,0.1036950485095065,True
logistic_regression,100,98,75,0.9279538904899135,100,0.848442364135579,0.9648284374818372,True,0.11638607334625817,full_suite,0.0,0.848442364135579,0.9648284374818372,0.11638607334625817,True,0.92,0.8739700654191771,0.9776651139286836,0.1036950485095065,True
logistic_regression,100,98,76,0.9279538904899135,100,0.9007428432873401,0.9889955060138118,True,0.0882526627264717,full_suite,0.0,0.9007428432873401,0.9889955060138119,0.08825266272647181,True,0.96,0.7997643163800312,0.9364310974388407,0.13666678105880947,True
logistic_regression,100,98,77,0.9279538904899135,100,0.8360177449703647,0.9580164043716077,True,0.12199865940124299,full_suite,0.0,0.8360177449703647,0.9580164043716077,0.12199865940124299,True,0.91,0.9007428432873401,0.9889955060138118,0.0882526627264717,True
logistic_regression,100,98,78,0.9279538904899135,100,0.848442364135579,0.9648284374818372,True,0.11638607334625817,full_suite,0.0,0.848442364135579,0.9648284374818372,0.11638607334625817,True,0.92,0.8739700654191771,0.9776651139286836,0.1036950485095065,True
logistic_regression,100,98,79,0.9279538904899135,100,0.848442364135579,0.9648284374818372,True,0.11638607334625817,full_suite,0.0,0.848442364135579,0.9648284374818372,0.11638607334625817,True,0.92,0.8237774022599773,0.9509953107785141,0.12721790851853676,True
logistic_regression,100,98,80,0.9279538904899135,100,0.8610802715441427,0.9713947110925613,True,0.11031443954841857,full_suite,0.0,0.8610802715441427,0.9713947110925613,0.11031443954841857,True,0.9299999999999999,0.848442364135579,0.9648284374818372,0.11638607334625817,True
logistic_regression,100,98,81,0.9279538904899135,100,0.8871650888945373,0.9835681208179479,True,0.0964030319234106,full_suite,0.0,0.8871650888945373,0.9835681208179479,0.0964030319234106,True,0.95,0.8237774022599773,0.9509953107785141,0.12721790851853676,True
logistic_regression,100,98,82,0.9279538904899135,100,0.91482394702572,0.9937700284616936,True,0.07894608143597359,full_suite,0.0,0.91482394702572,0.9937700284616936,0.07894608143597359,True,0.97,0.848442364135579,0.9648284374818372,0.11638607334625817,True
logistic_regression,100,98,83,0.9279538904899135,100,0.8610802715441427,0.9713947110925613,True,0.11031443954841857,full_suite,0.0,0.8610802715441427,0.9713947110925613,0.11031443954841857,True,0.9299999999999999,0.8871650888945373,0.9835681208179479,0.0964030319234106,True
logistic_regression,100,98,84,0.9279538904899135,100,0.9296160675289299,0.9975686631760574,False,0.06795259564712752,full_suite,0.0,0.9296160675289299,0.9975686631760573,0.06795259564712741,False,0.98,0.9007428432873401,0.9889955060138118,0.0882526627264717,True
logistic_regression,100,98,85,0.9279538904899135,100,0.8610802715441427,0.9713947110925613,True,0.11031443954841857,full_suite,0.0,0.8610802715441427,0.9713947110925613,0.11031443954841857,True,0.9299999999999999,0.9007428432873401,0.9889955060138118,0.0882526627264717,True
logistic_regression,100,98,86,0.9279538904899135,100,0.8610802715441427,0.9713947110925613,True,0.11031443954841857,full_suite,0.0,0.8610802715441427,0.9713947110925613,0.11031443954841857,True,0.9299999999999999,0.8360177449703647,0.9580164043716077,0.12199865940124299,True
logistic_regression,100,98,87,0.9279538904899135,100,0.848442364135579,0.9648284374818372,True,0.11638607334625817,full_suite,0.0,0.848442364135579,0.9648284374818372,0.11638607334625817,True,0.92,0.8871650888945373,0.9835681208179479,0.0964030319234106,True
logistic_regression,100,98,88,0.9279538904899135,100,0.8360177449703647,0.9580164043716077,True,0.12199865940124299,full_suite,0.0,0.8360177449703647,0.9580164043716077,0.12199865940124299,True,0.91,0.8610802715441427,0.9713947110925613,0.11031443954841857,True
logistic_regression,100,98,89,0.9279538904899135,100,0.8116988678035574,0.9437929797145125,True,0.1320941119109551,full_suite,0.0,0.8116988678035574,0.9437929797145125,0.1320941119109551,True,0.89,0.8360177449703647,0.9580164043716077,0.12199865940124299,True
logistic_regression,100,98,90,0.9279538904899135,100,0.8237774022599773,0.9509953107785141,True,0.12721790851853676,full_suite,0.0,0.8237774022599773,0.9509953107785141,0.12721790851853676,True,0.9,0.8871650888945373,0.9835681208179479,0.0964030319234106,True
logistic_regression,100,98,91,0.9279538904899135,100,0.8871650888945373,0.9835681208179479,True,0.0964030319234106,full_suite,0.0,0.8871650888945373,0.9835681208179479,0.0964030319234106,True,0.95,0.8610802715441427,0.9713947110925613,0.11031443954841857,True
logistic_regression,100,98,92,0.9279538904899135,100,0.8871650888945373,0.9835681208179479,True,0.0964030319234106,full_suite,0.0,0.8871650888945373,0.9835681208179479,0.0964030319234106,True,0.95,0.8871650888945373,0.9835681208179479,0.0964030319234106,True
logistic_regression,100,98,93,0.9279538904899135,100,0.91482394702572,0.9937700284616936,True,0.07894608143597359,full_suite,0.0,0.91482394702572,0.9937700284616936,0.07894608143597359,True,0.97,0.8739700654191771,0.9776651139286836,0.1036950485095065,True
logistic_regression,100,98,94,0.9279538904899135,100,0.8610802715441427,0.9713947110925613,True,0.11031443954841857,full_suite,0.0,0.8610802715441427,0.9713947110925613,0.11031443954841857,True,0.9299999999999999,0.8871650888945373,0.9835681208179479,0.0964030319234106,True
logistic_regression,100,98,95,0.9279538904899135,100,0.9007428432873401,0.9889955060138118,True,0.0882526627264717,full_suite,0.0,0.9007428432873401,0.9889955060138119,0.08825266272647181,True,0.96,0.848442364135579,0.9648284374818372,0.11638607334625817,True
logistic_regression,100,98,96,0.9279538904899135,100,0.8237774022599773,0.9509953107785141,True,0.12721790851853676,full_suite,0.0,0.8237774022599773,0.9509953107785141,0.12721790851853676,True,0.9,0.7762720186294323,0.9212945950730342,0.14502257644360195,False
logistic_regression,100,98,97,0.9279538904899135,100,0.7879593229125502,0.9289269538145705,True,0.14096763090202025,full_suite,0.0,0.7879593229125502,0.9289269538145705,0.14096763090202025,True,0.87,0.848442364135579,0.9648284374818372,0.11638607334625817,True
logistic_regression,100,98,98,0.9279538904899135,100,0.8610802715441427,0.9713947110925613,True,0.11031443954841857,full_suite,0.0,0.8610802715441427,0.9713947110925613,0.11031443954841857,True,0.9299999999999999,0.7762720186294323,0.9212945950730342,0.14502257644360195,False
logistic_regression,100,98,99,0.9279538904899135,100,0.8610802715441427,0.9713947110925613,True,0.11031443954841857,full_suite,0.0,0.8610802715441427,0.9713947110925613,0.11031443954841857,True,0.9299999999999999,0.91482394702572,0.9937700284616936,0.07894608143597359,True
logistic_regression,500,1,0,0.9279538904899135,5,0.060073769561067636,1.0,True,0.9399262304389324,ok,1.3877787807814457e-17,0.06293676656618725,1.0,0.9370632334338127,True,0.08599999999999997,0.4781762498950185,1.0,0.5218237501049815,True
logistic_regression,500,1,1,0.9279538904899135,5,0.05670308272795138,1.0,True,0.9432969172720487,ok,0.0,0.05948546373558824,1.0,0.9405145362644117,True,0.08199999999999996,0.2835820638819105,0.9949492366205319,0.7113671727386215,True
logistic_regression,500,1,2,0.9279538904899135,5,0.05670308272795138,1.0,True,0.9432969172720487,ok,0.0,0.05948546373558824,1.0,0.9405145362644117,True,0.08199999999999996,0.4781762498950185,1.0,0.5218237501049815,True
logistic_regression,500,1,3,0.9279538904899135,5,0.060073769561067636,1.0,True,0.9399262304389324,ok,1.3877787807814457e-17,0.06293676656618725,1.0,0.9370632334338127,True,0.08599999999999997,0.4781762498950185,1.0,0.5218237501049815,True
logistic_regression,500,1,4,0.9279538904899135,5,0.07200737727749676,1.0,True,0.9279926227225033,ok,0.0,0.07513581506642548,1.0,0.9248641849335745,True,0.09999999999999998,0.14663279963467313,0.9472550494736831,0.80062224983901,True
logistic_regression,500,1,5,0.9279538904899135,5,0.04017105193826133,1.0,True,0.9598289480617387,ok,0.0,0.04251106129638552,1.0,0.9574889387036145,True,0.062000000000000055,0.2835820638819105,0.9949492366205319,0.7113671727386215,True
logistic_regression,500,1,6,0.9279538904899135,5,0.06346262356623868,1.0,True,0.9365373764337613,ok,0.0,0.0664040087545691,1.0,0.9335959912454309,True,0.08999999999999997,0.14663279963467313,0.9472550494736831,0.80062224983901,True
logistic_regression,500,1,7,0.9279538904899135,5,0.058386082334338035,1.0,True,0.9416139176656619,ok,0.0,0.06120905860834764,1.0,0.9387909413916523,True,0.08399999999999996,0.4781762498950185,1.0,0.5218237501049815,True
logistic_regression,500,1,8,0.9279538904899135,5,0.06686855707787726,1.0,True,0.9331314429221227,ok,0.0,0.06988623391878118,1.0,0.9301137660812189,True,0.09399999999999997,0.14663279963467313,0.9472550494736831,0.80062224983901,True
logistic_regression,500,1,9,0.9279538904899135,5,0.05670308272795138,1.0,True,0.9432969172720487,ok,0.0,0.05948546373558824,1.0,0.9405145362644117,True,0.08199999999999996,0.4781762498950185,1.0,0.5218237501049815,True
logistic_regression,500,1,10,0.9279538904899135,5,0.05168382801374452,1.0,True,0.9483161719862555,ok,0.0,0.05434078124391165,1.0,0.9456592187560884,True,0.07599999999999996,0.4781762498950185,1.0,0.5218237501049815,True
logistic_regression,500,1,11,0.9279538904899135,5,0.07372786309536769,1.0,True,0.9262721369046323,ok,0.0,0.07689229322668846,1.0,0.9231077067733116,True,0.10199999999999998,0.4781762498950185,1.0,0.5218237501049815,True
logistic_regression,500,1,12,0.9279538904899135,5,0.05168382801374452,1.0,True,0.9483161719862555,ok,0.0,0.05434078124391165,1.0,0.9456592187560884,True,0.07599999999999996,0.4781762498950185,1.0,0.5218237501049815,True
logistic_regression,500,1,13,0.9279538904899135,5,0.05670308272795138,1.0,True,0.9432969172720487,ok,0.0,0.05948546373558824,1.0,0.9405145362644117,True,0.08199999999999996,0.2835820638819105,0.9949492366205319,0.7113671727386215,True
logistic_regression,500,1,14,0.9279538904899135,5,0.060073769561067636,1.0,True,0.9399262304389324,ok,1.3877787807814457e-17,0.06293676656618725,1.0,0.9370632334338127,True,0.08599999999999997,0.4781762498950185,1.0,0.5218237501049815,True
logistic_regression,500,1,15,0.9279538904899135,5,0.06857762022160112,1.0,True,0.9314223797783989,ok,0.0,0.07163269397534079,1.0,0.9283673060246592,True,0.09599999999999997,0.14663279963467313,0.9472550494736831,0.80062224983901,True
logistic_regression,500,1,16,0.9279538904899135,5,0.05168382801374452,1.0,True,0.9483161719862555,ok,0.0,0.05434078124391165,1.0,0.9456592187560884,True,0.07599999999999996,0.4781762498950185,1.0,0.5218237501049815,True
logistic_regression,500,1,17,0.9279538904899135,5,0.06857762022160112,1.0,True,0.9314223797783989,ok,0.0,0.07163269397534079,1.0,0.9283673060246592,True,0.09599999999999997,0.4781762498950185,1.0,0.5218237501049815,True
logistic_regression,500,1,18,0.9279538904899135,5,0.05002124967947769,1.0,True,0.9499787503205223,ok,0.0,0.052635108548995224,1.0,0.9473648914510048,True,0.07399999999999995,0.4781762498950185,1.0,0.5218237501049815,True
logistic_regression,500,1,19,0.9279538904899135,5,0.06176599651321696,1.0,True,0.9382340034867831,ok,0.0,0.06466845754105842,1.0,0.9353315424589416,True,0.08799999999999997,0.4781762498950185,1.0,0.5218237501049815,True
logistic_regression,500,1,20,0.9279538904899135,5,0.053351783618783066,1.0,True,0.9466482163812169,ok,0.0,0.05605117377556034,1.0,0.9439488262244397,True,0.07799999999999996,0.4781762498950185,1.0,0.5218237501049815,True
logistic_regression,500,1,21,0.9279538904899135,5,0.0651635187305789,1.0,True,0.9348364812694211,ok,0.0,0.0681433041566544,1.0,0.9318566958433456,True,0.09199999999999997,0.4781762498950185,1.0,0.5218237501049815,True
logistic_regression,500,1,22,0.9279538904899135,5,0.06346262356623868,1.0,True,0.9365373764337613,ok,0.0,0.0664040087545691,1.0,0.9335959912454309,True,0.08999999999999997,0.4781762498950185,1.0,0.5218237501049815,True
logistic_regression,500,1,23,0.9279538904899135,5,0.055024927612456795,1.0,True,0.9449750723875432,ok,0.0,0.05776611992883434,1.0,0.9422338800711657,True,0.07999999999999996,0.4781762498950185,1.0,0.5218237501049815,True
logistic_regression,500,1,24,0.9279538904899135,5,0.046713045159396435,1.0,True,0.9532869548406036,ok,0.0,0.0492386447203788,1.0,0.9507613552796212,True,0.06999999999999995,0.4781762498950185,1.0,0.5218237501049815,True
logistic_regression,500,1,25,0.9279538904899135,5,0.055024927612456795,1.0,True,0.9449750723875432,ok,0.0,0.05776611992883434,1.0,0.9422338800711657,True,0.07999999999999996,0.4781762498950185,1.0,0.5218237501049815,True
logistic_regression,500,1,26,0.9279538904899135,5,0.053351783618783066,1.0,True,0.9466482163812169,ok,0.0,0.05605117377556034,1.0,0.9439488262244397,True,0.07799999999999996,0.4781762498950185,1.0,0.5218237501049815,True
logistic_regression,500,1,27,0.9279538904899135,5,0.04342895880092793,1.0,True,0.9565710411990721,ok,0.0,0.04586335711058772,1.0,0.9541366428894122,True,0.06599999999999995,0.2835820638819105,0.9949492366205319,0.7113671727386215,True
logistic_regression,500,1,28,0.9279538904899135,5,0.06346262356623868,1.0,True,0.9365373764337613,ok,0.0,0.0664040087545691,1.0,0.9335959912454309,True,0.08999999999999997,0.2835820638819105,0.9949492366205319,0.7113671727386215,True
logistic_regression,500,1,29,0.9279538904899135,5,0.07372786309536769,1.0,True,0.9262721369046323,ok,0.0,0.07689229322668846,1.0,0.9231077067733116,True,0.10199999999999998,0.4781762498950185,1.0,0.5218237501049815,True
logistic_regression,500,1,30,0.9279538904899135,5,0.058386082334338035,1.0,True,0.9416139176656619,ok,0.0,0.06120905860834764,1.0,0.9387909413916523,True,0.08399999999999996,0.4781762498950185,1.0,0.5218237501049815,True
logistic_regression,500,1,31,0.9279538904899135,5,0.07029059584592706,1.0,True,0.929709404154073,ok,0.0,0.07338258560774025,1.0,0.9266174143922598,True,0.09799999999999998,0.14663279963467313,0.9472550494736831,0.80062224983901,True
logistic_regression,500,1,32,0.9279538904899135,5,0.055024927612456795,1.0,True,0.9449750723875432,ok,0.0,0.05776611992883434,1.0,0.9422338800711657,True,0.07999999999999996,0.4781762498950185,1.0,0.5218237501049815,True
logistic_regression,500,1,33,0.9279538904899135,5,0.0651635187305789,1.0,True,0.9348364812694211,ok,0.0,0.0681433041566544,1.0,0.9318566958433456,True,0.09199999999999997,0.4781762498950185,1.0,0.5218237501049815,True
logistic_regression,500,1,34,0.9279538904899135,5,0.05002124967947769,1.0,True,0.9499787503205223,ok,0.0,0.052635108548995224,1.0,0.9473648914510048,True,0.07399999999999995,0.4781762498950185,1.0,0.5218237501049815,True
logistic_regression,500,1,35,0.9279538904899135,5,0.0651635187305789,1.0,True,0.9348364812694211,ok,0.0,0.0681433041566544,1.0,0.9318566958433456,True,0.09199999999999997,0.4781762498950185,1.0,0.5218237501049815,True
logistic_regression,500,1,36,0.9279538904899135,5,0.053351783618783066,1.0,True,0.9466482163812169,ok,0.0,0.05605117377556034,1.0,0.9439488262244397,True,0.07799999999999996,0.4781762498950185,1.0,0.5218237501049815,True
logistic_regression,500,1,37,0.9279538904899135,5,0.0651635187305789,1.0,True,0.9348364812694211,ok,0.0,0.0681433041566544,1.0,0.9318566958433456,True,0.09199999999999997,0.4781762498950185,1.0,0.5218237501049815,True
logistic_regression,500,1,38,0.9279538904899135,5,0.0651635187305789,1.0,True,0.9348364812694211,ok,0.0,0.0681433041566544,1.0,0.9318566958433456,True,0.09199999999999997,0.4781762498950185,1.0,0.5218237501049815,True
logistic_regression,500,1,39,0.9279538904899135,5,0.0651635187305789,1.0,True,0.9348364812694211,ok,0.0,0.0681433041566544,1.0,0.9318566958433456,True,0.09199999999999997,0.4781762498950185,1.0,0.5218237501049815,True
logistic_regression,500,1,40,0.9279538904899135,5,0.06176599651321696,1.0,True,0.9382340034867831,ok,0.0,0.06466845754105842,1.0,0.9353315424589416,True,0.08799999999999997,0.4781762498950185,1.0,0.5218237501049815,True
logistic_regression,500,1,41,0.9279538904899135,5,0.07372786309536769,1.0,True,0.9262721369046323,ok,0.0,0.07689229322668846,1.0,0.9231077067733116,True,0.10199999999999998,0.4781762498950185,1.0,0.5218237501049815,True
logistic_regression,500,1,42,0.9279538904899135,5,0.058386082334338035,1.0,True,0.9416139176656619,ok,0.0,0.06120905860834764,1.0,0.9387909413916523,True,0.08399999999999996,0.4781762498950185,1.0,0.5218237501049815,True
logistic_regression,500,1,43,0.9279538904899135,5,0.05670308272795138,1.0,True,0.9432969172720487,ok,0.0,0.05948546373558824,1.0,0.9405145362644117,True,0.08199999999999996,0.4781762498950185,1.0,0.5218237501049815,True
logistic_regression,500,1,44,0.9279538904899135,5,0.05168382801374452,1.0,True,0.9483161719862555,ok,0.0,0.05434078124391165,1.0,0.9456592187560884,True,0.07599999999999996,0.14663279963467313,0.9472550494736831,0.80062224983901,True
logistic_regression,500,1,45,0.9279538904899135,5,0.06176599651321696,1.0,True,0.9382340034867831,ok,0.0,0.06466845754105842,1.0,0.9353315424589416,True,0.08799999999999997,0.4781762498950185,1.0,0.5218237501049815,True
logistic_regression,500,1,46,0.9279538904899135,5,0.055024927612456795,1.0,True,0.9449750723875432,ok,0.0,0.05776611992883434,1.0,0.9422338800711657,True,0.07999999999999996,0.4781762498950185,1.0,0.5218237501049815,True
logistic_regression,500,1,47,0.9279538904899135,5,0.07545195677507177,1.0,True,0.9245480432249282,ok,0.0,0.07865193527463434,1.0,0.9213480647253657,True,0.10399999999999998,0.4781762498950185,1.0,0.5218237501049815,True
logistic_regression,500,1,48,0.9279538904899135,5,0.055024927612456795,1.0,True,0.9449750723875432,ok,0.0,0.05776611992883434,1.0,0.9422338800711657,True,0.07999999999999996,0.4781762498950185,1.0,0.5218237501049815,True
logistic_regression,500,1,49,0.9279538904899135,5,0.07029059584592706,1.0,True,0.929709404154073,ok,0.0,0.07338258560774025,1.0,0.9266174143922598,True,0.09799999999999998,0.4781762498950185,1.0,0.5218237501049815,True
logistic_regression,500,1,50,0.9279538904899135,5,0.04179659186654345,1.0,True,0.9582034081334565,ok,0.0,0.04418421094671326,1.0,0.9558157890532868,True,0.06399999999999995,0.2835820638819105,0.9949492366205319,0.7113671727386215,True
logistic_regression,500,1,51,0.9279538904899135,5,0.07891060417938536,1.0,True,0.9210893958206147,ok,0.0,0.08218039163399793,1.0,0.9178196083660021,True,0.10799999999999998,0.4781762498950185,1.0,0.5218237501049815,True
logistic_regression,500,1,52,0.9279538904899135,5,0.04017105193826133,1.0,True,0.9598289480617387,ok,0.0,0.04251106129638552,1.0,0.9574889387036145,True,0.062000000000000055,0.2835820638819105,0.9949492366205319,0.7113671727386215,True
logistic_regression,500,1,53,0.9279538904899135,5,0.06686855707787726,1.0,True,0.9331314429221227,ok,0.0,0.06988623391878118,1.0,0.9301137660812189,True,0.09399999999999997,0.4781762498950185,1.0,0.5218237501049815,True
logistic_regression,500,1,54,0.9279538904899135,5,0.04506786541478528,1.0,True,0.9549321345852148,ok,0.0,0.0475482466326549,1.0,0.9524517533673451,True,0.06799999999999995,0.4781762498950185,1.0,0.5218237501049815,True
logistic_regression,500,1,55,0.9279538904899135,5,0.060073769561067636,1.0,True,0.9399262304389324,ok,1.3877787807814457e-17,0.06293676656618725,1.0,0.9370632334338127,True,0.08599999999999997,0.2835820638819105,0.9949492366205319,0.7113671727386215,True
logistic_regression,500,1,56,0.9279538904899135,5,0.06346262356623868,1.0,True,0.9365373764337613,ok,0.0,0.0664040087545691,1.0,0.9335959912454309,True,0.08999999999999997,0.4781762498950185,1.0,0.5218237501049815,True
logistic_regression,500,1,57,0.9279538904899135,5,0.04836425021231326,1.0,True,0.9516357497876867,ok,0.0,0.05093433312513293,1.0,0.949065666874867,True,0.07199999999999995,0.4781762498950185,1.0,0.5218237501049815,True
logistic_regression,500,1,58,0.9279538904899135,5,0.058386082334338035,1.0,True,0.9416139176656619,ok,0.0,0.06120905860834764,1.0,0.9387909413916523,True,0.08399999999999996,0.4781762498950185,1.0,0.5218237501049815,True
logistic_regression,500,1,59,0.9279538904899135,5,0.05168382801374452,1.0,True,0.9483161719862555,ok,0.0,0.05434078124391165,1.0,0.9456592187560884,True,0.07599999999999996,0.4781762498950185,1.0,0.5218237501049815,True
logistic_regression,500,1,60,0.9279538904899135,5,0.06857762022160112,1.0,True,0.9314223797783989,ok,0.0,0.07163269397534079,1.0,0.9283673060246592,True,0.09599999999999997,0.4781762498950185,1.0,0.5218237501049815,True
logistic_regression,500,1,61,0.9279538904899135,5,0.05002124967947769,1.0,True,0.9499787503205223,ok,0.0,0.052635108548995224,1.0,0.9473648914510048,True,0.07399999999999995,0.2835820638819105,0.9949492366205319,0.7113671727386215,True
logistic_regression,500,1,62,0.9279538904899135,5,0.05670308272795138,1.0,True,0.9432969172720487,ok,0.0,0.05948546373558824,1.0,0.9405145362644117,True,0.08199999999999996,0.2835820638819105,0.9949492366205319,0.7113671727386215,True
logistic_regression,500,1,63,0.9279538904899135,5,0.06857762022160112,1.0,True,0.9314223797783989,ok,0.0,0.07163269397534079,1.0,0.9283673060246592,True,0.09599999999999997,0.2835820638819105,0.9949492366205319,0.7113671727386215,True
logistic_regression,500,1,64,0.9279538904899135,5,0.05002124967947769,1.0,True,0.9499787503205223,ok,0.0,0.052635108548995224,1.0,0.9473648914510048,True,0.07399999999999995,0.4781762498950185,1.0,0.5218237501049815,True
logistic_regression,500,1,65,0.9279538904899135,5,0.058386082334338035,1.0,True,0.9416139176656619,ok,0.0,0.06120905860834764,1.0,0.9387909413916523,True,0.08399999999999996,0.14663279963467313,0.9472550494736831,0.80062224983901,True
logistic_regression,500,1,66,0.9279538904899135,5,0.060073769561067636,1.0,True,0.9399262304389324,ok,1.3877787807814457e-17,0.06293676656618725,1.0,0.9370632334338127,True,0.08599999999999997,0.4781762498950185,1.0,0.5218237501049815,True
logistic_regression,500,1,67,0.9279538904899135,5,0.07029059584592706,1.0,True,0.929709404154073,ok,0.0,0.07338258560774025,1.0,0.9266174143922598,True,0.09799999999999998,0.4781762498950185,1.0,0.5218237501049815,True
logistic_regression,500,1,68,0.9279538904899135,5,0.058386082334338035,1.0,True,0.9416139176656619,ok,0.0,0.06120905860834764,1.0,0.9387909413916523,True,0.08399999999999996,0.4781762498950185,1.0,0.5218237501049815,True
logistic_regression,500,1,69,0.9279538904899135,5,0.027456091770647572,1.0,True,0.9725439082293524,ok,0.0,0.029380175392402792,1.0,0.9706198246075972,True,0.04600000000000004,0.4781762498950185,1.0,0.5218237501049815,True
logistic_regression,500,1,70,0.9279538904899135,5,0.07200737727749676,1.0,True,0.9279926227225033,ok,0.0,0.07513581506642548,1.0,0.9248641849335745,True,0.09999999999999998,0.4781762498950185,1.0,0.5218237501049815,True
logistic_regression,500,1,71,0.9279538904899135,5,0.06346262356623868,1.0,True,0.9365373764337613,ok,0.0,0.0664040087545691,1.0,0.9335959912454309,True,0.08999999999999997,0.4781762498950185,1.0,0.5218237501049815,True
logistic_regression,500,1,72,0.9279538904899135,5,0.05670308272795138,1.0,True,0.9432969172720487,ok,0.0,0.05948546373558824,1.0,0.9405145362644117,True,0.08199999999999996,0.4781762498950185,1.0,0.5218237501049815,True
logistic_regression,500,1,73,0.9279538904899135,5,0.055024927612456795,1.0,True,0.9449750723875432,ok,0.0,0.05776611992883434,1.0,0.9422338800711657,True,0.07999999999999996,0.2835820638819105,0.9949492366205319,0.7113671727386215,True
logistic_regression,500,1,74,0.9279538904899135,5,0.07200737727749676,1.0,True,0.9279926227225033,ok,0.0,0.07513581506642548,1.0,0.9248641849335745,True,0.09999999999999998,0.4781762498950185,1.0,0.5218237501049815,True
logistic_regression,500,1,75,0.9279538904899135,5,0.04836425021231326,1.0,True,0.9516357497876867,ok,0.0,0.05093433312513293,1.0,0.949065666874867,True,0.07199999999999995,0.2835820638819105,0.9949492366205319,0.7113671727386215,True
logistic_regression,500,1,76,0.9279538904899135,5,0.055024927612456795,1.0,True,0.9449750723875432,ok,0.0,0.05776611992883434,1.0,0.9422338800711657,True,0.07999999999999996,0.4781762498950185,1.0,0.5218237501049815,True
logistic_regression,500,1,77,0.9279538904899135,5,0.07029059584592706,1.0,True,0.929709404154073,ok,0.0,0.07338258560774025,1.0,0.9266174143922598,True,0.09799999999999998,0.4781762498950185,1.0,0.5218237501049815,True
logistic_regression,500,1,78,0.9279538904899135,5,0.06176599651321696,1.0,True,0.9382340034867831,ok,0.0,0.06466845754105842,1.0,0.9353315424589416,True,0.08799999999999997,0.4781762498950185,1.0,0.5218237501049815,True
logistic_regression,500,1,79,0.9279538904899135,5,0.07717956636320247,1.0,True,0.9228204336367976,ok,2.220446049250313e-16,0.08041466042013709,1.0,0.9195853395798629,True,0.10599999999999998,0.4781762498950185,1.0,0.5218237501049815,True
logistic_regression,500,1,80,0.9279538904899135,5,0.036941720753855864,1.0,True,0.9630582792461442,ok,0.0,0.039183868797187785,1.0,0.9608161312028122,True,0.05800000000000005,0.4781762498950185,1.0,0.5218237501049815,True
logistic_regression,500,1,81,0.9279538904899135,5,0.05168382801374452,1.0,True,0.9483161719862555,ok,0.0,0.05434078124391165,1.0,0.9456592187560884,True,0.07599999999999996,0.4781762498950185,1.0,0.5218237501049815,True
logistic_regression,500,1,82,0.9279538904899135,5,0.07891060417938536,1.0,True,0.9210893958206147,ok,0.0,0.08218039163399793,1.0,0.9178196083660021,True,0.10799999999999998,0.4781762498950185,1.0,0.5218237501049815,True
logistic_regression,500,1,83,0.9279538904899135,5,0.04506786541478528,1.0,True,0.9549321345852148,ok,0.0,0.0475482466326549,1.0,0.9524517533673451,True,0.06799999999999995,0.4781762498950185,1.0,0.5218237501049815,True
logistic_regression,500,1,84,0.9279538904899135,5,0.046713045159396435,1.0,True,0.9532869548406036,ok,0.0,0.0492386447203788,1.0,0.9507613552796212,True,0.06999999999999995,0.4781762498950185,1.0,0.5218237501049815,True
logistic_regression,500,1,85,0.9279538904899135,5,0.04342895880092793,1.0,True,0.9565710411990721,ok,0.0,0.04586335711058772,1.0,0.9541366428894122,True,0.06599999999999995,0.2835820638819105,0.9949492366205319,0.7113671727386215,True
logistic_regression,500,1,86,0.9279538904899135,5,0.060073769561067636,1.0,True,0.9399262304389324,ok,1.3877787807814457e-17,0.06293676656618725,1.0,0.9370632334338127,True,0.08599999999999997,0.4781762498950185,1.0,0.5218237501049815,True
logistic_regression,500,1,87,0.9279538904899135,5,0.07545195677507177,1.0,True,0.9245480432249282,ok,0.0,0.07865193527463434,1.0,0.9213480647253657,True,0.10399999999999998,0.2835820638819105,0.9949492366205319,0.7113671727386215,True
logistic_regression,500,1,88,0.9279538904899135,5,0.07891060417938536,1.0,True,0.9210893958206147,ok,0.0,0.08218039163399793,1.0,0.9178196083660021,True,0.10799999999999998,0.4781762498950185,1.0,0.5218237501049815,True
logistic_regression,500,1,89,0.9279538904899135,5,0.07029059584592706,1.0,True,0.929709404154073,ok,0.0,0.07338258560774025,1.0,0.9266174143922598,True,0.09799999999999998,0.4781762498950185,1.0,0.5218237501049815,True
logistic_regression,500,1,90,0.9279538904899135,5,0.058386082334338035,1.0,True,0.9416139176656619,ok,0.0,0.06120905860834764,1.0,0.9387909413916523,True,0.08399999999999996,0.4781762498950185,1.0,0.5218237501049815,True
logistic_regression,500,1,91,0.9279538904899135,5,0.046713045159396435,1.0,True,0.9532869548406036,ok,0.0,0.0492386447203788,1.0,0.9507613552796212,True,0.06999999999999995,0.2835820638819105,0.9949492366205319,0.7113671727386215,True
logistic_regression,500,1,92,0.9279538904899135,5,0.07891060417938536,1.0,True,0.9210893958206147,ok,0.0,0.08218039163399793,1.0,0.9178196083660021,True,0.10799999999999998,0.2835820638819105,0.9949492366205319,0.7113671727386215,True
logistic_regression,500,1,93,0.9279538904899135,5,0.07545195677507177,1.0,True,0.9245480432249282,ok,0.0,0.07865193527463434,1.0,0.9213480647253657,True,0.10399999999999998,0.4781762498950185,1.0,0.5218237501049815,True
logistic_regression,500,1,94,0.9279538904899135,5,0.055024927612456795,1.0,True,0.9449750723875432,ok,0.0,0.05776611992883434,1.0,0.9422338800711657,True,0.07999999999999996,0.4781762498950185,1.0,0.5218237501049815,True
logistic_regression,500,1,95,0.9279538904899135,5,0.06176599651321696,1.0,True,0.9382340034867831,ok,0.0,0.06466845754105842,1.0,0.9353315424589416,True,0.08799999999999997,0.4781762498950185,1.0,0.5218237501049815,True
logistic_regression,500,1,96,0.9279538904899135,5,0.055024927612456795,1.0,True,0.9449750723875432,ok,0.0,0.05776611992883434,1.0,0.9422338800711657,True,0.07999999999999996,0.4781762498950185,1.0,0.5218237501049815,True
logistic_regression,500,1,97,0.9279538904899135,5,0.05168382801374452,1.0,True,0.9483161719862555,ok,0.0,0.05434078124391165,1.0,0.9456592187560884,True,0.07599999999999996,0.4781762498950185,1.0,0.5218237501049815,True
logistic_regression,500,1,98,0.9279538904899135,5,0.05670308272795138,1.0,True,0.9432969172720487,ok,0.0,0.05948546373558824,1.0,0.9405145362644117,True,0.08199999999999996,0.4781762498950185,1.0,0.5218237501049815,True
logistic_regression,500,1,99,0.9279538904899135,5,0.055024927612456795,1.0,True,0.9449750723875432,ok,0.0,0.05776611992883434,1.0,0.9422338800711657,True,0.07999999999999996,0.4781762498950185,1.0,0.5218237501049815,True
logistic_regression,500,4,0,0.9279538904899135,20,0.34550337136338866,1.0,True,0.6544966286366114,ok,0.0,0.22396194545212783,1.0,0.7760380545478722,True,0.262,0.8315665290169146,1.0,0.16843347098308536,True
logistic_regression,500,4,1,0.9279538904899135,20,0.35380853452904343,1.0,True,0.6461914654709566,ok,0.0,0.22206888188879817,1.0,0.7779311181112019,True,0.26,0.6830172859809177,0.9876514728297052,0.3046341868487875,True
logistic_regression,500,4,2,0.9279538904899135,20,0.35387472809403797,1.0,True,0.646125271905962,ok,4.440892098500626e-16,0.23154440781348107,1.0,0.7684555921865189,True,0.27,0.7512672372279722,0.9987349105020502,0.24746767327407804,True
logistic_regression,500,4,3,0.9279538904899135,20,0.4082160513458293,1.0,True,0.5917839486541707,ok,0.0,0.2601176219607355,1.0,0.7398823780392645,True,0.30000000000000004,0.7512672372279722,0.9987349105020502,0.24746767327407804,True
logistic_regression,500,4,4,0.9279538904899135,20,0.40400600628467914,1.0,True,0.5959939937153209,ok,0.0,0.2505695730497735,1.0,0.7494304269502265,True,0.29000000000000004,0.6830172859809177,0.9876514728297052,0.3046341868487875,True
logistic_regression,500,4,5,0.9279538904899135,20,0.2919916092413261,1.0,True,0.7080083907586738,ok,0.0,0.19380196825952187,1.0,0.8061980317404781,True,0.22999999999999998,0.7512672372279722,0.9987349105020502,0.24746767327407804,True
logistic_regression,500,4,6,0.9279538904899135,20,0.3372167071630736,1.0,True,0.6627832928369264,ok,0.0,0.22206888188879817,1.0,0.7779311181112019,True,0.26,0.6830172859809177,0.9876514728297052,0.3046341868487875,True
logistic_regression,500,4,7,0.9279538904899135,20,0.39979995333475293,1.0,True,0.6002000466652471,ok,0.0,0.24104491652216797,1.0,0.758955083477832,True,0.28,0.6830172859809177,0.9876514728297052,0.3046341868487875,True
logistic_regression,500,4,8,0.9279538904899135,20,0.36634137835904507,1.0,True,0.633658621640955,ok,0.0,0.25629564061540405,1.0,0.743704359384596,True,0.29600000000000004,0.8315665290169146,1.0,0.16843347098308536,True
logistic_regression,500,4,9,0.9279538904899135,20,0.34550337136338866,1.0,True,0.6544966286366114,ok,0.0,0.22775114985957173,1.0,0.7722488501404283,True,0.266,0.621073173454686,0.9679290628145363,0.34685588935985023,True
logistic_regression,500,4,10,0.9279538904899135,20,0.39979995333475293,1.0,True,0.6002000466652471,ok,0.0,0.25629564061540405,1.0,0.743704359384596,True,0.29600000000000004,0.8315665290169146,1.0,0.16843347098308536,True
logistic_regression,500,4,11,0.9279538904899135,20,0.43456800660703104,1.0,True,0.565431993392969,ok,0.0,0.25438602536402205,1.0,0.745613974635978,True,0.29400000000000004,0.7512672372279722,0.9987349105020502,0.24746767327407804,True
logistic_regression,500,4,12,0.9279538904899135,20,0.3621317795463178,1.0,True,0.6378682204536822,ok,0.0,0.23154440781348107,1.0,0.7684555921865189,True,0.27,0.6830172859809177,0.9876514728297052,0.3046341868487875,True
logistic_regression,500,4,13,0.9279538904899135,20,0.38721703799835877,1.0,True,0.6127829620016412,ok,0.0,0.2696883787915055,1.0,0.7303116212084946,True,0.31000000000000005,0.621073173454686,0.9679290628145363,0.34685588935985023,True
logistic_regression,500,4,14,0.9279538904899135,20,0.3330804485277802,1.0,True,0.6669195514722198,ok,0.0,0.22206888188879817,1.0,0.7779311181112019,True,0.26,0.7512672372279722,0.9987349105020502,0.24746767327407804,True
logistic_regression,500,4,15,0.9279538904899135,20,0.3330804485277802,1.0,True,0.6669195514722198,ok,0.0,0.2126192633142715,1.0,0.7873807366857285,True,0.25,0.6830172859809177,0.9876514728297052,0.3046341868487875,True
logistic_regression,500,4,16,0.9279538904899135,20,0.30426419141569216,1.0,True,0.6957358085843078,ok,0.0,0.19755636482427041,1.0,0.8024436351757296,True,0.23399999999999999,0.7512672372279722,0.9987349105020502,0.24746767327407804,True
logistic_regression,500,4,17,0.9279538904899135,20,0.374649688581473,1.0,True,0.625350311418527,ok,0.0,0.22964727577950836,1.0,0.7703527242204916,True,0.268,0.7512672372279722,0.9987349105020502,0.24746767327407804,True
logistic_regression,500,4,18,0.9279538904899135,20,0.37481330369723165,1.0,True,0.6251866963027684,ok,0.0,0.22775114985957173,1.0,0.7722488501404283,True,0.266,0.7512672372279722,0.9987349105020502,0.24746767327407804,True
logistic_regression,500,4,19,0.9279538904899135,20,0.32482236368378925,1.0,True,0.6751776363162107,ok,0.0,0.20319657817464942,1.0,0.7968034218253506,True,0.24,0.7512672372279722,0.9987349105020502,0.24746767327407804,True
logistic_regression,500,4,20,0.9279538904899135,20,0.3372167071630736,1.0,True,0.6627832928369264,ok,0.0,0.2107325368389893,1.0,0.7892674631610107,True,0.248,0.7512672372279722,0.9987349105020502,0.24746767327407804,True
logistic_regression,500,4,21,0.9279538904899135,20,0.33398471980238914,1.0,True,0.6660152801976109,ok,2.7755575615628914e-17,0.24294794126303584,1.0,0.7570520587369641,True,0.28200000000000003,0.6830172859809177,0.9876514728297052,0.3046341868487875,True
logistic_regression,500,4,22,0.9279538904899135,20,0.4082160513458293,1.0,True,0.5917839486541707,ok,0.0,0.2696883787915055,1.0,0.7303116212084946,True,0.31000000000000005,0.5633859970033317,0.9426660029499672,0.37928000594663547,True
logistic_regression,500,4,23,0.9279538904899135,20,0.34965366714564355,1.0,True,0.6503463328543564,ok,0.0,0.22585603728872847,1.0,0.7741439627112715,True,0.264,0.8315665290169146,1.0,0.16843347098308536,True
logistic_regression,500,4,24,0.9279538904899135,20,0.3830164455561237,1.0,True,0.6169835544438763,ok,0.0,0.24104491652216797,1.0,0.758955083477832,True,0.28,0.6830172859809177,0.9876514728297052,0.3046341868487875,True
logistic_regression,500,4,25,0.9279538904899135,20,0.3579679220530066,1.0,True,0.6420320779469935,ok,0.0,0.22585603728872847,1.0,0.7741439627112715,True,0.264,0.621073173454686,0.9679290628145363,0.34685588935985023,True
logistic_regression,500,4,26,0.9279538904899135,20,0.3579679220530066,1.0,True,0.6420320779469935,ok,0.0,0.22964727577950836,1.0,0.7703527242204916,True,0.268,0.6830172859809177,0.9876514728297052,0.3046341868487875,True
logistic_regression,500,4,27,0.9279538904899135,20,0.34550337136338866,1.0,True,0.6544966286366114,ok,1.1102230246251565e-16,0.21639593862016643,1.0,0.7836040613798336,True,0.254,0.6830172859809177,0.9876514728297052,0.3046341868487875,True
logistic_regression,500,4,28,0.9279538904899135,20,0.3372167071630736,1.0,True,0.6627832928369264,ok,0.0,0.2126192633142715,1.0,0.7873807366857285,True,0.25,0.7512672372279722,0.9987349105020502,0.24746767327407804,True
logistic_regression,500,4,29,0.9279538904899135,20,0.44278482391792656,1.0,True,0.5572151760820734,ok,0.0,0.271605199431026,1.0,0.728394800568974,True,0.31200000000000006,0.7512672372279722,0.9987349105020502,0.24746767327407804,True
logistic_regression,500,4,30,0.9279538904899135,20,0.34550337136338866,1.0,True,0.6544966286366114,ok,0.0,0.21450706675787148,1.0,0.7854929332421285,True,0.252,0.7512672372279722,0.9987349105020502,0.24746767327407804,True
logistic_regression,500,4,31,0.9279538904899135,20,0.374649688581473,1.0,True,0.625350311418527,ok,0.0,0.23914285744019723,1.0,0.7608571425598027,True,0.278,0.6830172859809177,0.9876514728297052,0.3046341868487875,True
logistic_regression,500,4,32,0.9279538904899135,20,0.2960771127777634,1.0,True,0.7039228872222366,ok,0.0,0.19192652490570947,1.0,0.8080734750942905,True,0.22799999999999998,0.6830172859809177,0.9876514728297052,0.3046341868487875,True
logistic_regression,500,4,33,0.9279538904899135,20,0.3788309485621641,1.0,True,0.6211690514378359,ok,0.0,0.24485192538238448,1.0,0.7551480746176156,True,0.28400000000000003,0.8315665290169146,1.0,0.16843347098308536,True
logistic_regression,500,4,34,0.9279538904899135,20,0.3853271683853862,1.0,True,0.6146728316146137,ok,1.9984014443252818e-15,0.22206888188879817,1.0,0.7779311181112019,True,0.26,0.6830172859809177,0.9876514728297052,0.3046341868487875,True
logistic_regression,500,4,35,0.9279538904899135,20,0.313021136528587,1.0,True,0.686978863471413,ok,0.0,0.19192652490570947,1.0,0.8080734750942905,True,0.22799999999999998,0.8315665290169146,1.0,0.16843347098308536,True
logistic_regression,500,4,36,0.9279538904899135,20,0.3579679220530066,1.0,True,0.6420320779469935,ok,0.0,0.23154440781348107,1.0,0.7684555921865189,True,0.27,0.8315665290169146,1.0,0.16843347098308536,True
logistic_regression,500,4,37,0.9279538904899135,20,0.32482236368378925,1.0,True,0.6751776363162107,ok,0.0,0.2107325368389893,1.0,0.7892674631610107,True,0.248,0.6830172859809177,0.9876514728297052,0.3046341868487875,True
logistic_regression,500,4,38,0.9279538904899135,20,0.40400600628467914,1.0,True,0.5959939937153209,ok,0.0,0.24104491652216797,1.0,0.758955083477832,True,0.28,0.8315665290169146,1.0,0.16843347098308536,True
logistic_regression,500,4,39,0.9279538904899135,20,0.3663000580841702,1.0,True,0.6336999419158298,ok,0.0,0.23534166201192522,1.0,0.7646583379880748,True,0.274,0.621073173454686,0.9679290628145363,0.34685588935985023,True
logistic_regression,500,4,40,0.9279538904899135,20,0.38343722835994515,1.0,True,0.6165627716400548,ok,1.1102230246251565e-16,0.22775114985957173,1.0,0.7722488501404283,True,0.266,0.621073173454686,0.9679290628145363,0.34685588935985023,True
logistic_regression,500,4,41,0.9279538904899135,20,0.39559793095441415,1.0,True,0.6044020690455858,ok,0.0,0.24294794126303584,1.0,0.7570520587369641,True,0.28200000000000003,0.7512672372279722,0.9987349105020502,0.24746767327407804,True
logistic_regression,500,4,42,0.9279538904899135,20,0.34135769997714843,1.0,True,0.6586423000228516,ok,2.220446049250313e-16,0.23154440781348107,1.0,0.7684555921865189,True,0.27,0.6830172859809177,0.9876514728297052,0.3046341868487875,True
logistic_regression,500,4,43,0.9279538904899135,20,0.30836562219053,1.0,True,0.69163437780947,ok,0.0,0.20319657817464942,1.0,0.7968034218253506,True,0.24,0.7512672372279722,0.9987349105020502,0.24746767327407804,True
logistic_regression,500,4,44,0.9279538904899135,20,0.3289489811598512,1.0,True,0.6710510188401488,ok,0.0,0.2107325368389893,1.0,0.7892674631610107,True,0.248,0.621073173454686,0.9679290628145363,0.34685588935985023,True
logistic_regression,500,4,45,0.9279538904899135,20,0.374649688581473,1.0,True,0.625350311418527,ok,0.0,0.23914285744019723,1.0,0.7608571425598027,True,0.278,0.8315665290169146,1.0,0.16843347098308536,True
logistic_regression,500,4,46,0.9279538904899135,20,0.4377950933866419,1.0,True,0.5622049066133581,ok,0.0,0.2696883787915055,1.0,0.7303116212084946,True,0.31000000000000005,0.6830172859809177,0.9876514728297052,0.3046341868487875,True
logistic_regression,500,4,47,0.9279538904899135,20,0.34550337136338866,1.0,True,0.6544966286366114,ok,0.0,0.23724177042440292,1.0,0.762758229575597,True,0.276,0.8315665290169146,1.0,0.16843347098308536,True
logistic_regression,500,4,48,0.9279538904899135,20,0.30971794799780167,1.0,True,0.6902820520021984,ok,0.0,0.22775114985957173,1.0,0.7722488501404283,True,0.266,0.7512672372279722,0.9987349105020502,0.24746767327407804,True
logistic_regression,500,4,49,0.9279538904899135,20,0.3579679220530066,1.0,True,0.6420320779469935,ok,0.0,0.21450706675787148,1.0,0.7854929332421285,True,0.252,0.8315665290169146,1.0,0.16843347098308536,True
logistic_regression,500,4,50,0.9279538904899135,20,0.3913999785068072,1.0,True,0.6086000214931928,ok,0.0,0.23724177042440292,1.0,0.762758229575597,True,0.276,0.6830172859809177,0.9876514728297052,0.3046341868487875,True
logistic_regression,500,4,51,0.9279538904899135,20,0.4318641863630013,1.0,True,0.5681358136369987,ok,0.0,0.24675686272375716,1.0,0.7532431372762428,True,0.28600000000000003,0.8315665290169146,1.0,0.16843347098308536,True
logistic_regression,500,4,52,0.9279538904899135,20,0.3621317795463178,1.0,True,0.6378682204536822,ok,2.220446049250313e-16,0.24104491652216797,1.0,0.758955083477832,True,0.28,0.6830172859809177,0.9876514728297052,0.3046341868487875,True
logistic_regression,500,4,53,0.9279538904899135,20,0.3830630168808519,1.0,True,0.616936983119148,ok,2.7755575615628914e-17,0.23344253887286415,1.0,0.7665574611271359,True,0.272,0.5633859970033317,0.9426660029499672,0.37928000594663547,True
logistic_regression,500,4,54,0.9279538904899135,20,0.43659747754677963,1.0,True,0.5634025224532204,ok,0.0,0.26202997743310014,1.0,0.7379700225668999,True,0.30200000000000005,0.7512672372279722,0.9987349105020502,0.24746767327407804,True
logistic_regression,500,4,55,0.9279538904899135,20,0.2919916092413261,1.0,True,0.7080083907586738,ok,0.0,0.17696658536322568,1.0,0.8230334146367744,True,0.21199999999999997,0.6830172859809177,0.9876514728297052,0.3046341868487875,True
logistic_regression,500,4,56,0.9279538904899135,20,0.3621317795463178,1.0,True,0.6378682204536822,ok,5.551115123125783e-17,0.2201768542955657,1.0,0.7798231457044343,True,0.258,0.7512672372279722,0.9987349105020502,0.24746767327407804,True
logistic_regression,500,4,57,0.9279538904899135,20,0.38775569695428747,1.0,True,0.6122443030457125,ok,4.440892098500626e-16,0.23914285744019723,1.0,0.7608571425598027,True,0.278,0.7512672372279722,0.9987349105020502,0.24746767327407804,True
logistic_regression,500,4,58,0.9279538904899135,20,0.34135769997714843,1.0,True,0.6586423000228516,ok,0.0,0.23724177042440292,1.0,0.762758229575597,True,0.276,0.8315665290169146,1.0,0.16843347098308536,True
logistic_regression,500,4,59,0.9279538904899135,20,0.35380853452904343,1.0,True,0.6461914654709566,ok,0.0,0.23914285744019723,1.0,0.7608571425598027,True,0.278,0.6830172859809177,0.9876514728297052,0.3046341868487875,True
logistic_regression,500,4,60,0.9279538904899135,20,0.3621317795463178,1.0,True,0.6378682204536822,ok,0.0,0.23724177042440292,1.0,0.762758229575597,True,0.276,0.7512672372279722,0.9987349105020502,0.24746767327407804,True
logistic_regression,500,4,61,0.9279538904899135,20,0.40400600628467914,1.0,True,0.5959939937153209,ok,0.0,0.2735228986922597,1.0,0.7264771013077402,True,0.31399999999999995,0.8315665290169146,1.0,0.16843347098308536,True
logistic_regression,500,4,62,0.9279538904899135,20,0.39979995333475293,1.0,True,0.6002000466652471,ok,3.3306690738754696e-16,0.2505695730497735,1.0,0.7494304269502265,True,0.29000000000000004,0.621073173454686,0.9679290628145363,0.34685588935985023,True
logistic_regression,500,4,63,0.9279538904899135,20,0.40001518347642834,1.0,True,0.5999848165235717,ok,2.220446049250313e-16,0.22206888188879817,1.0,0.7779311181112019,True,0.26,0.7512672372279722,0.9987349105020502,0.24746767327407804,True
logistic_regression,500,4,64,0.9279538904899135,20,0.3165839209269182,1.0,True,0.6834160790730818,ok,1.1102230246251565e-16,0.21639593862016643,1.0,0.7836040613798336,True,0.254,0.8315665290169146,1.0,0.16843347098308536,True
logistic_regression,500,4,65,0.9279538904899135,20,0.34965366714564355,1.0,True,0.6503463328543564,ok,0.0,0.2182858705311103,1.0,0.7817141294688897,True,0.256,0.7512672372279722,0.9987349105020502,0.24746767327407804,True
logistic_regression,500,4,66,0.9279538904899135,20,0.35380853452904343,1.0,True,0.6461914654709566,ok,0.0,0.23724177042440292,1.0,0.762758229575597,True,0.276,0.6830172859809177,0.9876514728297052,0.3046341868487875,True
logistic_regression,500,4,67,0.9279538904899135,20,0.324982411303432,1.0,True,0.675017588696568,ok,0.0,0.23154440781348107,1.0,0.7684555921865189,True,0.27,0.7512672372279722,0.9987349105020502,0.24746767327407804,True
logistic_regression,500,4,68,0.9279538904899135,20,0.36145040519119004,1.0,True,0.63854959480881,ok,1.1102230246251565e-16,0.2126192633142715,1.0,0.7873807366857285,True,0.25,0.7512672372279722,0.9987349105020502,0.24746767327407804,True
logistic_regression,500,4,69,0.9279538904899135,20,0.3372167071630736,1.0,True,0.6627832928369264,ok,0.0,0.2126192633142715,1.0,0.7873807366857285,True,0.25,0.8315665290169146,1.0,0.16843347098308536,True
logistic_regression,500,4,70,0.9279538904899135,20,0.3330804485277802,1.0,True,0.6669195514722198,ok,0.0,0.22206888188879817,1.0,0.7779311181112019,True,0.26,0.6830172859809177,0.9876514728297052,0.3046341868487875,True
logistic_regression,500,4,71,0.9279538904899135,20,0.3330804485277802,1.0,True,0.6669195514722198,ok,0.0,0.23154440781348107,1.0,0.7684555921865189,True,0.27,0.7512672372279722,0.9987349105020502,0.24746767327407804,True
logistic_regression,500,4,72,0.9279538904899135,20,0.3830164455561237,1.0,True,0.6169835544438763,ok,0.0,0.25820617460187023,1.0,0.7417938253981298,True,0.29800000000000004,0.6830172859809177,0.9876514728297052,0.3046341868487875,True
logistic_regression,500,4,73,0.9279538904899135,20,0.39603121740927927,1.0,True,0.6039687825907207,ok,0.0,0.24104491652216797,1.0,0.758955083477832,True,0.28,0.8315665290169146,1.0,0.16843347098308536,True
logistic_regression,500,4,74,0.9279538904899135,20,0.30836562219053,1.0,True,0.69163437780947,ok,5.551115123125783e-17,0.2069623499189592,1.0,0.7930376500810408,True,0.244,0.621073173454686,0.9679290628145363,0.34685588935985023,True
logistic_regression,500,4,75,0.9279538904899135,20,0.37047270994706516,1.0,True,0.6295272900529348,ok,0.0,0.23914285744019723,1.0,0.7608571425598027,True,0.278,0.7512672372279722,0.9987349105020502,0.24746767327407804,True
logistic_regression,500,4,76,0.9279538904899135,20,0.38720613628797135,1.0,True,0.6127938637120287,ok,0.0,0.24294794126303584,1.0,0.7570520587369641,True,0.28200000000000003,0.7512672372279722,0.9987349105020502,0.24746767327407804,True
logistic_regression,500,4,77,0.9279538904899135,20,0.34965366714564355,1.0,True,0.6503463328543564,ok,0.0,0.22206888188879817,1.0,0.7779311181112019,True,0.26,0.621073173454686,0.9679290628145363,0.34685588935985023,True
logistic_regression,500,4,78,0.9279538904899135,20,0.3330804485277802,1.0,True,0.6669195514722198,ok,5.551115123125783e-17,0.2201768542955657,1.0,0.7798231457044343,True,0.258,0.621073173454686,0.9679290628145363,0.34685588935985023,True
logistic_regression,500,4,79,0.9279538904899135,20,0.374649688581473,1.0,True,0.625350311418527,ok,0.0,0.23344253887286415,1.0,0.7665574611271359,True,0.272,0.8315665290169146,1.0,0.16843347098308536,True
logistic_regression,500,4,80,0.9279538904899135,20,0.3663000580841702,1.0,True,0.6336999419158298,ok,0.0,0.23534166201192522,1.0,0.7646583379880748,True,0.274,0.6830172859809177,0.9876514728297052,0.3046341868487875,True
logistic_regression,500,4,81,0.9279538904899135,20,0.32482236368378925,1.0,True,0.6751776363162107,ok,2.220446049250313e-16,0.22206888188879817,1.0,0.7779311181112019,True,0.26,0.621073173454686,0.9679290628145363,0.34685588935985023,True
logistic_regression,500,4,82,0.9279538904899135,20,0.3330804485277802,1.0,True,0.6669195514722198,ok,0.0,0.22396194545212783,1.0,0.7760380545478722,True,0.262,0.6830172859809177,0.9876514728297052,0.3046341868487875,True
logistic_regression,500,4,83,0.9279538904899135,20,0.3579679220530066,1.0,True,0.6420320779469935,ok,0.0,0.22585603728872847,1.0,0.7741439627112715,True,0.264,0.621073173454686,0.9679290628145363,0.34685588935985023,True
logistic_regression,500,4,84,0.9279538904899135,20,0.420968223860017,1.0,True,0.579031776139983,ok,2.7755575615628914e-17,0.25629564061540405,1.0,0.743704359384596,True,0.29600000000000004,0.8315665290169146,1.0,0.16843347098308536,True
logistic_regression,500,4,85,0.9279538904899135,20,0.43094144452637434,1.0,True,0.5690585554736256,ok,4.440892098500626e-16,0.26202997743310014,1.0,0.7379700225668999,True,0.30200000000000005,0.6830172859809177,0.9876514728297052,0.3046341868487875,True
logistic_regression,500,4,86,0.9279538904899135,20,0.40560909401330053,1.0,True,0.5943909059866994,ok,3.3306690738754696e-16,0.24675686272375716,1.0,0.7532431372762428,True,0.28600000000000003,0.8315665290169146,1.0,0.16843347098308536,True
logistic_regression,500,4,87,0.9279538904899135,20,0.39979995333475293,1.0,True,0.6002000466652471,ok,0.0,0.24485192538238448,1.0,0.7551480746176156,True,0.28400000000000003,0.621073173454686,0.9679290628145363,0.34685588935985023,True
logistic_regression,500,4,88,0.9279538904899135,20,0.3372167071630736,1.0,True,0.6627832928369264,ok,0.0,0.21450706675787148,1.0,0.7854929332421285,True,0.252,0.6830172859809177,0.9876514728297052,0.3046341868487875,True
logistic_regression,500,4,89,0.9279538904899135,20,0.37047270994706516,1.0,True,0.6295272900529348,ok,0.0,0.24294794126303584,1.0,0.7570520587369641,True,0.28200000000000003,0.5633859970033317,0.9426660029499672,0.37928000594663547,True
logistic_regression,500,4,90,0.9279538904899135,20,0.4082160513458293,1.0,True,0.5917839486541707,ok,0.0,0.26202997743310014,1.0,0.7379700225668999,True,0.30200000000000005,0.8315665290169146,1.0,0.16843347098308536,True
logistic_regression,500,4,91,0.9279538904899135,20,0.43094144452637434,1.0,True,0.5690585554736256,ok,3.3306690738754696e-16,0.2601176219607355,1.0,0.7398823780392645,True,0.30000000000000004,0.7512672372279722,0.9987349105020502,0.24746767327407804,True
logistic_regression,500,4,92,0.9279538904899135,20,0.30426419141569216,1.0,True,0.6957358085843078,ok,0.0,0.2107325368389893,1.0,0.7892674631610107,True,0.248,0.7512672372279722,0.9987349105020502,0.24746767327407804,True
logistic_regression,500,4,93,0.9279538904899135,20,0.41134800546459444,1.0,True,0.5886519945354056,ok,2.220446049250313e-16,0.23534166201192522,1.0,0.7646583379880748,True,0.274,0.6830172859809177,0.9876514728297052,0.3046341868487875,True
logistic_regression,500,4,94,0.9279538904899135,20,0.32482236368378925,1.0,True,0.6751776363162107,ok,0.0,0.2107325368389893,1.0,0.7892674631610107,True,0.248,0.6830172859809177,0.9876514728297052,0.3046341868487875,True
logistic_regression,500,4,95,0.9279538904899135,20,0.44508126309870116,1.0,True,0.5549187369012989,ok,3.1086244689504383e-15,0.25820617460187023,1.0,0.7417938253981298,True,0.29800000000000004,0.8315665290169146,1.0,0.16843347098308536,True
logistic_regression,500,4,96,0.9279538904899135,20,0.34550337136338866,1.0,True,0.6544966286366114,ok,1.1102230246251565e-16,0.21639593862016643,1.0,0.7836040613798336,True,0.254,0.8315665290169146,1.0,0.16843347098308536,True
logistic_regression,500,4,97,0.9279538904899135,20,0.3663000580841702,1.0,True,0.6336999419158298,ok,0.0,0.23154440781348107,1.0,0.7684555921865189,True,0.27,0.7512672372279722,0.9987349105020502,0.24746767327407804,True
logistic_regression,500,4,98,0.9279538904899135,20,0.37951342243208835,1.0,True,0.6204865775679116,ok,2.7755575615628914e-17,0.22964727577950836,1.0,0.7703527242204916,True,0.268,0.6830172859809177,0.9876514728297052,0.3046341868487875,True
logistic_regression,500,4,99,0.9279538904899135,20,0.4160650896311702,1.0,True,0.5839349103688298,ok,4.440892098500626e-16,0.24104491652216797,1.0,0.758955083477832,True,0.28,0.5633859970033317,0.9426660029499672,0.37928000594663547,True
logistic_regression,500,16,0,0.9279538904899135,81,0.6033971818810328,1.0,True,0.39660281811896725,ok,2.220446049250313e-16,0.5333556139429795,1.0,0.4666443860570205,True,0.5780000000000001,0.8457138312847053,0.9723316394755961,0.12661780819089075,True
logistic_regression,500,16,1,0.9279538904899135,81,0.6883068362659032,1.0,True,0.31169316373409683,ok,1.5210520343256206e-11,0.6043586259764993,1.0,0.39564137402350075,True,0.648,0.8457138312847053,0.9723316394755961,0.12661780819089075,True
logistic_regression,500,16,2,0.9279538904899135,81,0.653832629320695,1.0,True,0.34616737067930503,ok,4.440892098500626e-16,0.5697559067607436,1.0,0.4302440932392564,True,0.614,0.8146359499036876,0.9563870727079142,0.14175112280422664,True
logistic_regression,500,16,3,0.9279538904899135,81,0.6887435793475434,1.0,True,0.3112564206524566,ok,8.532983347686596e-13,0.565699562262906,1.0,0.43430043773709404,True,0.61,0.8783618605134889,0.9863829129119368,0.10802105239844795,True
logistic_regression,500,16,4,0.9279538904899135,81,0.675092032970215,1.0,True,0.32490796702978497,ok,1.284776451893066e-11,0.5860116517889012,1.0,0.41398834821109876,True,0.63,0.861797394725865,0.9796551606775783,0.11785776595171327,True
logistic_regression,500,16,5,0.9279538904899135,81,0.6328128823878904,1.0,True,0.36718711761210965,ok,1.2261219817233382e-11,0.543442912012064,1.0,0.45655708798793604,True,0.5880000000000001,0.7846553019524447,0.9391797507486828,0.15452444879623806,True
logistic_regression,500,16,6,0.9279538904899135,81,0.6291062293940567,1.0,True,0.3708937706059433,ok,1.1102230246251565e-15,0.5555717992429621,1.0,0.44442820075703793,True,0.6,0.8955562875743209,0.9922959627311266,0.0967396751568057,True
logistic_regression,500,16,7,0.9279538904899135,81,0.6541939842509599,1.0,True,0.34580601574904013,ok,4.440892098500626e-16,0.5636725167381774,1.0,0.4363274832618226,True,0.608,0.8457138312847053,0.9723316394755961,0.12661780819089075,True
logistic_regression,500,16,8,0.9279538904899135,81,0.6608674293950555,1.0,True,0.3391325706049445,ok,3.6020960519911327e-12,0.5697559067607436,1.0,0.4302440932392564,True,0.614,0.861797394725865,0.9796551606775783,0.11785776595171327,True
logistic_regression,500,16,9,0.9279538904899135,81,0.7279410417334762,1.0,True,0.2720589582665238,ok,1.5065429806448982e-11,0.6268708558454734,1.0,0.3731291441545266,True,0.6699999999999999,0.9136371320541119,0.9969956484842672,0.08335851643015535,True
logistic_regression,500,16,10,0.9279538904899135,81,0.5896997587603464,1.0,True,0.4103002412396536,ok,1.1102230246251565e-16,0.5333556139429795,1.0,0.4666443860570205,True,0.5780000000000001,0.9136371320541119,0.9969956484842672,0.08335851643015535,True
logistic_regression,500,16,11,0.9279538904899135,81,0.64916260210379,1.0,True,0.35083739789621005,ok,1.582912967368344e-11,0.5677273582438387,1.0,0.4322726417561613,True,0.612,0.8457138312847053,0.9723316394755961,0.12661780819089075,True
logistic_regression,500,16,12,0.9279538904899135,81,0.6282816201741386,1.0,True,0.3717183798258614,ok,6.661338147750939e-16,0.5535484764320154,1.0,0.44645152356798457,True,0.598,0.8457138312847053,0.9723316394755961,0.12661780819089075,True
logistic_regression,500,16,13,0.9279538904899135,81,0.6499092998837942,1.0,True,0.3500907001162058,ok,1.0365416858171272e-11,0.5636725167381774,1.0,0.4363274832618226,True,0.608,0.7995278996869488,0.947916478427844,0.14838857874089517,True
logistic_regression,500,16,14,0.9279538904899135,81,0.6900954594454839,1.0,True,0.3099045405545161,ok,1.000911159509954e-11,0.598235884409411,1.0,0.401764115590589,True,0.642,0.8300153432950901,0.9645461246675792,0.13453078137248908,True
logistic_regression,500,16,15,0.9279538904899135,81,0.676377464879205,1.0,True,0.323622535120795,ok,1.0802123084907578e-14,0.590083273864826,1.0,0.40991672613517405,True,0.634,0.8457138312847053,0.9723316394755961,0.12661780819089075,True
logistic_regression,500,16,16,0.9279538904899135,81,0.6346876569685435,1.0,True,0.36531234303145654,ok,9.992007221626409e-16,0.5575958628067892,1.0,0.4424041371932108,True,0.602,0.8300153432950901,0.9645461246675792,0.13453078137248908,True
logistic_regression,500,16,17,0.9279538904899135,81,0.6001984518841548,1.0,True,0.39980154811584523,ok,2.7755575615628914e-17,0.5394058116659276,1.0,0.4605941883340724,True,0.5840000000000001,0.8300153432950901,0.9645461246675792,0.13453078137248908,True
logistic_regression,500,16,18,0.9279538904899135,81,0.6550201543318567,1.0,True,0.3449798456681433,ok,5.551115123125783e-16,0.5758460890440275,1.0,0.42415391095597255,True,0.62,0.7995278996869488,0.947916478427844,0.14838857874089517,True
logistic_regression,500,16,19,0.9279538904899135,81,0.6075037536850976,1.0,True,0.39249624631490243,ok,2.220446049250313e-16,0.5333556139429795,1.0,0.4666443860570205,True,0.5780000000000001,0.861797394725865,0.9796551606775783,0.11785776595171327,True
logistic_regression,500,16,20,0.9279538904899135,81,0.6469770946473821,1.0,True,0.35302290535261793,ok,1.2206902155753596e-11,0.5414239973279713,1.0,0.4585760026720287,True,0.5860000000000001,0.8300153432950901,0.9645461246675792,0.13453078137248908,True
logistic_regression,500,16,21,0.9279538904899135,81,0.6513519328348464,1.0,True,0.3486480671651536,ok,2.220446049250313e-16,0.5819431236715247,1.0,0.4180568763284753,True,0.626,0.8300153432950901,0.9645461246675792,0.13453078137248908,True
logistic_regression,500,16,22,0.9279538904899135,81,0.5740885519915387,1.0,True,0.42591144800846126,ok,1.887379141862766e-15,0.5212747113122035,1.0,0.4787252886877965,True,0.5660000000000001,0.8457138312847053,0.9723316394755961,0.12661780819089075,True
logistic_regression,500,16,23,0.9279538904899135,81,0.6495058482733418,1.0,True,0.3504941517266582,ok,8.850730912057791e-12,0.5575958628067892,1.0,0.4424041371932108,True,0.602,0.8955562875743209,0.9922959627311266,0.0967396751568057,True
logistic_regression,500,16,24,0.9279538904899135,81,0.5957833189336895,1.0,True,0.4042166810663105,ok,4.440892098500626e-16,0.5333556139429795,1.0,0.4666443860570205,True,0.5780000000000001,0.8146359499036876,0.9563870727079142,0.14175112280422664,True
logistic_regression,500,16,25,0.9279538904899135,81,0.6560779411915502,1.0,True,0.34392205880844984,ok,6.796993523572326e-14,0.5636725167381774,1.0,0.4363274832618226,True,0.608,0.861797394725865,0.9796551606775783,0.11785776595171327,True
logistic_regression,500,16,26,0.9279538904899135,81,0.6496019110588437,1.0,True,0.3503980889411563,ok,6.661338147750939e-16,0.5717852099410836,1.0,0.4282147900589164,True,0.616,0.8783618605134889,0.9863829129119368,0.10802105239844795,True
logistic_regression,500,16,27,0.9279538904899135,81,0.6820399932997353,1.0,True,0.3179600067002647,ok,4.982646240048183e-12,0.565699562262906,1.0,0.43430043773709404,True,0.61,0.861797394725865,0.9796551606775783,0.11785776595171327,True
logistic_regression,500,16,28,0.9279538904899135,81,0.6749390913102825,1.0,True,0.3250609086897175,ok,6.217248937900877e-15,0.5677273582438387,1.0,0.4322726417561613,True,0.612,0.8783618605134889,0.9863829129119368,0.10802105239844795,True
logistic_regression,500,16,29,0.9279538904899135,81,0.6307697759561816,1.0,True,0.36923022404381844,ok,9.992007221626409e-15,0.5596206689732415,1.0,0.4403793310267585,True,0.604,0.861797394725865,0.9796551606775783,0.11785776595171327,True
logistic_regression,500,16,30,0.9279538904899135,81,0.6149689393280939,1.0,True,0.38503106067190607,ok,8.881784197001252e-16,0.5555717992429621,1.0,0.44442820075703793,True,0.6,0.7699903684379342,0.9302113140128173,0.1602209455748831,True
logistic_regression,500,16,31,0.9279538904899135,81,0.6938558192731935,1.0,True,0.3061441807268065,ok,6.438311689338505e-12,0.565699562262906,1.0,0.43430043773709404,True,0.61,0.8955562875743209,0.9922959627311266,0.0967396751568057,True
logistic_regression,500,16,32,0.9279538904899135,81,0.6644150007724607,1.0,True,0.33558499922753926,ok,4.5765388007046326e-12,0.5616462196369949,1.0,0.4383537803630051,True,0.606,0.9136371320541119,0.9969956484842672,0.08335851643015535,True
logistic_regression,500,16,33,0.9279538904899135,81,0.6515281075595344,1.0,True,0.3484718924404656,ok,6.022351020651406e-12,0.5778776694655394,1.0,0.4221223305344606,True,0.622,0.7995278996869488,0.947916478427844,0.14838857874089517,True
logistic_regression,500,16,34,0.9279538904899135,81,0.6628089341496357,1.0,True,0.3371910658503643,ok,1.3189949132907941e-11,0.5839770022582277,1.0,0.4160229977417723,True,0.628,0.8146359499036876,0.9563870727079142,0.14175112280422664,True
logistic_regression,500,16,35,0.9279538904899135,81,0.6685682021332026,1.0,True,0.33143179786679744,ok,7.1489914682532074e-12,0.5596206689732415,1.0,0.4403793310267585,True,0.604,0.8146359499036876,0.9563870727079142,0.14175112280422664,True
logistic_regression,500,16,36,0.9279538904899135,81,0.662523776379701,1.0,True,0.33747622362029905,ok,5.516672188510263e-12,0.5880470747957669,1.0,0.4119529252042331,True,0.632,0.8783618605134889,0.9863829129119368,0.10802105239844795,True
logistic_regression,500,16,37,0.9279538904899135,81,0.640320490338695,1.0,True,0.359679509661305,ok,6.661338147750939e-16,0.5697559067607436,1.0,0.4302440932392564,True,0.614,0.8955562875743209,0.9922959627311266,0.0967396751568057,True
logistic_regression,500,16,38,0.9279538904899135,81,0.586522746950254,1.0,True,0.41347725304974603,ok,2.220446049250313e-16,0.5232863987766914,1.0,0.47671360122330864,True,0.5680000000000001,0.8146359499036876,0.9563870727079142,0.14175112280422664,True
logistic_regression,500,16,39,0.9279538904899135,81,0.656287370711573,1.0,True,0.34371262928842705,ok,1.2212453270876722e-15,0.5575958628067892,1.0,0.4424041371932108,True,0.602,0.8146359499036876,0.9563870727079142,0.14175112280422664,True
logistic_regression,500,16,40,0.9279538904899135,81,0.6742068397805971,1.0,True,0.32579316021940286,ok,1.5717671955628454e-11,0.598235884409411,1.0,0.401764115590589,True,0.642,0.861797394725865,0.9796551606775783,0.11785776595171327,True
logistic_regression,500,16,41,0.9279538904899135,81,0.6387573296713683,1.0,True,0.36124267032863167,ok,1.0331620975412292e-11,0.5394058116659276,1.0,0.4605941883340724,True,0.5840000000000001,0.9136371320541119,0.9969956484842672,0.08335851643015535,True
logistic_regression,500,16,42,0.9279538904899135,81,0.6838089833531599,1.0,True,0.31619101664684013,ok,1.0936508643144549e-11,0.5799100135495966,1.0,0.4200899864504034,True,0.624,0.8146359499036876,0.9563870727079142,0.14175112280422664,True
logistic_regression,500,16,43,0.9279538904899135,81,0.6533885667307523,1.0,True,0.3466114332692477,ok,1.0342502895777095e-11,0.5738152699606193,1.0,0.42618473003938073,True,0.618,0.7995278996869488,0.947916478427844,0.14838857874089517,True
logistic_regression,500,16,44,0.9279538904899135,81,0.6955632372291112,1.0,True,0.3044367627708888,ok,9.128578101758045e-12,0.5941580108071096,1.0,0.4058419891928904,True,0.638,0.8457138312847053,0.9723316394755961,0.12661780819089075,True
logistic_regression,500,16,45,0.9279538904899135,81,0.6397584236366701,1.0,True,0.3602415763633299,ok,5.551115123125783e-16,0.5515258925686295,1.0,0.4484741074313705,True,0.596,0.8955562875743209,0.9922959627311266,0.0967396751568057,True
logistic_regression,500,16,46,0.9279538904899135,81,0.6802280411185353,1.0,True,0.3197719588814647,ok,3.0070390621972365e-12,0.5636725167381774,1.0,0.4363274832618226,True,0.608,0.9136371320541119,0.9969956484842672,0.08335851643015535,True
logistic_regression,500,16,47,0.9279538904899135,81,0.6374116669278689,1.0,True,0.3625883330721311,ok,9.625980568195303e-15,0.5596206689732415,1.0,0.4403793310267585,True,0.604,0.8955562875743209,0.9922959627311266,0.0967396751568057,True
logistic_regression,500,16,48,0.9279538904899135,81,0.617791968265418,1.0,True,0.38220803173458195,ok,7.771561172376096e-16,0.5333556139429795,1.0,0.4666443860570205,True,0.5780000000000001,0.8146359499036876,0.9563870727079142,0.14175112280422664,True
logistic_regression,500,16,49,0.9279538904899135,81,0.6687321745563386,1.0,True,0.3312678254436614,ok,9.848250687172211e-12,0.5819431236715247,1.0,0.4180568763284753,True,0.626,0.7846553019524447,0.9391797507486828,0.15452444879623806,True
logistic_regression,500,16,50,0.9279538904899135,81,0.6214152703582098,1.0,True,0.37858472964179024,ok,2.220446049250313e-16,0.5515258925686295,1.0,0.4484741074313705,True,0.596,0.8955562875743209,0.9922959627311266,0.0967396751568057,True
logistic_regression,500,16,51,0.9279538904899135,81,0.6514135195439547,1.0,True,0.34858648045604534,ok,1.192338588973385e-11,0.5555717992429621,1.0,0.44442820075703793,True,0.6,0.861797394725865,0.9796551606775783,0.11785776595171327,True
logistic_regression,500,16,52,0.9279538904899135,81,0.6522949082576843,1.0,True,0.3477050917423157,ok,1.1102230246251565e-16,0.5697559067607436,1.0,0.4302440932392564,True,0.614,0.7846553019524447,0.9391797507486828,0.15452444879623806,True
logistic_regression,500,16,53,0.9279538904899135,81,0.691217949113872,1.0,True,0.308782050886128,ok,4.084786328628631e-12,0.5778776694655394,1.0,0.4221223305344606,True,0.622,0.861797394725865,0.9796551606775783,0.11785776595171327,True
logistic_regression,500,16,54,0.9279538904899135,81,0.6358047389890997,1.0,True,0.3641952610109003,ok,8.31292847058851e-12,0.5474829346824527,1.0,0.4525170653175473,True,0.5920000000000001,0.8300153432950901,0.9645461246675792,0.13453078137248908,True
logistic_regression,500,16,55,0.9279538904899135,81,0.6591512270837755,1.0,True,0.3408487729162245,ok,3.3306690738754696e-15,0.5575958628067892,1.0,0.4424041371932108,True,0.602,0.861797394725865,0.9796551606775783,0.11785776595171327,True
logistic_regression,500,16,56,0.9279538904899135,81,0.6546558864552375,1.0,True,0.34534411354476247,ok,8.556801101011757e-12,0.5555717992429621,1.0,0.44442820075703793,True,0.6,0.8783618605134889,0.9863829129119368,0.10802105239844795,True
logistic_regression,500,16,57,0.9279538904899135,81,0.6220605981149953,1.0,True,0.37793940188500474,ok,5.535750677299056e-12,0.5333556139429795,1.0,0.4666443860570205,True,0.5780000000000001,0.8783618605134889,0.9863829129119368,0.10802105239844795,True
logistic_regression,500,16,58,0.9279538904899135,81,0.6345749287863968,1.0,True,0.36542507121360324,ok,1.3211277558045076e-11,0.5454625572667978,1.0,0.4545374427332022,True,0.5900000000000001,0.8783618605134889,0.9863829129119368,0.10802105239844795,True
logistic_regression,500,16,59,0.9279538904899135,81,0.63215073571609,1.0,True,0.36784926428390996,ok,4.440892098500626e-15,0.5535484764320154,1.0,0.44645152356798457,True,0.598,0.8783618605134889,0.9863829129119368,0.10802105239844795,True
logistic_regression,500,16,60,0.9279538904899135,81,0.6439194522602661,1.0,True,0.35608054773973385,ok,2.7755575615628914e-17,0.5636725167381774,1.0,0.4363274832618226,True,0.608,0.9136371320541119,0.9969956484842672,0.08335851643015535,True
logistic_regression,500,16,61,0.9279538904899135,81,0.6420569415360158,1.0,True,0.3579430584639842,ok,2.6645352591003757e-15,0.5596206689732415,1.0,0.4403793310267585,True,0.604,0.8457138312847053,0.9723316394755961,0.12661780819089075,True
logistic_regression,500,16,62,0.9279538904899135,81,0.6568811426392396,1.0,True,0.3431188573607604,ok,5.2621188656454265e-12,0.5596206689732415,1.0,0.4403793310267585,True,0.604,0.861797394725865,0.9796551606775783,0.11785776595171327,True
logistic_regression,500,16,63,0.9279538904899135,81,0.6336293705650142,1.0,True,0.3663706294349858,ok,2.220446049250313e-16,0.5454625572667978,1.0,0.4545374427332022,True,0.5900000000000001,0.861797394725865,0.9796551606775783,0.11785776595171327,True
logistic_regression,500,16,64,0.9279538904899135,81,0.6373123614943506,1.0,True,0.36268763850564945,ok,7.155163614380733e-12,0.5495040458914182,1.0,0.4504959541085818,True,0.594,0.8457138312847053,0.9723316394755961,0.12661780819089075,True
logistic_regression,500,16,65,0.9279538904899135,81,0.7189957289979964,1.0,True,0.28100427100200365,ok,6.898917201403343e-12,0.5941580108071096,1.0,0.4058419891928904,True,0.638,0.861797394725865,0.9796551606775783,0.11785776595171327,True
logistic_regression,500,16,66,0.9279538904899135,81,0.6474663590618089,1.0,True,0.35253364093819106,ok,4.4886646483055515e-12,0.5454625572667978,1.0,0.4545374427332022,True,0.5900000000000001,0.8457138312847053,0.9723316394755961,0.12661780819089075,True
logistic_regression,500,16,67,0.9279538904899135,81,0.6644973634354622,1.0,True,0.3355026365645378,ok,7.221653830491448e-15,0.590083273864826,1.0,0.40991672613517405,True,0.634,0.9136371320541119,0.9969956484842672,0.08335851643015535,True
logistic_regression,500,16,68,0.9279538904899135,81,0.6575541615782666,1.0,True,0.3424458384217334,ok,4.77266663689857e-12,0.543442912012064,1.0,0.45655708798793604,True,0.5880000000000001,0.8146359499036876,0.9563870727079142,0.14175112280422664,True
logistic_regression,500,16,69,0.9279538904899135,81,0.664695446907375,1.0,True,0.33530455309262497,ok,1.9984014443252818e-15,0.5717852099410836,1.0,0.4282147900589164,True,0.616,0.8457138312847053,0.9723316394755961,0.12661780819089075,True
logistic_regression,500,16,70,0.9279538904899135,81,0.6614186908794907,1.0,True,0.3385813091205093,ok,1.7763568394002505e-15,0.5717852099410836,1.0,0.4282147900589164,True,0.616,0.8146359499036876,0.9563870727079142,0.14175112280422664,True
logistic_regression,500,16,71,0.9279538904899135,81,0.6174135998143704,1.0,True,0.3825864001856296,ok,3.469446951953614e-18,0.5414239973279713,1.0,0.4585760026720287,True,0.5860000000000001,0.7846553019524447,0.9391797507486828,0.15452444879623806,True
logistic_regression,500,16,72,0.9279538904899135,81,0.6490430431239274,1.0,True,0.35095695687607265,ok,1.809749398951066e-11,0.5677273582438387,1.0,0.4322726417561613,True,0.612,0.8955562875743209,0.9922959627311266,0.0967396751568057,True
logistic_regression,500,16,73,0.9279538904899135,81,0.6354129164410266,1.0,True,0.3645870835589734,ok,2.2557320594751573e-12,0.5495040458914182,1.0,0.4504959541085818,True,0.594,0.8955562875743209,0.9922959627311266,0.0967396751568057,True
logistic_regression,500,16,74,0.9279538904899135,81,0.7070912016556382,1.0,True,0.2929087983443618,ok,3.658004454898389e-12,0.5839770022582277,1.0,0.4160229977417723,True,0.628,0.861797394725865,0.9796551606775783,0.11785776595171327,True
logistic_regression,500,16,75,0.9279538904899135,81,0.6386390002765183,1.0,True,0.3613609997234817,ok,7.467840582031648e-12,0.5636725167381774,1.0,0.4363274832618226,True,0.608,0.861797394725865,0.9796551606775783,0.11785776595171327,True
logistic_regression,500,16,76,0.9279538904899135,81,0.6197630521295281,1.0,True,0.3802369478704719,ok,2.220446049250313e-16,0.5474829346824527,1.0,0.4525170653175473,True,0.5920000000000001,0.8457138312847053,0.9723316394755961,0.12661780819089075,True
logistic_regression,500,16,77,0.9279538904899135,81,0.6453966758088189,1.0,True,0.3546033241911811,ok,5.452076290435315e-12,0.543442912012064,1.0,0.45655708798793604,True,0.5880000000000001,0.861797394725865,0.9796551606775783,0.11785776595171327,True
logistic_regression,500,16,78,0.9279538904899135,81,0.6825036591981551,1.0,True,0.31749634080184486,ok,1.1550625039769002e-11,0.5758460890440275,1.0,0.42415391095597255,True,0.62,0.861797394725865,0.9796551606775783,0.11785776595171327,True
logistic_regression,500,16,79,0.9279538904899135,81,0.6750615051194141,1.0,True,0.3249384948805859,ok,6.7445667106813545e-12,0.5778776694655394,1.0,0.4221223305344606,True,0.622,0.8457138312847053,0.9723316394755961,0.12661780819089075,True
logistic_regression,500,16,80,0.9279538904899135,81,0.6524333007388619,1.0,True,0.34756669926113815,ok,1.1201178873321282e-11,0.5636725167381774,1.0,0.4363274832618226,True,0.608,0.8783618605134889,0.9863829129119368,0.10802105239844795,True
logistic_regression,500,16,81,0.9279538904899135,81,0.6059214242571678,1.0,True,0.3940785757428322,ok,5.728304983132482e-12,0.5313403297029073,1.0,0.46865967029709266,True,0.5760000000000001,0.8457138312847053,0.9723316394755961,0.12661780819089075,True
logistic_regression,500,16,82,0.9279538904899135,81,0.6199850525797513,1.0,True,0.38001494742024866,ok,5.142474987507306e-12,0.5192637395927457,1.0,0.48073626040725426,True,0.5640000000000001,0.7995278996869488,0.947916478427844,0.14838857874089517,True
logistic_regression,500,16,83,0.9279538904899135,81,0.5978976849759259,1.0,True,0.4021023150240741,ok,2.220446049250313e-16,0.5373883535186192,1.0,0.46261164648138076,True,0.5820000000000001,0.861797394725865,0.9796551606775783,0.11785776595171327,True
logistic_regression,500,16,84,0.9279538904899135,81,0.6409617180632343,1.0,True,0.3590382819367657,ok,2.669519119646857e-12,0.543442912012064,1.0,0.45655708798793604,True,0.5880000000000001,0.861797394725865,0.9796551606775783,0.11785776595171327,True
logistic_regression,500,16,85,0.9279538904899135,81,0.6381604750908414,1.0,True,0.3618395249091586,ok,3.3306690738754696e-16,0.5474829346824527,1.0,0.4525170653175473,True,0.5920000000000001,0.8783618605134889,0.9863829129119368,0.10802105239844795,True
logistic_regression,500,16,86,0.9279538904899135,81,0.6630040260993748,1.0,True,0.3369959739006252,ok,2.220446049250313e-16,0.5717852099410836,1.0,0.4282147900589164,True,0.616,0.8457138312847053,0.9723316394755961,0.12661780819089075,True
logistic_regression,500,16,87,0.9279538904899135,81,0.6309468895752025,1.0,True,0.3690531104247975,ok,2.220446049250313e-16,0.5454625572667978,1.0,0.4545374427332022,True,0.5900000000000001,0.8457138312847053,0.9723316394755961,0.12661780819089075,True
logistic_regression,500,16,88,0.9279538904899135,81,0.6497134135027077,1.0,True,0.3502865864972923,ok,1.1102230246251565e-16,0.565699562262906,1.0,0.43430043773709404,True,0.61,0.7846553019524447,0.9391797507486828,0.15452444879623806,True
logistic_regression,500,16,89,0.9279538904899135,81,0.6772957981007102,1.0,True,0.32270420189928983,ok,6.8587080459536764e-12,0.5860116517889012,1.0,0.41398834821109876,True,0.63,0.8955562875743209,0.9922959627311266,0.0967396751568057,True
logistic_regression,500,16,90,0.9279538904899135,81,0.6751551724551547,1.0,True,0.32484482754484534,ok,1.0171370690148507e-11,0.5860116517889012,1.0,0.41398834821109876,True,0.63,0.8457138312847053,0.9723316394755961,0.12661780819089075,True
logistic_regression,500,16,91,0.9279538904899135,81,0.610163453433288,1.0,True,0.38983654656671196,ok,1.6303033575915116e-11,0.5293257673533567,1.0,0.4706742326466433,True,0.5740000000000001,0.8783618605134889,0.9863829129119368,0.10802105239844795,True
logistic_regression,500,16,92,0.9279538904899135,81,0.6378564896626052,1.0,True,0.3621435103373948,ok,9.28425392121568e-12,0.5616462196369949,1.0,0.4383537803630051,True,0.606,0.8955562875743209,0.9922959627311266,0.0967396751568057,True
logistic_regression,500,16,93,0.9279538904899135,81,0.720451562293122,1.0,True,0.279548437706878,ok,6.061517607292011e-12,0.6043586259764993,1.0,0.39564137402350075,True,0.648,0.9331243790677892,0.9996874833128462,0.06656310424505696,False
logistic_regression,500,16,94,0.9279538904899135,81,0.6698775764812985,1.0,True,0.33012242351870147,ok,4.440892098500626e-16,0.5758460890440275,1.0,0.42415391095597255,True,0.62,0.9136371320541119,0.9969956484842672,0.08335851643015535,True
logistic_regression,500,16,95,0.9279538904899135,81,0.6408128732994116,1.0,True,0.3591871267005884,ok,7.139169463932227e-12,0.5616462196369949,1.0,0.4383537803630051,True,0.606,0.8457138312847053,0.9723316394755961,0.12661780819089075,True
logistic_regression,500,16,96,0.9279538904899135,81,0.6717800474373987,1.0,True,0.3282199525626013,ok,6.184339498838121e-12,0.5778776694655394,1.0,0.4221223305344606,True,0.622,0.861797394725865,0.9796551606775783,0.11785776595171327,True
logistic_regression,500,16,97,0.9279538904899135,81,0.6666111730812998,1.0,True,0.3333888269187002,ok,2.220446049250313e-16,0.5839770022582277,1.0,0.4160229977417723,True,0.628,0.8783618605134889,0.9863829129119368,0.10802105239844795,True
logistic_regression,500,16,98,0.9279538904899135,81,0.5688946955057338,1.0,True,0.4311053044942662,ok,4.440892098500626e-16,0.49718999767243843,1.0,0.5028100023275616,True,0.542,0.8783618605134889,0.9863829129119368,0.10802105239844795,True
logistic_regression,500,16,99,0.9279538904899135,81,0.6389995591878243,1.0,True,0.36100044081217575,ok,1.1380842449004724e-11,0.5495040458914182,1.0,0.4504959541085818,True,0.594,0.8955562875743209,0.9922959627311266,0.0967396751568057,True
logistic_regression,500,64,0,0.9279538904899135,326,0.862107256457564,1.0,True,0.13789274354243597,ok,1.5599084524087203e-12,0.8548315334010386,1.0,0.14516846659896143,True,0.886,0.9104790954781705,0.9645492304193958,0.054070134941225256,True
logistic_regression,500,64,1,0.9279538904899135,326,0.8567721401405284,1.0,True,0.14322785985947162,ok,5.9119376061289586e-15,0.8438707543486275,1.0,0.15612924565137254,True,0.876,0.8853239940525197,0.9472417696021022,0.06191777554958244,True
logistic_regression,500,64,2,0.9279538904899135,326,0.8663558876064688,1.0,True,0.13364411239353124,ok,9.726733307680036e-13,0.8570314773083023,1.0,0.14296852269169769,True,0.888,0.8888747829079524,0.9497594621846462,0.06088467927669383,True
logistic_regression,500,64,3,0.9279538904899135,326,0.8610988777985795,1.0,True,0.13890112220142048,ok,9.130085576458669e-12,0.8526342618752076,1.0,0.14736573812479237,True,0.884,0.8888747829079524,0.9497594621846462,0.06088467927669383,True
logistic_regression,500,64,4,0.9279538904899135,326,0.8301968207992242,0.970284700922653,True,0.14008788012342877,ok,7.854106254256976e-12,0.8264561435062904,1.0,0.17354385649370963,True,0.86,0.878258617800651,0.9421684156597419,0.0639097978590909,True
logistic_regression,500,64,5,0.9279538904899135,326,0.8675720566102009,1.0,True,0.13242794338979913,ok,2.609024107869118e-15,0.8614396315310624,1.0,0.1385603684689376,True,0.892,0.9104790954781705,0.9645492304193958,0.054070134941225256,True
logistic_regression,500,64,6,0.9279538904899135,326,0.876778314319259,1.0,True,0.12322168568074099,ok,1.2989609388114332e-14,0.8702909143377969,1.0,0.12970908566220307,True,0.9,0.8853239940525197,0.9472417696021022,0.06191777554958244,True
logistic_regression,500,64,7,0.9279538904899135,326,0.8599976089980478,0.999914124014372,True,0.13991651501632418,ok,2.7200464103316335e-15,0.8548315334010386,1.0,0.14516846659896143,True,0.886,0.8677428146355577,0.9344724061896376,0.06672959155407987,True
logistic_regression,500,64,8,0.9279538904899135,326,0.8809480097126742,1.0,True,0.11905199028732583,ok,4.6324055702484657e-14,0.8702909143377969,1.0,0.12970908566220307,True,0.9,0.906838225606046,0.9621268889984232,0.05528866339237726,True
logistic_regression,500,64,9,0.9279538904899135,326,0.865620398027436,1.0,True,0.13437960197256404,ok,3.005512505538377e-13,0.8592341552268561,1.0,0.1407658447731439,True,0.89,0.8435303452106053,0.9161778763438628,0.0726475311332575,False
logistic_regression,500,64,10,0.9279538904899135,326,0.872580053902343,1.0,True,0.12741994609765706,ok,1.1102230246251565e-16,0.8636479735142087,1.0,0.13635202648579126,True,0.894,0.8853239940525197,0.9472417696021022,0.06191777554958244,True
logistic_regression,500,64,11,0.9279538904899135,326,0.8400253437886935,0.9933933202178061,True,0.1533679764291126,ok,1.940356209040317e-11,0.830796641378632,1.0,0.16920335862136804,True,0.864,0.9032147796825405,0.9596859864822579,0.0564712067997174,True
logistic_regression,500,64,12,0.9279538904899135,326,0.8475301994313917,0.9973068708857741,True,0.14977667145438234,ok,1.2239931290736195e-12,0.8395036090483406,1.0,0.16049639095165935,True,0.872,0.9032147796825405,0.9596859864822579,0.0564712067997174,True
logistic_regression,500,64,13,0.9279538904899135,326,0.8642343959332461,1.0,True,0.13576560406675386,ok,2.864375403532904e-14,0.8526342618752076,1.0,0.14736573812479237,True,0.884,0.8888747829079524,0.9497594621846462,0.06088467927669383,True
logistic_regression,500,64,14,0.9279538904899135,326,0.8748610143791589,1.0,True,0.12513898562084114,ok,5.5333095744236616e-11,0.8680735394352805,1.0,0.13192646056471946,True,0.898,0.914138636688931,0.9669516152393279,0.052812978550396905,True
logistic_regression,500,64,15,0.9279538904899135,326,0.8631523471232415,1.0,True,0.13684765287675849,ok,1.7283466324791164e-12,0.8548315334010386,1.0,0.14516846659896143,True,0.886,0.8924384944489825,0.9522635655692769,0.05982507112029445,True
logistic_regression,500,64,16,0.9279538904899135,326,0.850257028543612,1.0,True,0.14974297145638804,ok,3.219646771412954e-15,0.8373235180629985,1.0,0.16267648193700146,True,0.87,0.9104790954781705,0.9645492304193958,0.054070134941225256,True
logistic_regression,500,64,17,0.9279538904899135,326,0.8468193817522387,0.9854899157808873,True,0.1386705340286486,ok,5.237477118669176e-14,0.8416860057009945,1.0,0.1583139942990055,True,0.874,0.8853239940525197,0.9472417696021022,0.06191777554958244,True
logistic_regression,500,64,18,0.9279538904899135,326,0.8560232631275642,1.0,True,0.14397673687243584,ok,1.512824934768453e-11,0.846057903153546,1.0,0.153942096846454,True,0.878,0.9032147796825405,0.9596859864822579,0.0564712067997174,True
logistic_regression,500,64,19,0.9279538904899135,326,0.8757885097024656,1.0,True,0.12421149029753442,ok,6.9707806514731734e-12,0.8680735394352805,1.0,0.13192646056471946,True,0.898,0.94431274442573,0.9851941729761148,0.04088142855038479,False
logistic_regression,500,64,20,0.9279538904899135,326,0.8650737351684723,1.0,True,0.1349262648315277,ok,1.3125611708630913e-13,0.8504396036842725,1.0,0.14956039631572748,True,0.882,0.9104790954781705,0.9645492304193958,0.054070134941225256,True
logistic_regression,500,64,21,0.9279538904899135,326,0.8584657357041484,0.9943042740656846,True,0.13583853836153614,ok,3.3112845798655144e-11,0.8526342618752076,1.0,0.14736573812479237,True,0.884,0.8853239940525197,0.9472417696021022,0.06191777554958244,True
logistic_regression,500,64,22,0.9279538904899135,326,0.8681282687583309,1.0,True,0.13187173124166907,ok,3.497202527569243e-14,0.8614396315310624,1.0,0.1385603684689376,True,0.892,0.940428765737367,0.9830378758771849,0.04260911013981794,False
logistic_regression,500,64,23,0.9279538904899135,326,0.8620386474769687,1.0,True,0.13796135252303132,ok,1.3156142841808105e-14,0.8548315334010386,1.0,0.14516846659896143,True,0.886,0.9178182634782907,0.9693324523939885,0.05151418891569781,True
logistic_regression,500,64,24,0.9279538904899135,326,0.8754336820655239,1.0,True,0.12456631793447615,ok,1.4095030698157984e-11,0.8680735394352805,1.0,0.13192646056471946,True,0.898,0.878258617800651,0.9421684156597419,0.0639097978590909,True
logistic_regression,500,64,25,0.9279538904899135,326,0.8826769562849809,1.0,True,0.11732304371501912,ok,1.1160253277076038e-11,0.8725114573141097,1.0,0.12748854268589027,True,0.902,0.906838225606046,0.9621268889984232,0.05528866339237726,True
logistic_regression,500,64,26,0.9279538904899135,326,0.8624281355847597,1.0,True,0.13757186441524027,ok,2.8331156864958018e-11,0.8526342618752076,1.0,0.14736573812479237,True,0.884,0.8747428850257236,0.9396139986271081,0.06487111360138453,True
logistic_regression,500,64,27,0.9279538904899135,326,0.8785344368484882,1.0,True,0.1214655631515118,ok,1.8418367525585566e-11,0.8658592515775192,1.0,0.1341407484224808,True,0.896,0.8817854717465068,0.9447112038397995,0.06292573209329266,True
logistic_regression,500,64,28,0.9279538904899135,326,0.8610186737243625,0.9950012313169776,True,0.13398255759261513,ok,7.53563877964325e-14,0.8570314773083023,1.0,0.14296852269169769,True,0.888,0.9032147796825405,0.9596859864822579,0.0564712067997174,True
logistic_regression,500,64,29,0.9279538904899135,326,0.8500143937923722,0.9984338180405018,True,0.1484194242481296,ok,1.63202784619898e-14,0.8416860057009945,1.0,0.1583139942990055,True,0.874,0.878258617800651,0.9421684156597419,0.0639097978590909,True
logistic_regression,500,64,30,0.9279538904899135,326,0.8552256532445133,1.0,True,0.14477434675548673,ok,2.286365541337432e-13,0.846057903153546,1.0,0.153942096846454,True,0.878,0.9252444732725287,0.9740218851491749,0.04877741187664619,True
logistic_regression,500,64,31,0.9279538904899135,326,0.8779843175089148,1.0,True,0.12201568249108519,ok,1.5676002163012015e-13,0.8702909143377969,1.0,0.12970908566220307,True,0.9,0.8853239940525197,0.9472417696021022,0.06191777554958244,True
logistic_regression,500,64,32,0.9279538904899135,326,0.8472331543100391,0.9883793091496281,True,0.14114615483958903,ok,1.3563317136089381e-12,0.8416860057009945,1.0,0.1583139942990055,True,0.874,0.8960158509765411,0.9547532888965655,0.05873743792002439,True
logistic_regression,500,64,33,0.9279538904899135,326,0.8803691039705339,1.0,True,0.11963089602946608,ok,2.5947542725557327e-11,0.8680735394352805,1.0,0.13192646056471946,True,0.898,0.8573147793847777,0.9266850320123691,0.06937025262759133,False
logistic_regression,500,64,34,0.9279538904899135,326,0.8771719417981619,1.0,True,0.12282805820183806,ok,1.1102230246251565e-16,0.8658592515775192,1.0,0.1341407484224808,True,0.896,0.906838225606046,0.9621268889984232,0.05528866339237726,True
logistic_regression,500,64,35,0.9279538904899135,326,0.863945907930989,0.9909768888618368,True,0.12703098093084775,ok,5.0555393205087285e-12,0.8614396315310624,1.0,0.1385603684689376,True,0.892,0.8996076507419112,0.9572277549859918,0.057620104244080594,True
logistic_regression,500,64,36,0.9279538904899135,326,0.8558442485142409,1.0,True,0.1441557514857591,ok,2.220446049250313e-16,0.8482475022158595,1.0,0.15175249778414046,True,0.88,0.8677428146355577,0.9344724061896376,0.06672959155407987,True
logistic_regression,500,64,37,0.9279538904899135,326,0.8658729055198753,1.0,True,0.13412709448012472,ok,8.846257060213247e-13,0.8570314773083023,1.0,0.14296852269169769,True,0.888,0.8677428146355577,0.9344724061896376,0.06672959155407987,True
logistic_regression,500,64,38,0.9279538904899135,326,0.8619647863881345,1.0,True,0.13803521361186555,ok,2.1471900646385933e-11,0.8548315334010386,1.0,0.14516846659896143,True,0.886,0.8712377713240468,0.9370484959306837,0.06581072460663695,True
logistic_regression,500,64,39,0.9279538904899135,326,0.8564693894269035,0.996008231983507,True,0.13953884255660343,ok,2.7970681326650038e-12,0.8504396036842725,1.0,0.14956039631572748,True,0.882,0.9178182634782907,0.9693324523939885,0.05151418891569781,True
logistic_regression,500,64,40,0.9279538904899135,326,0.8452970690443415,0.9798935131911184,True,0.13459644414677685,ok,2.9626856523634615e-12,0.8416860057009945,1.0,0.1583139942990055,True,0.874,0.878258617800651,0.9421684156597419,0.0639097978590909,True
logistic_regression,500,64,41,0.9279538904899135,326,0.857873525514725,1.0,True,0.14212647448527505,ok,6.1881610946556975e-12,0.8438707543486275,1.0,0.15612924565137254,True,0.876,0.8607816987606124,0.9292902663384368,0.06850856757782442,True
logistic_regression,500,64,42,0.9279538904899135,326,0.8445851363867445,0.9930407042071621,True,0.14845556782041758,ok,2.218439321133303e-11,0.8373235180629985,1.0,0.16267648193700146,True,0.87,0.9178182634782907,0.9693324523939885,0.05151418891569781,True
logistic_regression,500,64,43,0.9279538904899135,326,0.8624362073428993,1.0,True,0.13756379265710073,ok,9.649475662953932e-12,0.8504396036842725,1.0,0.14956039631572748,True,0.882,0.8888747829079524,0.9497594621846462,0.06088467927669383,True
logistic_regression,500,64,44,0.9279538904899135,326,0.8560831794533181,0.9898114533903183,True,0.13372827393700015,ok,1.1547152123370097e-12,0.8526342618752076,1.0,0.14736573812479237,True,0.884,0.8712377713240468,0.9370484959306837,0.06581072460663695,True
logistic_regression,500,64,45,0.9279538904899135,326,0.8812794797515608,1.0,True,0.11872052024843915,ok,6.435962873752032e-13,0.8658592515775192,1.0,0.1341407484224808,True,0.896,0.8888747829079524,0.9497594621846462,0.06088467927669383,True
logistic_regression,500,64,46,0.9279538904899135,326,0.827635626199496,0.9707531527400137,True,0.14311752654051768,ok,8.740480561542086e-12,0.822123891974479,1.0,0.177876108025521,True,0.856,0.8924384944489825,0.9522635655692769,0.05982507112029445,True
logistic_regression,500,64,47,0.9279538904899135,326,0.8490493700315899,0.9853501910099156,True,0.13630082097832574,ok,9.499345754448996e-13,0.8438707543486275,1.0,0.15612924565137254,True,0.876,0.8960158509765411,0.9547532888965655,0.05873743792002439,True
logistic_regression,500,64,48,0.9279538904899135,326,0.85735108621202,1.0,True,0.14264891378797995,ok,3.047243013476475e-11,0.8504396036842725,1.0,0.14956039631572748,True,0.882,0.9032147796825405,0.9596859864822579,0.0564712067997174,True
logistic_regression,500,64,49,0.9279538904899135,326,0.8465957375424615,0.988809443517765,True,0.14221370597530347,ok,2.2384316622492406e-12,0.8416860057009945,1.0,0.1583139942990055,True,0.874,0.8924384944489825,0.9522635655692769,0.05982507112029445,True
logistic_regression,500,64,50,0.9279538904899135,326,0.8582395362023997,0.9939280457261974,True,0.13568850952379774,ok,3.895495037653518e-13,0.8548315334010386,1.0,0.14516846659896143,True,0.886,0.8960158509765411,0.9547532888965655,0.05873743792002439,True
logistic_regression,500,64,51,0.9279538904899135,326,0.8522549581316565,0.995275252520233,True,0.14302029438857644,ok,2.220446049250313e-15,0.846057903153546,1.0,0.153942096846454,True,0.878,0.8960158509765411,0.9547532888965655,0.05873743792002439,True
logistic_regression,500,64,52,0.9279538904899135,326,0.8704771285575958,1.0,True,0.12952287144240415,ok,5.440092820663267e-15,0.8614396315310624,1.0,0.1385603684689376,True,0.892,0.8888747829079524,0.9497594621846462,0.06088467927669383,True
logistic_regression,500,64,53,0.9279538904899135,326,0.8532730864361259,1.0,True,0.14672691356387413,ok,4.3298697960381105e-15,0.8438707543486275,1.0,0.15612924565137254,True,0.876,0.8817854717465068,0.9447112038397995,0.06292573209329266,True
logistic_regression,500,64,54,0.9279538904899135,326,0.8786453977783472,1.0,True,0.12135460222165284,ok,2.8292986009592624e-11,0.8747352534366691,1.0,0.12526474656333086,True,0.904,0.8960158509765411,0.9547532888965655,0.05873743792002439,True
logistic_regression,500,64,55,0.9279538904899135,326,0.8752812425736783,1.0,True,0.12471875742632166,ok,1.5662020291795642e-12,0.8680735394352805,1.0,0.13192646056471946,True,0.898,0.8747428850257236,0.9396139986271081,0.06487111360138453,True
logistic_regression,500,64,56,0.9279538904899135,326,0.851937304802658,0.9941600648041761,True,0.14222276000151812,ok,1.0119682869458302e-13,0.846057903153546,1.0,0.153942096846454,True,0.878,0.906838225606046,0.9621268889984232,0.05528866339237726,True
logistic_regression,500,64,57,0.9279538904899135,326,0.8642145273638929,1.0,True,0.13578547263610707,ok,1.4343318199827593e-12,0.8570314773083023,1.0,0.14296852269169769,True,0.888,0.864257588591871,0.931886188425025,0.06762859983315406,True
logistic_regression,500,64,58,0.9279538904899135,326,0.8738734763041918,1.0,True,0.12612652369580823,ok,2.57491250543751e-12,0.8658592515775192,1.0,0.1341407484224808,True,0.896,0.8888747829079524,0.9497594621846462,0.06088467927669383,True
logistic_regression,500,64,59,0.9279538904899135,326,0.8806520064300797,1.0,True,0.11934799356992032,ok,1.2307689589707849e-12,0.8747352534366691,1.0,0.12526474656333086,True,0.904,0.8888747829079524,0.9497594621846462,0.06088467927669383,True
logistic_regression,500,64,60,0.9279538904899135,326,0.8639515718649164,1.0,True,0.13604842813508355,ok,1.2862384768386192e-12,0.8570314773083023,1.0,0.14296852269169769,True,0.888,0.8996076507419112,0.9572277549859918,0.057620104244080594,True
logistic_regression,500,64,61,0.9279538904899135,326,0.8638431853174849,1.0,True,0.13615681468251506,ok,1.1102230246251565e-15,0.8570314773083023,1.0,0.14296852269169769,True,0.888,0.914138636688931,0.9669516152393279,0.052812978550396905,True
logistic_regression,500,64,62,0.9279538904899135,326,0.8505976181308955,0.9923979463653456,True,0.1418003282344501,ok,3.141931159689193e-13,0.8438707543486275,1.0,0.15612924565137254,True,0.876,0.914138636688931,0.9669516152393279,0.052812978550396905,True
logistic_regression,500,64,63,0.9279538904899135,326,0.8608506420801075,1.0,True,0.13914935791989247,ok,5.981326545168031e-13,0.8526342618752076,1.0,0.14736573812479237,True,0.884,0.9032147796825405,0.9596859864822579,0.0564712067997174,True
logistic_regression,500,64,64,0.9279538904899135,326,0.8552265677346684,0.9925721120933495,True,0.13734554435868107,ok,1.0044742815296104e-12,0.8504396036842725,1.0,0.14956039631572748,True,0.882,0.864257588591871,0.931886188425025,0.06762859983315406,True
logistic_regression,500,64,65,0.9279538904899135,326,0.8844532163543682,1.0,True,0.11554678364563176,ok,2.220446049250313e-16,0.8769623921104394,1.0,0.12303760788956064,True,0.906,0.878258617800651,0.9421684156597419,0.0639097978590909,True
logistic_regression,500,64,66,0.9279538904899135,326,0.8515920472481628,0.997492338310263,True,0.14590029106210012,ok,3.3029134982598407e-15,0.8438707543486275,1.0,0.15612924565137254,True,0.876,0.8996076507419112,0.9572277549859918,0.057620104244080594,True
logistic_regression,500,64,67,0.9279538904899135,326,0.8498448932465148,0.9847705433261243,True,0.13492565007960955,ok,1.1094181129323033e-11,0.846057903153546,1.0,0.153942096846454,True,0.878,0.9327738906269517,0.9785990100173644,0.04582511939041267,False
logistic_regression,500,64,68,0.9279538904899135,326,0.851396426935937,0.9968514140831632,True,0.14545498714722627,ok,1.0585587961742249e-11,0.8438707543486275,1.0,0.15612924565137254,True,0.876,0.8924384944489825,0.9522635655692769,0.05982507112029445,True
logistic_regression,500,64,69,0.9279538904899135,326,0.8611899159444851,1.0,True,0.13881008405551487,ok,4.506012230010015e-11,0.8526342618752076,1.0,0.14736573812479237,True,0.884,0.9032147796825405,0.9596859864822579,0.0564712067997174,True
logistic_regression,500,64,70,0.9279538904899135,326,0.8270835160632478,0.9695647788666211,True,0.14248126280337325,ok,1.9595436384634013e-13,0.822123891974479,1.0,0.177876108025521,True,0.856,0.8888747829079524,0.9497594621846462,0.06088467927669383,True
logistic_regression,500,64,71,0.9279538904899135,326,0.8721877158235304,1.0,True,0.12781228417646961,ok,1.5731860258938468e-12,0.8614396315310624,1.0,0.1385603684689376,True,0.892,0.9104790954781705,0.9645492304193958,0.054070134941225256,True
logistic_regression,500,64,72,0.9279538904899135,326,0.8623202274167386,1.0,True,0.13767977258326136,ok,3.6119718327398687e-13,0.8504396036842725,1.0,0.14956039631572748,True,0.882,0.8960158509765411,0.9547532888965655,0.05873743792002439,True
logistic_regression,500,64,73,0.9279538904899135,326,0.8857032571929537,1.0,True,0.11429674280704627,ok,2.5947542725557327e-11,0.8769623921104394,1.0,0.12303760788956064,True,0.906,0.8924384944489825,0.9522635655692769,0.05982507112029445,True
logistic_regression,500,64,74,0.9279538904899135,326,0.8331954904707084,0.9826248452017794,True,0.149429354731071,ok,2.3985813335514194e-12,0.8264561435062904,1.0,0.17354385649370963,True,0.86,0.8996076507419112,0.9572277549859918,0.057620104244080594,True
logistic_regression,500,64,75,0.9279538904899135,326,0.8560979662527536,1.0,True,0.14390203374724642,ok,2.5172818690633036e-11,0.846057903153546,1.0,0.153942096846454,True,0.878,0.9032147796825405,0.9596859864822579,0.0564712067997174,True
logistic_regression,500,64,76,0.9279538904899135,326,0.848836138435573,1.0,True,0.15116386156442696,ok,1.1762812945903534e-12,0.8395036090483406,1.0,0.16049639095165935,True,0.872,0.8712377713240468,0.9370484959306837,0.06581072460663695,True
logistic_regression,500,64,77,0.9279538904899135,326,0.8448421740150415,0.9988728311690496,True,0.1540306571540081,ok,1.227240531420648e-12,0.8351456881557695,1.0,0.1648543118442305,True,0.868,0.8853239940525197,0.9472417696021022,0.06191777554958244,True
logistic_regression,500,64,78,0.9279538904899135,326,0.8575557112048866,1.0,True,0.1424442887951134,ok,1.177719033407243e-11,0.8504396036842725,1.0,0.14956039631572748,True,0.882,0.878258617800651,0.9421684156597419,0.0639097978590909,True
logistic_regression,500,64,79,0.9279538904899135,326,0.8587117638916154,0.996524124142524,True,0.1378123602509086,ok,2.554872979843026e-12,0.8526342618752076,1.0,0.14736573812479237,True,0.884,0.878258617800651,0.9421684156597419,0.0639097978590909,True
logistic_regression,500,64,80,0.9279538904899135,326,0.8605878404663491,1.0,True,0.13941215953365094,ok,1.567634910770721e-13,0.8526342618752076,1.0,0.14736573812479237,True,0.884,0.8888747829079524,0.9497594621846462,0.06088467927669383,True
logistic_regression,500,64,81,0.9279538904899135,326,0.8485949368540042,1.0,True,0.15140506314599578,ok,1.3428598510945022e-12,0.8351456881557695,1.0,0.1648543118442305,True,0.868,0.8996076507419112,0.9572277549859918,0.057620104244080594,True
logistic_regression,500,64,82,0.9279538904899135,326,0.8646463601156829,1.0,True,0.13535363988431715,ok,1.1102230246251565e-16,0.8548315334010386,1.0,0.14516846659896143,True,0.886,0.9178182634782907,0.9693324523939885,0.05151418891569781,True
logistic_regression,500,64,83,0.9279538904899135,326,0.8491027810405157,0.9888182803319069,True,0.13971549929139115,ok,6.217915071715652e-12,0.8416860057009945,1.0,0.1583139942990055,True,0.874,0.9032147796825405,0.9596859864822579,0.0564712067997174,True
logistic_regression,500,64,84,0.9279538904899135,326,0.8673071522870197,1.0,True,0.1326928477129803,ok,1.5446185996914608e-12,0.8570314773083023,1.0,0.14296852269169769,True,0.888,0.8924384944489825,0.9522635655692769,0.05982507112029445,True
logistic_regression,500,64,85,0.9279538904899135,326,0.8640637793573245,0.995635818563009,True,0.1315720392056845,ok,9.30691634870584e-12,0.8592341552268561,1.0,0.1407658447731439,True,0.89,0.914138636688931,0.9669516152393279,0.052812978550396905,True
logistic_regression,500,64,86,0.9279538904899135,326,0.8646287917681348,1.0,True,0.13537120823186521,ok,1.6375789613221059e-15,0.8592341552268561,1.0,0.1407658447731439,True,0.89,0.8888747829079524,0.9497594621846462,0.06088467927669383,True
logistic_regression,500,64,87,0.9279538904899135,326,0.8610668540638641,1.0,True,0.13893314593613593,ok,3.4236363744000187e-12,0.8504396036842725,1.0,0.14956039631572748,True,0.882,0.8960158509765411,0.9547532888965655,0.05873743792002439,True
logistic_regression,500,64,88,0.9279538904899135,326,0.8598172463394356,0.9942298120337468,True,0.13441256569431126,ok,1.1102230246251565e-15,0.8548315334010386,1.0,0.14516846659896143,True,0.886,0.8996076507419112,0.9572277549859918,0.057620104244080594,True
logistic_regression,500,64,89,0.9279538904899135,326,0.8870926498859731,1.0,True,0.11290735011402686,ok,4.714004187000853e-11,0.8791929673892575,1.0,0.12080703261074255,True,0.908,0.906838225606046,0.9621268889984232,0.05528866339237726,True
logistic_regression,500,64,90,0.9279538904899135,326,0.8757940068917363,1.0,True,0.12420599310826375,ok,9.739611894765687e-12,0.8680735394352805,1.0,0.13192646056471946,True,0.898,0.906838225606046,0.9621268889984232,0.05528866339237726,True
logistic_regression,500,64,91,0.9279538904899135,326,0.8495010386981909,0.9920388815146872,True,0.14253784281649629,ok,1.3329809478435095e-11,0.8438707543486275,1.0,0.15612924565137254,True,0.876,0.8924384944489825,0.9522635655692769,0.05982507112029445,True
logistic_regression,500,64,92,0.9279538904899135,326,0.8762757620805643,1.0,True,0.12372423791943565,ok,5.412337245047638e-15,0.8658592515775192,1.0,0.1341407484224808,True,0.896,0.921519590141479,0.9716899144521665,0.050170324310687464,True
logistic_regression,500,64,93,0.9279538904899135,326,0.8675060867387325,1.0,True,0.13249391326126747,ok,1.7818836683947126e-12,0.8592341552268561,1.0,0.1407658447731439,True,0.89,0.8817854717465068,0.9447112038397995,0.06292573209329266,True
logistic_regression,500,64,94,0.9279538904899135,326,0.8726561543686862,1.0,True,0.12734384563131385,ok,1.5676002163012015e-13,0.8636479735142087,1.0,0.13635202648579126,True,0.894,0.8817854717465068,0.9447112038397995,0.06292573209329266,True
logistic_regression,500,64,95,0.9279538904899135,326,0.8496944613428549,0.9835011924254624,True,0.13380673108260754,ok,7.771561172376096e-16,0.846057903153546,1.0,0.153942096846454,True,0.878,0.8712377713240468,0.9370484959306837,0.06581072460663695,True
logistic_regression,500,64,96,0.9279538904899135,326,0.8752343880150897,1.0,True,0.12476561198491032,ok,5.021521393144823e-12,0.8636479735142087,1.0,0.13635202648579126,True,0.894,0.8888747829079524,0.9497594621846462,0.06088467927669383,True
logistic_regression,500,64,97,0.9279538904899135,326,0.8698395421569125,1.0,True,0.1301604578430875,ok,4.440892098500626e-16,0.8614396315310624,1.0,0.1385603684689376,True,0.892,0.864257588591871,0.931886188425025,0.06762859983315406,True
logistic_regression,500,64,98,0.9279538904899135,326,0.8882804003144893,1.0,True,0.1117195996855107,ok,8.823913821842666e-12,0.8836648293368344,1.0,0.11633517066316557,True,0.912,0.914138636688931,0.9669516152393279,0.052812978550396905,True
logistic_regression,500,64,99,0.9279538904899135,326,0.8314030946052793,0.9708951841256902,True,0.13949208952041092,ok,2.2435109325869007e-12,0.8264561435062904,1.0,0.17354385649370963,True,0.86,0.8853239940525197,0.9472417696021022,0.06191777554958244,True
logistic_regression,500,98,0,0.9279538904899135,500,0.8747352534366691,0.9283673060246592,True,0.05363205258799009,full_suite,0.0,0.8747352534366691,0.9283673060246591,0.053632052587989976,True,0.904,0.8881516987545879,0.9387909413916523,0.05063924263706443,True
logistic_regression,500,98,1,0.9279538904899135,500,0.901712562663143,0.949065666874867,True,0.047353104211724006,full_suite,0.0,0.901712562663143,0.949065666874867,0.047353104211724006,True,0.928,0.8971744178850064,0.9456592187560884,0.04848480087108198,True
logistic_regression,500,98,2,0.9279538904899135,500,0.901712562663143,0.949065666874867,True,0.047353104211724006,full_suite,0.0,0.901712562663143,0.949065666874867,0.047353104211724006,True,0.928,0.9108493724491366,0.9558157890532868,0.04496641660415024,True
logistic_regression,500,98,3,0.9279538904899135,500,0.8859063306539441,0.9370632334338127,True,0.05115690277986862,full_suite,0.0,0.8859063306539441,0.9370632334338127,0.05115690277986862,True,0.914,0.901712562663143,0.949065666874867,0.047353104211724006,True
logistic_regression,500,98,4,0.9279538904899135,500,0.8971744178850064,0.9456592187560884,True,0.04848480087108198,full_suite,0.0,0.8971744178850064,0.9456592187560885,0.04848480087108209,True,0.924,0.8926545356436476,0.9422338800711657,0.0495793444275181,True
logistic_regression,500,98,5,0.9279538904899135,500,0.8971744178850064,0.9456592187560884,True,0.04848480087108198,full_suite,0.0,0.8971744178850064,0.9456592187560885,0.04848480087108209,True,0.924,0.8971744178850064,0.9456592187560884,0.04848480087108198,True
logistic_regression,500,98,6,0.9279538904899135,500,0.9177617791061647,0.9608161312028122,True,0.04305435209664743,full_suite,0.0,0.9177617791061647,0.9608161312028122,0.04305435209664743,True,0.942,0.89944112525353,0.9473648914510048,0.04792376619747474,True
logistic_regression,500,98,7,0.9279538904899135,500,0.9436998237982089,0.9785271434139067,False,0.03482731961569774,full_suite,0.0,0.9436998237982089,0.9785271434139067,0.03482731961569774,False,0.964,0.8881516987545879,0.9387909413916523,0.05063924263706443,True
logistic_regression,500,98,8,0.9279538904899135,500,0.8926545356436476,0.9422338800711657,True,0.0495793444275181,full_suite,0.0,0.8926545356436476,0.9422338800711657,0.0495793444275181,True,0.92,0.9131474025208987,0.9574889387036145,0.04434153618271586,True
logistic_regression,500,98,9,0.9279538904899135,500,0.8881516987545879,0.9387909413916523,True,0.05063924263706443,full_suite,0.0,0.8881516987545879,0.9387909413916523,0.05063924263706443,True,0.916,0.8971744178850064,0.9456592187560884,0.04848480087108198,True
logistic_regression,500,98,10,0.9279538904899135,500,0.8949122735699343,0.9439488262244397,True,0.04903655265450535,full_suite,0.0,0.8949122735699343,0.9439488262244397,0.04903655265450535,True,0.922,0.901712562663143,0.949065666874867,0.047353104211724006,True
logistic_regression,500,98,11,0.9279538904899135,500,0.9062703531926293,0.9524517533673451,True,0.046181400174715836,full_suite,0.0,0.9062703531926293,0.9524517533673451,0.046181400174715836,True,0.9319999999999999,0.8949122735699343,0.9439488262244397,0.04903655265450535,True
logistic_regression,500,98,12,0.9279538904899135,500,0.8836648293368344,0.9353315424589416,True,0.05166671312210713,full_suite,0.0,0.8836648293368344,0.9353315424589416,0.05166671312210713,True,0.912,0.9062703531926293,0.9524517533673451,0.046181400174715836,True
logistic_regression,500,98,13,0.9279538904899135,500,0.881427078322658,0.9335959912454309,True,0.052168912922772925,full_suite,0.0,0.881427078322658,0.9335959912454309,0.052168912922772925,True,0.91,0.9154514462923999,0.9591558182372231,0.04370437194482313,True
logistic_regression,500,98,14,0.9279538904899135,500,0.9085571013891337,0.9541366428894122,True,0.04557954150027854,full_suite,0.0,0.9085571013891337,0.9541366428894122,0.04557954150027854,True,0.9339999999999999,0.89944112525353,0.9473648914510048,0.04792376619747474,True
logistic_regression,500,98,15,0.9279538904899135,500,0.9108493724491366,0.9558157890532868,True,0.04496641660415024,full_suite,0.0,0.9108493724491366,0.9558157890532868,0.04496641660415024,True,0.9359999999999999,0.8769623921104394,0.9301137660812188,0.0531513739707794,True
logistic_regression,500,98,16,0.9279538904899135,500,0.8949122735699343,0.9439488262244397,True,0.04903655265450535,full_suite,0.0,0.8949122735699343,0.9439488262244397,0.04903655265450535,True,0.922,0.89944112525353,0.9473648914510048,0.04792376619747474,True
logistic_regression,500,98,17,0.9279538904899135,500,0.89944112525353,0.9473648914510048,True,0.04792376619747474,full_suite,0.0,0.89944112525353,0.9473648914510049,0.04792376619747485,True,0.926,0.8971744178850064,0.9456592187560884,0.04848480087108198,True
logistic_regression,500,98,18,0.9279538904899135,500,0.9131474025208987,0.9574889387036145,True,0.04434153618271586,full_suite,0.0,0.9131474025208987,0.9574889387036145,0.04434153618271586,True,0.938,0.901712562663143,0.949065666874867,0.047353104211724006,True
logistic_regression,500,98,19,0.9279538904899135,500,0.89944112525353,0.9473648914510048,True,0.04792376619747474,full_suite,0.0,0.89944112525353,0.9473648914510049,0.04792376619747485,True,0.926,0.8859063306539441,0.9370632334338127,0.05115690277986862,True
logistic_regression,500,98,20,0.9279538904899135,500,0.9039889084073668,0.9507613552796211,True,0.04677244687225435,full_suite,0.0,0.9039889084073668,0.9507613552796211,0.04677244687225435,True,0.9299999999999999,0.9039889084073668,0.9507613552796211,0.04677244687225435,True
logistic_regression,500,98,21,0.9279538904899135,500,0.9085571013891337,0.9541366428894122,True,0.04557954150027854,full_suite,0.0,0.9085571013891337,0.9541366428894122,0.04557954150027854,True,0.9339999999999999,0.9039889084073668,0.9507613552796211,0.04677244687225435,True
logistic_regression,500,98,22,0.9279538904899135,500,0.8791929673892575,0.9318566958433456,True,0.05266372845408818,full_suite,0.0,0.8791929673892575,0.9318566958433456,0.05266372845408818,True,0.908,0.8926545356436476,0.9422338800711657,0.0495793444275181,True
logistic_regression,500,98,23,0.9279538904899135,500,0.8836648293368344,0.9353315424589416,True,0.05166671312210713,full_suite,0.0,0.8836648293368344,0.9353315424589416,0.05166671312210713,True,0.912,0.8859063306539441,0.9370632334338127,0.05115690277986862,True
logistic_regression,500,98,24,0.9279538904899135,500,0.8926545356436476,0.9422338800711657,True,0.0495793444275181,full_suite,0.0,0.8926545356436476,0.9422338800711657,0.0495793444275181,True,0.92,0.8881516987545879,0.9387909413916523,0.05063924263706443,True
logistic_regression,500,98,25,0.9279538904899135,500,0.8926545356436476,0.9422338800711657,True,0.0495793444275181,full_suite,0.0,0.8926545356436476,0.9422338800711657,0.0495793444275181,True,0.92,0.9131474025208987,0.9574889387036145,0.04434153618271586,True
logistic_regression,500,98,26,0.9279538904899135,500,0.8881516987545879,0.9387909413916523,True,0.05063924263706443,full_suite,0.0,0.8881516987545879,0.9387909413916523,0.05063924263706443,True,0.916,0.9062703531926293,0.9524517533673451,0.046181400174715836,True
logistic_regression,500,98,27,0.9279538904899135,500,0.9108493724491366,0.9558157890532868,True,0.04496641660415024,full_suite,0.0,0.9108493724491366,0.9558157890532868,0.04496641660415024,True,0.9359999999999999,0.8791929673892575,0.9318566958433456,0.05266372845408818,True
logistic_regression,500,98,28,0.9279538904899135,500,0.9177617791061647,0.9608161312028122,True,0.04305435209664743,full_suite,0.0,0.9177617791061647,0.9608161312028122,0.04305435209664743,True,0.942,0.9085571013891337,0.9541366428894122,0.04557954150027854,True
logistic_regression,500,98,29,0.9279538904899135,500,0.9062703531926293,0.9524517533673451,True,0.046181400174715836,full_suite,0.0,0.9062703531926293,0.9524517533673451,0.046181400174715836,True,0.9319999999999999,0.89944112525353,0.9473648914510048,0.04792376619747474,True
logistic_regression,500,98,30,0.9279538904899135,500,0.8702909143377969,0.9248641849335745,False,0.054573270595777545,full_suite,0.0,0.8702909143377969,0.9248641849335745,0.054573270595777545,False,0.9,0.9062703531926293,0.9524517533673451,0.046181400174715836,True
logistic_regression,500,98,31,0.9279538904899135,500,0.9085571013891337,0.9541366428894122,True,0.04557954150027854,full_suite,0.0,0.9085571013891337,0.9541366428894122,0.04557954150027854,True,0.9339999999999999,0.9154514462923999,0.9591558182372231,0.04370437194482313,True
logistic_regression,500,98,32,0.9279538904899135,500,0.9108493724491366,0.9558157890532868,True,0.04496641660415024,full_suite,0.0,0.9108493724491366,0.9558157890532868,0.04496641660415024,True,0.9359999999999999,0.89944112525353,0.9473648914510048,0.04792376619747474,True
logistic_regression,500,98,33,0.9279538904899135,500,0.9108493724491366,0.9558157890532868,True,0.04496641660415024,full_suite,0.0,0.9108493724491366,0.9558157890532868,0.04496641660415024,True,0.9359999999999999,0.9039889084073668,0.9507613552796211,0.04677244687225435,True
logistic_regression,500,98,34,0.9279538904899135,500,0.8881516987545879,0.9387909413916523,True,0.05063924263706443,full_suite,0.0,0.8881516987545879,0.9387909413916523,0.05063924263706443,True,0.916,0.901712562663143,0.949065666874867,0.047353104211724006,True
logistic_regression,500,98,35,0.9279538904899135,500,0.8836648293368344,0.9353315424589416,True,0.05166671312210713,full_suite,0.0,0.8836648293368344,0.9353315424589416,0.05166671312210713,True,0.912,0.9200786993956399,0.9624695555249778,0.042390856129337906,True
logistic_regression,500,98,36,0.9279538904899135,500,0.9062703531926293,0.9524517533673451,True,0.046181400174715836,full_suite,0.0,0.9062703531926293,0.9524517533673451,0.046181400174715836,True,0.9319999999999999,0.9108493724491366,0.9558157890532868,0.04496641660415024,True
logistic_regression,500,98,37,0.9279538904899135,500,0.89944112525353,0.9473648914510048,True,0.04792376619747474,full_suite,0.0,0.89944112525353,0.9473648914510049,0.04792376619747485,True,0.926,0.8881516987545879,0.9387909413916523,0.05063924263706443,True
logistic_regression,500,98,38,0.9279538904899135,500,0.9039889084073668,0.9507613552796211,True,0.04677244687225435,full_suite,0.0,0.9039889084073668,0.9507613552796211,0.04677244687225435,True,0.9299999999999999,0.9154514462923999,0.9591558182372231,0.04370437194482313,True
logistic_regression,500,98,39,0.9279538904899135,500,0.8949122735699343,0.9439488262244397,True,0.04903655265450535,full_suite,0.0,0.8949122735699343,0.9439488262244397,0.04903655265450535,True,0.922,0.8949122735699343,0.9439488262244397,0.04903655265450535,True
logistic_regression,500,98,40,0.9279538904899135,500,0.8570314773083023,0.9142794184723154,False,0.057247941164013105,full_suite,0.0,0.8570314773083023,0.9142794184723154,0.057247941164013105,False,0.888,0.901712562663143,0.949065666874867,0.047353104211724006,True
logistic_regression,500,98,41,0.9279538904899135,500,0.8881516987545879,0.9387909413916523,True,0.05063924263706443,full_suite,0.0,0.8881516987545879,0.9387909413916523,0.05063924263706443,True,0.916,0.9085571013891337,0.9541366428894122,0.04557954150027854,True
logistic_regression,500,98,42,0.9279538904899135,500,0.901712562663143,0.949065666874867,True,0.047353104211724006,full_suite,0.0,0.901712562663143,0.949065666874867,0.047353104211724006,True,0.928,0.9062703531926293,0.9524517533673451,0.046181400174715836,True
logistic_regression,500,98,43,0.9279538904899135,500,0.9131474025208987,0.9574889387036145,True,0.04434153618271586,full_suite,0.0,0.9131474025208987,0.9574889387036145,0.04434153618271586,True,0.938,0.89944112525353,0.9473648914510048,0.04792376619747474,True
logistic_regression,500,98,44,0.9279538904899135,500,0.8791929673892575,0.9318566958433456,True,0.05266372845408818,full_suite,0.0,0.8791929673892575,0.9318566958433456,0.05266372845408818,True,0.908,0.9131474025208987,0.9574889387036145,0.04434153618271586,True
logistic_regression,500,98,45,0.9279538904899135,500,0.9039889084073668,0.9507613552796211,True,0.04677244687225435,full_suite,0.0,0.9039889084073668,0.9507613552796211,0.04677244687225435,True,0.9299999999999999,0.901712562663143,0.949065666874867,0.047353104211724006,True
logistic_regression,500,98,46,0.9279538904899135,500,0.881427078322658,0.9335959912454309,True,0.052168912922772925,full_suite,0.0,0.881427078322658,0.9335959912454309,0.052168912922772925,True,0.91,0.9039889084073668,0.9507613552796211,0.04677244687225435,True
logistic_regression,500,98,47,0.9279538904899135,500,0.8926545356436476,0.9422338800711657,True,0.0495793444275181,full_suite,0.0,0.8926545356436476,0.9422338800711657,0.0495793444275181,True,0.92,0.9062703531926293,0.9524517533673451,0.046181400174715836,True
logistic_regression,500,98,48,0.9279538904899135,500,0.9108493724491366,0.9558157890532868,True,0.04496641660415024,full_suite,0.0,0.9108493724491366,0.9558157890532868,0.04496641660415024,True,0.9359999999999999,0.9224025315050628,0.9641157402780663,0.04171320877300355,True
logistic_regression,500,98,49,0.9279538904899135,500,0.8949122735699343,0.9439488262244397,True,0.04903655265450535,full_suite,0.0,0.8949122735699343,0.9439488262244397,0.04903655265450535,True,0.922,0.8904010568890371,0.9405145362644117,0.05011347937537458,True
logistic_regression,500,98,50,0.9279538904899135,500,0.9108493724491366,0.9558157890532868,True,0.04496641660415024,full_suite,0.0,0.9108493724491366,0.9558157890532868,0.04496641660415024,True,0.9359999999999999,0.901712562663143,0.949065666874867,0.047353104211724006,True
logistic_regression,500,98,51,0.9279538904899135,500,0.9247336289693778,0.9657543019172321,True,0.041020672947854275,full_suite,0.0,0.9247336289693778,0.9657543019172321,0.041020672947854275,True,0.948,0.9177617791061647,0.9608161312028122,0.04305435209664743,True
logistic_regression,500,98,52,0.9279538904899135,500,0.901712562663143,0.949065666874867,True,0.047353104211724006,full_suite,0.0,0.901712562663143,0.949065666874867,0.047353104211724006,True,0.928,0.8904010568890371,0.9405145362644117,0.05011347937537458,True
logistic_regression,500,98,53,0.9279538904899135,500,0.9294192037426702,0.9690068312064947,False,0.03958762746382449,full_suite,0.0,0.9294192037426702,0.9690068312064947,0.03958762746382449,False,0.952,0.9085571013891337,0.9541366428894122,0.04557954150027854,True
logistic_regression,500,98,54,0.9279538904899135,500,0.9039889084073668,0.9507613552796211,True,0.04677244687225435,full_suite,0.0,0.9039889084073668,0.9507613552796211,0.04677244687225435,True,0.9299999999999999,0.9108493724491366,0.9558157890532868,0.04496641660415024,True
logistic_regression,500,98,55,0.9279538904899135,500,0.9294192037426702,0.9690068312064947,False,0.03958762746382449,full_suite,0.0,0.9294192037426702,0.9690068312064947,0.03958762746382449,False,0.952,0.8791929673892575,0.9318566958433456,0.05266372845408818,True
logistic_regression,500,98,56,0.9279538904899135,500,0.8904010568890371,0.9405145362644117,True,0.05011347937537458,full_suite,0.0,0.8904010568890371,0.9405145362644118,0.05011347937537469,True,0.918,0.8791929673892575,0.9318566958433456,0.05266372845408818,True
logistic_regression,500,98,57,0.9279538904899135,500,0.8904010568890371,0.9405145362644117,True,0.05011347937537458,full_suite,0.0,0.8904010568890371,0.9405145362644118,0.05011347937537469,True,0.918,0.9062703531926293,0.9524517533673451,0.046181400174715836,True
logistic_regression,500,98,58,0.9279538904899135,500,0.9154514462923999,0.9591558182372231,True,0.04370437194482313,full_suite,0.0,0.9154514462923999,0.9591558182372231,0.04370437194482313,True,0.94,0.9154514462923999,0.9591558182372231,0.04370437194482313,True
logistic_regression,500,98,59,0.9279538904899135,500,0.89944112525353,0.9473648914510048,True,0.04792376619747474,full_suite,0.0,0.89944112525353,0.9473648914510049,0.04792376619747485,True,0.926,0.8971744178850064,0.9456592187560884,0.04848480087108198,True
logistic_regression,500,98,60,0.9279538904899135,500,0.9039889084073668,0.9507613552796211,True,0.04677244687225435,full_suite,0.0,0.9039889084073668,0.9507613552796211,0.04677244687225435,True,0.9299999999999999,0.9177617791061647,0.9608161312028122,0.04305435209664743,True
logistic_regression,500,98,61,0.9279538904899135,500,0.89944112525353,0.9473648914510048,True,0.04792376619747474,full_suite,0.0,0.89944112525353,0.9473648914510049,0.04792376619747485,True,0.926,0.9247336289693778,0.9657543019172321,0.041020672947854275,True
logistic_regression,500,98,62,0.9279538904899135,500,0.9131474025208987,0.9574889387036145,True,0.04434153618271586,full_suite,0.0,0.9131474025208987,0.9574889387036145,0.04434153618271586,True,0.938,0.9085571013891337,0.9541366428894122,0.04557954150027854,True
logistic_regression,500,98,63,0.9279538904899135,500,0.9062703531926293,0.9524517533673451,True,0.046181400174715836,full_suite,0.0,0.9062703531926293,0.9524517533673451,0.046181400174715836,True,0.9319999999999999,0.927072378349521,0.9673848198506699,0.04031244150114888,True
logistic_regression,500,98,64,0.9279538904899135,500,0.89944112525353,0.9473648914510048,True,0.04792376619747474,full_suite,0.0,0.89944112525353,0.9473648914510049,0.04792376619747485,True,0.926,0.89944112525353,0.9473648914510048,0.04792376619747474,True
logistic_regression,500,98,65,0.9279538904899135,500,0.9247336289693778,0.9657543019172321,True,0.041020672947854275,full_suite,0.0,0.9247336289693778,0.9657543019172321,0.041020672947854275,True,0.948,0.8949122735699343,0.9439488262244397,0.04903655265450535,True
logistic_regression,500,98,66,0.9279538904899135,500,0.8971744178850064,0.9456592187560884,True,0.04848480087108198,full_suite,0.0,0.8971744178850064,0.9456592187560885,0.04848480087108209,True,0.924,0.8904010568890371,0.9405145362644117,0.05011347937537458,True
logistic_regression,500,98,67,0.9279538904899135,500,0.9062703531926293,0.9524517533673451,True,0.046181400174715836,full_suite,0.0,0.9062703531926293,0.9524517533673451,0.046181400174715836,True,0.9319999999999999,0.8949122735699343,0.9439488262244397,0.04903655265450535,True
logistic_regression,500,98,68,0.9279538904899135,500,0.9085571013891337,0.9541366428894122,True,0.04557954150027854,full_suite,0.0,0.9085571013891337,0.9541366428894122,0.04557954150027854,True,0.9339999999999999,0.8859063306539441,0.9370632334338127,0.05115690277986862,True
logistic_regression,500,98,69,0.9279538904899135,500,0.9085571013891337,0.9541366428894122,True,0.04557954150027854,full_suite,0.0,0.9085571013891337,0.9541366428894122,0.04557954150027854,True,0.9339999999999999,0.8881516987545879,0.9387909413916523,0.05063924263706443,True
logistic_regression,500,98,70,0.9279538904899135,500,0.8971744178850064,0.9456592187560884,True,0.04848480087108198,full_suite,0.0,0.8971744178850064,0.9456592187560885,0.04848480087108209,True,0.924,0.8859063306539441,0.9370632334338127,0.05115690277986862,True
logistic_regression,500,98,71,0.9279538904899135,500,0.9085571013891337,0.9541366428894122,True,0.04557954150027854,full_suite,0.0,0.9085571013891337,0.9541366428894122,0.04557954150027854,True,0.9339999999999999,0.8859063306539441,0.9370632334338127,0.05115690277986862,True
logistic_regression,500,98,72,0.9279538904899135,500,0.89944112525353,0.9473648914510048,True,0.04792376619747474,full_suite,0.0,0.89944112525353,0.9473648914510049,0.04792376619747485,True,0.926,0.9062703531926293,0.9524517533673451,0.046181400174715836,True
logistic_regression,500,98,73,0.9279538904899135,500,0.9177617791061647,0.9608161312028122,True,0.04305435209664743,full_suite,0.0,0.9177617791061647,0.9608161312028122,0.04305435209664743,True,0.942,0.9108493724491366,0.9558157890532868,0.04496641660415024,True
logistic_regression,500,98,74,0.9279538904899135,500,0.8949122735699343,0.9439488262244397,True,0.04903655265450535,full_suite,0.0,0.8949122735699343,0.9439488262244397,0.04903655265450535,True,0.922,0.9177617791061647,0.9608161312028122,0.04305435209664743,True
logistic_regression,500,98,75,0.9279538904899135,500,0.8836648293368344,0.9353315424589416,True,0.05166671312210713,full_suite,0.0,0.8836648293368344,0.9353315424589416,0.05166671312210713,True,0.912,0.9039889084073668,0.9507613552796211,0.04677244687225435,True
logistic_regression,500,98,76,0.9279538904899135,500,0.8904010568890371,0.9405145362644117,True,0.05011347937537458,full_suite,0.0,0.8904010568890371,0.9405145362644118,0.05011347937537469,True,0.918,0.9154514462923999,0.9591558182372231,0.04370437194482313,True
logistic_regression,500,98,77,0.9279538904899135,500,0.8926545356436476,0.9422338800711657,True,0.0495793444275181,full_suite,0.0,0.8926545356436476,0.9422338800711657,0.0495793444275181,True,0.92,0.8881516987545879,0.9387909413916523,0.05063924263706443,True
logistic_regression,500,98,78,0.9279538904899135,500,0.9224025315050628,0.9641157402780663,True,0.04171320877300355,full_suite,0.0,0.9224025315050628,0.9641157402780663,0.04171320877300355,True,0.946,0.8971744178850064,0.9456592187560884,0.04848480087108198,True
logistic_regression,500,98,79,0.9279538904899135,500,0.9085571013891337,0.9541366428894122,True,0.04557954150027854,full_suite,0.0,0.9085571013891337,0.9541366428894122,0.04557954150027854,True,0.9339999999999999,0.9154514462923999,0.9591558182372231,0.04370437194482313,True
logistic_regression,500,98,80,0.9279538904899135,500,0.9039889084073668,0.9507613552796211,True,0.04677244687225435,full_suite,0.0,0.9039889084073668,0.9507613552796211,0.04677244687225435,True,0.9299999999999999,0.901712562663143,0.949065666874867,0.047353104211724006,True
logistic_regression,500,98,81,0.9279538904899135,500,0.8971744178850064,0.9456592187560884,True,0.04848480087108198,full_suite,0.0,0.8971744178850064,0.9456592187560885,0.04848480087108209,True,0.924,0.8971744178850064,0.9456592187560884,0.04848480087108198,True
logistic_regression,500,98,82,0.9279538904899135,500,0.9108493724491366,0.9558157890532868,True,0.04496641660415024,full_suite,0.0,0.9108493724491366,0.9558157890532868,0.04496641660415024,True,0.9359999999999999,0.8926545356436476,0.9422338800711657,0.0495793444275181,True
logistic_regression,500,98,83,0.9279538904899135,500,0.8904010568890371,0.9405145362644117,True,0.05011347937537458,full_suite,0.0,0.8904010568890371,0.9405145362644118,0.05011347937537469,True,0.918,0.9131474025208987,0.9574889387036145,0.04434153618271586,True
logistic_regression,500,98,84,0.9279538904899135,500,0.9108493724491366,0.9558157890532868,True,0.04496641660415024,full_suite,0.0,0.9108493724491366,0.9558157890532868,0.04496641660415024,True,0.9359999999999999,0.9154514462923999,0.9591558182372231,0.04370437194482313,True
logistic_regression,500,98,85,0.9279538904899135,500,0.8881516987545879,0.9387909413916523,True,0.05063924263706443,full_suite,0.0,0.8881516987545879,0.9387909413916523,0.05063924263706443,True,0.916,0.8926545356436476,0.9422338800711657,0.0495793444275181,True
logistic_regression,500,98,86,0.9279538904899135,500,0.9062703531926293,0.9524517533673451,True,0.046181400174715836,full_suite,0.0,0.9062703531926293,0.9524517533673451,0.046181400174715836,True,0.9319999999999999,0.8904010568890371,0.9405145362644117,0.05011347937537458,True
logistic_regression,500,98,87,0.9279538904899135,500,0.9062703531926293,0.9524517533673451,True,0.046181400174715836,full_suite,0.0,0.9062703531926293,0.9524517533673451,0.046181400174715836,True,0.9319999999999999,0.9062703531926293,0.9524517533673451,0.046181400174715836,True
logistic_regression,500,98,88,0.9279538904899135,500,0.9108493724491366,0.9558157890532868,True,0.04496641660415024,full_suite,0.0,0.9108493724491366,0.9558157890532868,0.04496641660415024,True,0.9359999999999999,0.8971744178850064,0.9456592187560884,0.04848480087108198,True
logistic_regression,500,98,89,0.9279538904899135,500,0.901712562663143,0.949065666874867,True,0.047353104211724006,full_suite,0.0,0.901712562663143,0.949065666874867,0.047353104211724006,True,0.928,0.8949122735699343,0.9439488262244397,0.04903655265450535,True
logistic_regression,500,98,90,0.9279538904899135,500,0.9039889084073668,0.9507613552796211,True,0.04677244687225435,full_suite,0.0,0.9039889084073668,0.9507613552796211,0.04677244687225435,True,0.9299999999999999,0.9108493724491366,0.9558157890532868,0.04496641660415024,True
logistic_regression,500,98,91,0.9279538904899135,500,0.8791929673892575,0.9318566958433456,True,0.05266372845408818,full_suite,0.0,0.8791929673892575,0.9318566958433456,0.05266372845408818,True,0.908,0.8949122735699343,0.9439488262244397,0.04903655265450535,True
logistic_regression,500,98,92,0.9279538904899135,500,0.9039889084073668,0.9507613552796211,True,0.04677244687225435,full_suite,0.0,0.9039889084073668,0.9507613552796211,0.04677244687225435,True,0.9299999999999999,0.9200786993956399,0.9624695555249778,0.042390856129337906,True
logistic_regression,500,98,93,0.9279538904899135,500,0.8881516987545879,0.9387909413916523,True,0.05063924263706443,full_suite,0.0,0.8881516987545879,0.9387909413916523,0.05063924263706443,True,0.916,0.9200786993956399,0.9624695555249778,0.042390856129337906,True
logistic_regression,500,98,94,0.9279538904899135,500,0.8949122735699343,0.9439488262244397,True,0.04903655265450535,full_suite,0.0,0.8949122735699343,0.9439488262244397,0.04903655265450535,True,0.922,0.8971744178850064,0.9456592187560884,0.04848480087108198,True
logistic_regression,500,98,95,0.9279538904899135,500,0.9108493724491366,0.9558157890532868,True,0.04496641660415024,full_suite,0.0,0.9108493724491366,0.9558157890532868,0.04496641660415024,True,0.9359999999999999,0.9224025315050628,0.9641157402780663,0.04171320877300355,True
logistic_regression,500,98,96,0.9279538904899135,500,0.9062703531926293,0.9524517533673451,True,0.046181400174715836,full_suite,0.0,0.9062703531926293,0.9524517533673451,0.046181400174715836,True,0.9319999999999999,0.9224025315050628,0.9641157402780663,0.04171320877300355,True
logistic_regression,500,98,97,0.9279538904899135,500,0.9177617791061647,0.9608161312028122,True,0.04305435209664743,full_suite,0.0,0.9177617791061647,0.9608161312028122,0.04305435209664743,True,0.942,0.9039889084073668,0.9507613552796211,0.04677244687225435,True
logistic_regression,500,98,98,0.9279538904899135,500,0.901712562663143,0.949065666874867,True,0.047353104211724006,full_suite,0.0,0.901712562663143,0.949065666874867,0.047353104211724006,True,0.928,0.8859063306539441,0.9370632334338127,0.05115690277986862,True
logistic_regression,500,98,99,0.9279538904899135,500,0.9039889084073668,0.9507613552796211,True,0.04677244687225435,full_suite,0.0,0.9039889084073668,0.9507613552796211,0.04677244687225435,True,0.9299999999999999,0.9131474025208987,0.9574889387036145,0.04434153618271586,True
logistic_regression,2000,1,0,0.9279538904899135,20,0.07432674192091226,1.0,True,0.9256732580790877,ok,1.3877787807814457e-17,0.07594517775871643,1.0,0.9240548222412835,True,0.08799999999999997,0.6830172859809177,0.9876514728297052,0.3046341868487875,True
logistic_regression,2000,1,1,0.9279538904899135,20,0.07571532092278443,1.0,True,0.9242846790772156,ok,0.0,0.07734794970888674,1.0,0.9226520502911133,True,0.08950000000000002,0.7512672372279722,0.9987349105020502,0.24746767327407804,True
logistic_regression,2000,1,2,0.9279538904899135,20,0.066482439299084,1.0,True,0.933517560700916,ok,0.0,0.06801741216673172,1.0,0.9319825878332683,True,0.07950000000000002,0.6830172859809177,0.9876514728297052,0.3046341868487875,True
logistic_regression,2000,1,3,0.9279538904899135,20,0.07478946525789548,1.0,True,0.9252105347421045,ok,0.0,0.07641264910742733,1.0,0.9235873508925727,True,0.08850000000000002,0.6830172859809177,0.9876514728297052,0.3046341868487875,True
logistic_regression,2000,1,4,0.9279538904899135,20,0.07617845118678378,1.0,True,0.9238215488132162,ok,0.0,0.07781577715467887,1.0,0.9221842228453211,True,0.08999999999999997,0.8315665290169146,1.0,0.16843347098308536,True
logistic_regression,2000,1,5,0.9279538904899135,20,0.07756863961691972,1.0,True,0.9224313603830803,ok,0.0,0.07921995748926601,1.0,0.920780042510734,True,0.09150000000000003,0.7512672372279722,0.9987349105020502,0.24746767327407804,True
logistic_regression,2000,1,6,0.9279538904899135,20,0.07340170950688424,1.0,True,0.9265982904931158,ok,0.0,0.07501059757841537,1.0,0.9249894024215847,True,0.08699999999999997,0.621073173454686,0.9679290628145363,0.34685588935985023,True
logistic_regression,2000,1,7,0.9279538904899135,20,0.0794240489971631,1.0,True,0.9205759510028368,ok,1.1102230246251565e-16,0.08109379477276055,1.0,0.9189062052272394,True,0.09350000000000003,0.7512672372279722,0.9987349105020502,0.24746767327407804,True
logistic_regression,2000,1,8,0.9279538904899135,20,0.08360605806538915,1.0,True,0.9163939419346109,ok,0.0,0.08531634979545652,1.0,0.9146836502045435,True,0.09799999999999998,0.8315665290169146,1.0,0.16843347098308536,True
logistic_regression,2000,1,9,0.9279538904899135,20,0.07617845118678378,1.0,True,0.9238215488132162,ok,0.0,0.07781577715467887,1.0,0.9221842228453211,True,0.08999999999999997,0.5089541282920425,0.9134285308985653,0.4044744026065229,False
logistic_regression,2000,1,10,0.9279538904899135,20,0.07478946525789548,1.0,True,0.9252105347421045,ok,0.0,0.07641264910742733,1.0,0.9235873508925727,True,0.08850000000000002,0.7512672372279722,0.9987349105020502,0.24746767327407804,True
logistic_regression,2000,1,11,0.9279538904899135,20,0.07247723664019239,1.0,True,0.9275227633598077,ok,0.0,0.07407650705868589,1.0,0.9259234929413142,True,0.08599999999999997,0.6830172859809177,0.9876514728297052,0.3046341868487875,True
logistic_regression,2000,1,12,0.9279538904899135,20,0.06832427686491126,1.0,True,0.9316757231350887,ok,0.0,0.06987937266229995,1.0,0.9301206273377001,True,0.08150000000000002,0.7512672372279722,0.9987349105020502,0.24746767327407804,True
logistic_regression,2000,1,13,0.9279538904899135,20,0.07432674192091226,1.0,True,0.9256732580790877,ok,1.3877787807814457e-17,0.07594517775871643,1.0,0.9240548222412835,True,0.08799999999999997,0.8315665290169146,1.0,0.16843347098308536,True
logistic_regression,2000,1,14,0.9279538904899135,20,0.0803525188016246,1.0,True,0.9196474811983754,ok,0.0,0.08203138293797992,1.0,0.91796861706202,True,0.09450000000000003,0.7512672372279722,0.9987349105020502,0.24746767327407804,True
logistic_regression,2000,1,15,0.9279538904899135,20,0.07201521279557829,1.0,True,0.9279847872044217,ok,0.0,0.0736096478366675,1.0,0.9263903521633325,True,0.08550000000000002,0.8315665290169146,1.0,0.16843347098308536,True
logistic_regression,2000,1,16,0.9279538904899135,20,0.08779772315615934,1.0,True,0.9122022768438407,ok,0.0,0.08954735419896905,1.0,0.9104526458010309,True,0.10250000000000004,0.8315665290169146,1.0,0.16843347098308536,True
logistic_regression,2000,1,17,0.9279538904899135,20,0.0794240489971631,1.0,True,0.9205759510028368,ok,1.1102230246251565e-16,0.08109379477276055,1.0,0.9189062052272394,True,0.09350000000000003,0.7512672372279722,0.9987349105020502,0.24746767327407804,True
logistic_regression,2000,1,18,0.9279538904899135,20,0.06556246434551173,1.0,True,0.9344375356544883,ok,0.0,0.06708725791425983,1.0,0.9329127420857402,True,0.07850000000000001,0.8315665290169146,1.0,0.16843347098308536,True
logistic_regression,2000,1,19,0.9279538904899135,20,0.0803525188016246,1.0,True,0.9196474811983754,ok,0.0,0.08203138293797992,1.0,0.91796861706202,True,0.09450000000000003,0.6830172859809177,0.9876514728297052,0.3046341868487875,True
logistic_regression,2000,1,20,0.9279538904899135,20,0.07432674192091226,1.0,True,0.9256732580790877,ok,1.3877787807814457e-17,0.07594517775871643,1.0,0.9240548222412835,True,0.08799999999999997,0.7512672372279722,0.9987349105020502,0.24746767327407804,True
logistic_regression,2000,1,21,0.9279538904899135,20,0.07201521279557829,1.0,True,0.9279847872044217,ok,0.0,0.0736096478366675,1.0,0.9263903521633325,True,0.08550000000000002,0.7512672372279722,0.9987349105020502,0.24746767327407804,True
logistic_regression,2000,1,22,0.9279538904899135,20,0.07710511152401528,1.0,True,0.9228948884759847,ok,0.0,0.07875178191174406,1.0,0.921248218088256,True,0.09099999999999997,0.8315665290169146,1.0,0.16843347098308536,True
logistic_regression,2000,1,23,0.9279538904899135,20,0.06878512177094032,1.0,True,0.9312148782290597,ok,0.0,0.07034520016699762,1.0,0.9296547998330024,True,0.08199999999999996,0.8315665290169146,1.0,0.16843347098308536,True
logistic_regression,2000,1,24,0.9279538904899135,20,0.06832427686491126,1.0,True,0.9316757231350887,ok,0.0,0.06987937266229995,1.0,0.9301206273377001,True,0.08150000000000002,0.8315665290169146,1.0,0.16843347098308536,True
logistic_regression,2000,1,25,0.9279538904899135,20,0.06832427686491126,1.0,True,0.9316757231350887,ok,0.0,0.06987937266229995,1.0,0.9301206273377001,True,0.08150000000000002,0.6830172859809177,0.9876514728297052,0.3046341868487875,True
logistic_regression,2000,1,26,0.9279538904899135,20,0.07386415631435578,1.0,True,0.9261358436856442,ok,0.0,0.07547782693716967,1.0,0.9245221730628304,True,0.08750000000000002,0.7512672372279722,0.9987349105020502,0.24746767327407804,True
logistic_regression,2000,1,27,0.9279538904899135,20,0.06740304705484249,1.0,True,0.9325969529451575,ok,0.0,0.0689481202197387,1.0,0.9310518797802613,True,0.08050000000000002,0.8315665290169146,1.0,0.16843347098308536,True
logistic_regression,2000,1,28,0.9279538904899135,20,0.07432674192091226,1.0,True,0.9256732580790877,ok,1.3877787807814457e-17,0.07594517775871643,1.0,0.9240548222412835,True,0.08799999999999997,0.621073173454686,0.9679290628145363,0.34685588935985023,True
logistic_regression,2000,1,29,0.9279538904899135,20,0.07063000524359273,1.0,True,0.9293699947564072,ok,0.0,0.0722098262529395,1.0,0.9277901737470605,True,0.08399999999999996,0.7512672372279722,0.9987349105020502,0.24746767327407804,True
logistic_regression,2000,1,30,0.9279538904899135,20,0.07478946525789548,1.0,True,0.9252105347421045,ok,0.0,0.07641264910742733,1.0,0.9235873508925727,True,0.08850000000000002,0.7512672372279722,0.9987349105020502,0.24746767327407804,True
logistic_regression,2000,1,31,0.9279538904899135,20,0.07710511152401528,1.0,True,0.9228948884759847,ok,0.0,0.07875178191174406,1.0,0.921248218088256,True,0.09099999999999997,0.621073173454686,0.9679290628145363,0.34685588935985023,True
logistic_regression,2000,1,32,0.9279538904899135,20,0.07756863961691972,1.0,True,0.9224313603830803,ok,0.0,0.07921995748926601,1.0,0.920780042510734,True,0.09150000000000003,0.7512672372279722,0.9987349105020502,0.24746767327407804,True
logistic_regression,2000,1,33,0.9279538904899135,20,0.07571532092278443,1.0,True,0.9242846790772156,ok,0.0,0.07734794970888674,1.0,0.9226520502911133,True,0.08950000000000002,0.6830172859809177,0.9876514728297052,0.3046341868487875,True
logistic_regression,2000,1,34,0.9279538904899135,20,0.07201521279557829,1.0,True,0.9279847872044217,ok,0.0,0.0736096478366675,1.0,0.9263903521633325,True,0.08550000000000002,0.5633859970033317,0.9426660029499672,0.37928000594663547,True
logistic_regression,2000,1,35,0.9279538904899135,20,0.07063000524359273,1.0,True,0.9293699947564072,ok,0.0,0.0722098262529395,1.0,0.9277901737470605,True,0.08399999999999996,0.7512672372279722,0.9987349105020502,0.24746767327407804,True
logistic_regression,2000,1,36,0.9279538904899135,20,0.07478946525789548,1.0,True,0.9252105347421045,ok,0.0,0.07641264910742733,1.0,0.9235873508925727,True,0.08850000000000002,0.6830172859809177,0.9876514728297052,0.3046341868487875,True
logistic_regression,2000,1,37,0.9279538904899135,20,0.07201521279557829,1.0,True,0.9279847872044217,ok,0.0,0.0736096478366675,1.0,0.9263903521633325,True,0.08550000000000002,0.7512672372279722,0.9987349105020502,0.24746767327407804,True
logistic_regression,2000,1,38,0.9279538904899135,20,0.07478946525789548,1.0,True,0.9252105347421045,ok,0.0,0.07641264910742733,1.0,0.9235873508925727,True,0.08850000000000002,0.8315665290169146,1.0,0.16843347098308536,True
logistic_regression,2000,1,39,0.9279538904899135,20,0.07201521279557829,1.0,True,0.9279847872044217,ok,0.0,0.0736096478366675,1.0,0.9263903521633325,True,0.08550000000000002,0.7512672372279722,0.9987349105020502,0.24746767327407804,True
logistic_regression,2000,1,40,0.9279538904899135,20,0.06602237203718388,1.0,True,0.9339776279628161,ok,0.0,0.06755226521576756,1.0,0.9324477347842325,True,0.07899999999999996,0.6830172859809177,0.9876514728297052,0.3046341868487875,True
logistic_regression,2000,1,41,0.9279538904899135,20,0.07664171505283696,1.0,True,0.9233582849471631,ok,0.0,0.07828372151323156,1.0,0.9217162784867684,True,0.09050000000000002,0.8315665290169146,1.0,0.16843347098308536,True
logistic_regression,2000,1,42,0.9279538904899135,20,0.07478946525789548,1.0,True,0.9252105347421045,ok,0.0,0.07641264910742733,1.0,0.9235873508925727,True,0.08850000000000002,0.7512672372279722,0.9987349105020502,0.24746767327407804,True
logistic_regression,2000,1,43,0.9279538904899135,20,0.07386415631435578,1.0,True,0.9261358436856442,ok,0.0,0.07547782693716967,1.0,0.9245221730628304,True,0.08750000000000002,0.7512672372279722,0.9987349105020502,0.24746767327407804,True
logistic_regression,2000,1,44,0.9279538904899135,20,0.07525232527156044,1.0,True,0.9247476747284396,ok,0.0,0.07688024006073672,1.0,0.9231197599392633,True,0.08899999999999997,0.7512672372279722,0.9987349105020502,0.24746767327407804,True
logistic_regression,2000,1,45,0.9279538904899135,20,0.07109159594100875,1.0,True,0.9289084040589912,ok,0.0,0.07267630642142361,1.0,0.9273236935785764,True,0.08450000000000002,0.6830172859809177,0.9876514728297052,0.3046341868487875,True
logistic_regression,2000,1,46,0.9279538904899135,20,0.07109159594100875,1.0,True,0.9289084040589912,ok,0.0,0.07267630642142361,1.0,0.9273236935785764,True,0.08450000000000002,0.621073173454686,0.9679290628145363,0.34685588935985023,True
logistic_regression,2000,1,47,0.9279538904899135,20,0.07617845118678378,1.0,True,0.9238215488132162,ok,0.0,0.07781577715467887,1.0,0.9221842228453211,True,0.08999999999999997,0.7512672372279722,0.9987349105020502,0.24746767327407804,True
logistic_regression,2000,1,48,0.9279538904899135,20,0.07525232527156044,1.0,True,0.9247476747284396,ok,0.0,0.07688024006073672,1.0,0.9231197599392633,True,0.08899999999999997,0.40781146546717184,0.8460907952154588,0.438279329748287,False
logistic_regression,2000,1,49,0.9279538904899135,20,0.07432674192091226,1.0,True,0.9256732580790877,ok,1.3877787807814457e-17,0.07594517775871643,1.0,0.9240548222412835,True,0.08799999999999997,0.6830172859809177,0.9876514728297052,0.3046341868487875,True
logistic_regression,2000,1,50,0.9279538904899135,20,0.061430713793773184,1.0,True,0.9385692862062268,ok,0.0,0.06290868484123782,1.0,0.9370913151587622,True,0.07399999999999995,0.7512672372279722,0.9987349105020502,0.24746767327407804,True
logistic_regression,2000,1,51,0.9279538904899135,20,0.0568565379389389,1.0,True,0.9431434620610611,ok,0.0,0.05828040513292326,1.0,0.9417195948670767,True,0.06899999999999995,0.8315665290169146,1.0,0.16843347098308536,True
logistic_regression,2000,1,52,0.9279538904899135,20,0.07617845118678378,1.0,True,0.9238215488132162,ok,0.0,0.07781577715467887,1.0,0.9221842228453211,True,0.08999999999999997,0.5089541282920425,0.9134285308985653,0.4044744026065229,False
logistic_regression,2000,1,53,0.9279538904899135,20,0.07109159594100875,1.0,True,0.9289084040589912,ok,0.0,0.07267630642142361,1.0,0.9273236935785764,True,0.08450000000000002,0.8315665290169146,1.0,0.16843347098308536,True
logistic_regression,2000,1,54,0.9279538904899135,20,0.07293940258236735,1.0,True,0.9270605974176327,ok,0.0,0.07454349063140588,1.0,0.9254565093685941,True,0.08650000000000002,0.6830172859809177,0.9876514728297052,0.3046341868487875,True
logistic_regression,2000,1,55,0.9279538904899135,20,0.0669426647562229,1.0,True,0.9330573352437771,ok,0.0,0.06848269756317969,1.0,0.9315173024368203,True,0.07999999999999996,0.8315665290169146,1.0,0.16843347098308536,True
logistic_regression,2000,1,56,0.9279538904899135,20,0.066482439299084,1.0,True,0.933517560700916,ok,0.0,0.06801741216673172,1.0,0.9319825878332683,True,0.07950000000000002,0.6830172859809177,0.9876514728297052,0.3046341868487875,True
logistic_regression,2000,1,57,0.9279538904899135,20,0.07664171505283696,1.0,True,0.9233582849471631,ok,0.0,0.07828372151323156,1.0,0.9217162784867684,True,0.09050000000000002,0.7512672372279722,0.9987349105020502,0.24746767327407804,True
logistic_regression,2000,1,58,0.9279538904899135,20,0.07617845118678378,1.0,True,0.9238215488132162,ok,0.0,0.07781577715467887,1.0,0.9221842228453211,True,0.08999999999999997,0.7512672372279722,0.9987349105020502,0.24746767327407804,True
logistic_regression,2000,1,59,0.9279538904899135,20,0.07710511152401528,1.0,True,0.9228948884759847,ok,0.0,0.07875178191174406,1.0,0.921248218088256,True,0.09099999999999997,0.5633859970033317,0.9426660029499672,0.37928000594663547,True
logistic_regression,2000,1,60,0.9279538904899135,20,0.07340170950688424,1.0,True,0.9265982904931158,ok,0.0,0.07501059757841537,1.0,0.9249894024215847,True,0.08699999999999997,0.7512672372279722,0.9987349105020502,0.24746767327407804,True
logistic_regression,2000,1,61,0.9279538904899135,20,0.0628064489664031,1.0,True,0.9371935510335969,ok,0.0,0.06430021661645093,1.0,0.9356997833835491,True,0.07550000000000001,0.6830172859809177,0.9876514728297052,0.3046341868487875,True
logistic_regression,2000,1,62,0.9279538904899135,20,0.07201521279557829,1.0,True,0.9279847872044217,ok,0.0,0.0736096478366675,1.0,0.9263903521633325,True,0.08550000000000002,0.6830172859809177,0.9876514728297052,0.3046341868487875,True
logistic_regression,2000,1,63,0.9279538904899135,20,0.07155333217989789,1.0,True,0.9284466678201021,ok,0.0,0.07314291395591276,1.0,0.9268570860440872,True,0.08499999999999996,0.8315665290169146,1.0,0.16843347098308536,True
logistic_regression,2000,1,64,0.9279538904899135,20,0.07988822090363669,1.0,True,0.9201117790963633,ok,0.0,0.08156253373039696,1.0,0.9184374662696031,True,0.09399999999999997,0.621073173454686,0.9679290628145363,0.34685588935985023,True
logistic_regression,2000,1,65,0.9279538904899135,20,0.06970726521813071,1.0,True,0.9302927347818692,ok,1.3877787807814457e-17,0.07127725216847294,1.0,0.9287227478315271,True,0.08299999999999996,0.7512672372279722,0.9987349105020502,0.24746767327407804,True
logistic_regression,2000,1,66,0.9279538904899135,20,0.07201521279557829,1.0,True,0.9279847872044217,ok,0.0,0.0736096478366675,1.0,0.9263903521633325,True,0.08550000000000002,0.7512672372279722,0.9987349105020502,0.24746767327407804,True
logistic_regression,2000,1,67,0.9279538904899135,20,0.057769893444378086,1.0,True,0.9422301065556219,ok,0.0,0.05920476602270821,1.0,0.9407952339772918,True,0.06999999999999995,0.6830172859809177,0.9876514728297052,0.3046341868487875,True
logistic_regression,2000,1,68,0.9279538904899135,20,0.0669426647562229,1.0,True,0.9330573352437771,ok,0.0,0.06848269756317969,1.0,0.9315173024368203,True,0.07999999999999996,0.6830172859809177,0.9876514728297052,0.3046341868487875,True
logistic_regression,2000,1,69,0.9279538904899135,20,0.06924611830675548,1.0,True,0.9307538816932446,ok,0.0,0.07081116036844833,1.0,0.9291888396315516,True,0.08250000000000002,0.7512672372279722,0.9987349105020502,0.24746767327407804,True
logistic_regression,2000,1,70,0.9279538904899135,20,0.07710511152401528,1.0,True,0.9228948884759847,ok,0.0,0.07875178191174406,1.0,0.921248218088256,True,0.09099999999999997,0.7512672372279722,0.9987349105020502,0.24746767327407804,True
logistic_regression,2000,1,71,0.9279538904899135,20,0.08128148900163275,1.0,True,0.9187185109983672,ok,0.0,0.0829694089771893,1.0,0.9170305910228107,True,0.09550000000000003,0.621073173454686,0.9679290628145363,0.34685588935985023,True
logistic_regression,2000,1,72,0.9279538904899135,20,0.07571532092278443,1.0,True,0.9242846790772156,ok,0.0,0.07734794970888674,1.0,0.9226520502911133,True,0.08950000000000002,0.6830172859809177,0.9876514728297052,0.3046341868487875,True
logistic_regression,2000,1,73,0.9279538904899135,20,0.07386415631435578,1.0,True,0.9261358436856442,ok,0.0,0.07547782693716967,1.0,0.9245221730628304,True,0.08750000000000002,0.8315665290169146,1.0,0.16843347098308536,True
logistic_regression,2000,1,74,0.9279538904899135,20,0.07293940258236735,1.0,True,0.9270605974176327,ok,0.0,0.07454349063140588,1.0,0.9254565093685941,True,0.08650000000000002,0.8315665290169146,1.0,0.16843347098308536,True
logistic_regression,2000,1,75,0.9279538904899135,20,0.07109159594100875,1.0,True,0.9289084040589912,ok,0.0,0.07267630642142361,1.0,0.9273236935785764,True,0.08450000000000002,0.6830172859809177,0.9876514728297052,0.3046341868487875,True
logistic_regression,2000,1,76,0.9279538904899135,20,0.07016856126950474,1.0,True,0.9298314387304952,ok,0.0,0.07174347448524285,1.0,0.9282565255147571,True,0.08350000000000002,0.7512672372279722,0.9987349105020502,0.24746767327407804,True
logistic_regression,2000,1,77,0.9279538904899135,20,0.07803229836142439,1.0,True,0.9219677016385757,ok,0.0,0.07968824739647239,1.0,0.9203117526035276,True,0.09199999999999997,0.7512672372279722,0.9987349105020502,0.24746767327407804,True
logistic_regression,2000,1,78,0.9279538904899135,20,0.07016856126950474,1.0,True,0.9298314387304952,ok,0.0,0.07174347448524285,1.0,0.9282565255147571,True,0.08350000000000002,0.6830172859809177,0.9876514728297052,0.3046341868487875,True
logistic_regression,2000,1,79,0.9279538904899135,20,0.07525232527156044,1.0,True,0.9247476747284396,ok,0.0,0.07688024006073672,1.0,0.9231197599392633,True,0.08899999999999997,0.7512672372279722,0.9987349105020502,0.24746767327407804,True
logistic_regression,2000,1,80,0.9279538904899135,20,0.07617845118678378,1.0,True,0.9238215488132162,ok,0.0,0.07781577715467887,1.0,0.9221842228453211,True,0.08999999999999997,0.8315665290169146,1.0,0.16843347098308536,True
logistic_regression,2000,1,81,0.9279538904899135,20,0.07478946525789548,1.0,True,0.9252105347421045,ok,0.0,0.07641264910742733,1.0,0.9235873508925727,True,0.08850000000000002,0.7512672372279722,0.9987349105020502,0.24746767327407804,True
logistic_regression,2000,1,82,0.9279538904899135,20,0.07617845118678378,1.0,True,0.9238215488132162,ok,0.0,0.07781577715467887,1.0,0.9221842228453211,True,0.08999999999999997,0.7512672372279722,0.9987349105020502,0.24746767327407804,True
logistic_regression,2000,1,83,0.9279538904899135,20,0.06740304705484249,1.0,True,0.9325969529451575,ok,0.0,0.0689481202197387,1.0,0.9310518797802613,True,0.08050000000000002,0.6830172859809177,0.9876514728297052,0.3046341868487875,True
logistic_regression,2000,1,84,0.9279538904899135,20,0.06832427686491126,1.0,True,0.9316757231350887,ok,0.0,0.06987937266229995,1.0,0.9301206273377001,True,0.08150000000000002,0.5089541282920425,0.9134285308985653,0.4044744026065229,False
logistic_regression,2000,1,85,0.9279538904899135,20,0.07201521279557829,1.0,True,0.9279847872044217,ok,0.0,0.0736096478366675,1.0,0.9263903521633325,True,0.08550000000000002,0.621073173454686,0.9679290628145363,0.34685588935985023,True
logistic_regression,2000,1,86,0.9279538904899135,20,0.06602237203718388,1.0,True,0.9339776279628161,ok,0.0,0.06755226521576756,1.0,0.9324477347842325,True,0.07899999999999996,0.6830172859809177,0.9876514728297052,0.3046341868487875,True
logistic_regression,2000,1,87,0.9279538904899135,20,0.07756863961691972,1.0,True,0.9224313603830803,ok,0.0,0.07921995748926601,1.0,0.920780042510734,True,0.09150000000000003,0.6830172859809177,0.9876514728297052,0.3046341868487875,True
logistic_regression,2000,1,88,0.9279538904899135,20,0.0794240489971631,1.0,True,0.9205759510028368,ok,1.1102230246251565e-16,0.08109379477276055,1.0,0.9189062052272394,True,0.09350000000000003,0.621073173454686,0.9679290628145363,0.34685588935985023,True
logistic_regression,2000,1,89,0.9279538904899135,20,0.07710511152401528,1.0,True,0.9228948884759847,ok,0.0,0.07875178191174406,1.0,0.921248218088256,True,0.09099999999999997,0.8315665290169146,1.0,0.16843347098308536,True
logistic_regression,2000,1,90,0.9279538904899135,20,0.07340170950688424,1.0,True,0.9265982904931158,ok,0.0,0.07501059757841537,1.0,0.9249894024215847,True,0.08699999999999997,0.621073173454686,0.9679290628145363,0.34685588935985023,True
logistic_regression,2000,1,91,0.9279538904899135,20,0.07063000524359273,1.0,True,0.9293699947564072,ok,0.0,0.0722098262529395,1.0,0.9277901737470605,True,0.08399999999999996,0.7512672372279722,0.9987349105020502,0.24746767327407804,True
logistic_regression,2000,1,92,0.9279538904899135,20,0.07293940258236735,1.0,True,0.9270605974176327,ok,0.0,0.07454349063140588,1.0,0.9254565093685941,True,0.08650000000000002,0.8315665290169146,1.0,0.16843347098308536,True
logistic_regression,2000,1,93,0.9279538904899135,20,0.07896000398960061,1.0,True,0.9210399960103994,ok,0.0,0.08062516685945487,1.0,0.9193748331405451,True,0.09299999999999997,0.8315665290169146,1.0,0.16843347098308536,True
logistic_regression,2000,1,94,0.9279538904899135,20,0.06602237203718388,1.0,True,0.9339776279628161,ok,0.0,0.06755226521576756,1.0,0.9324477347842325,True,0.07899999999999996,0.6830172859809177,0.9876514728297052,0.3046341868487875,True
logistic_regression,2000,1,95,0.9279538904899135,20,0.0803525188016246,1.0,True,0.9196474811983754,ok,0.0,0.08203138293797992,1.0,0.91796861706202,True,0.09450000000000003,0.7512672372279722,0.9987349105020502,0.24746767327407804,True
logistic_regression,2000,1,96,0.9279538904899135,20,0.0568565379389389,1.0,True,0.9431434620610611,ok,0.0,0.05828040513292326,1.0,0.9417195948670767,True,0.06899999999999995,0.621073173454686,0.9679290628145363,0.34685588935985023,True
logistic_regression,2000,1,97,0.9279538904899135,20,0.07155333217989789,1.0,True,0.9284466678201021,ok,0.0,0.07314291395591276,1.0,0.9268570860440872,True,0.08499999999999996,0.7512672372279722,0.9987349105020502,0.24746767327407804,True
logistic_regression,2000,1,98,0.9279538904899135,20,0.0794240489971631,1.0,True,0.9205759510028368,ok,1.1102230246251565e-16,0.08109379477276055,1.0,0.9189062052272394,True,0.09350000000000003,0.8315665290169146,1.0,0.16843347098308536,True
logistic_regression,2000,1,99,0.9279538904899135,20,0.07571532092278443,1.0,True,0.9242846790772156,ok,0.0,0.07734794970888674,1.0,0.9226520502911133,True,0.08950000000000002,0.5633859970033317,0.9426660029499672,0.37928000594663547,True
logistic_regression,2000,4,0,0.9279538904899135,81,0.42476696283702403,1.0,True,0.5752330371629759,ok,0.0,0.25064165245715914,1.0,0.7493583475428409,True,0.27,0.7995278996869488,0.947916478427844,0.14838857874089517,True
logistic_regression,2000,4,1,0.9279538904899135,81,0.43560192407095105,1.0,True,0.564398075929049,ok,0.0,0.2496658665760566,1.0,0.7503341334239434,True,0.269,0.8783618605134889,0.9863829129119368,0.10802105239844795,True
logistic_regression,2000,4,2,0.9279538904899135,81,0.4469669971212934,1.0,True,0.5530330028787066,ok,0.0,0.26236072148541234,1.0,0.7376392785145877,True,0.28200000000000003,0.8300153432950901,0.9645461246675792,0.13453078137248908,True
logistic_regression,2000,4,3,0.9279538904899135,81,0.4268906372652621,1.0,True,0.5731093627347379,ok,2.7755575615628914e-17,0.2467392641401617,1.0,0.7532607358598383,True,0.266,0.861797394725865,0.9796551606775783,0.11785776595171327,True
logistic_regression,2000,4,4,0.9279538904899135,81,0.4422541782764539,1.0,True,0.557745821723546,ok,1.1102230246251565e-16,0.24771467197010166,1.0,0.7522853280298983,True,0.267,0.8457138312847053,0.9723316394755961,0.12661780819089075,True
logistic_regression,2000,4,5,0.9279538904899135,81,0.4316008161778167,1.0,True,0.5683991838221834,ok,2.7755575615628914e-17,0.24040222766713634,1.0,0.7595977723328636,True,0.25949999999999995,0.8457138312847053,0.9723316394755961,0.12661780819089075,True
logistic_regression,2000,4,6,0.9279538904899135,81,0.44051887200557044,1.0,True,0.5594811279944296,ok,2.220446049250313e-16,0.2516175634679723,1.0,0.7483824365320277,True,0.271,0.9136371320541119,0.9969956484842672,0.08335851643015535,True
logistic_regression,2000,4,7,0.9279538904899135,81,0.45097967106838294,1.0,True,0.5490203289316171,ok,1.7763568394002505e-15,0.25454604293881566,1.0,0.7454539570611843,True,0.274,0.8955562875743209,0.9922959627311266,0.0967396751568057,True
logistic_regression,2000,4,8,0.9279538904899135,81,0.462784257530628,1.0,True,0.537215742469372,ok,8.881784197001252e-16,0.2633381012548637,1.0,0.7366618987451363,True,0.28300000000000003,0.8783618605134889,0.9863829129119368,0.10802105239844795,True
logistic_regression,2000,4,9,0.9279538904899135,81,0.41286744576156464,1.0,True,0.5871325542384354,ok,5.551115123125783e-17,0.24478882969828755,1.0,0.7552111703017125,True,0.264,0.861797394725865,0.9796551606775783,0.11785776595171327,True
logistic_regression,2000,4,10,0.9279538904899135,81,0.40823250563999885,1.0,True,0.5917674943600011,ok,0.0,0.24430130084426713,1.0,0.7556986991557328,True,0.26349999999999996,0.8457138312847053,0.9723316394755961,0.12661780819089075,True
logistic_regression,2000,4,11,0.9279538904899135,81,0.4215408460043571,1.0,True,0.578459153995643,ok,0.0,0.24527639051286326,1.0,0.7547236094871368,True,0.26449999999999996,0.8300153432950901,0.9645461246675792,0.13453078137248908,True
logistic_regression,2000,4,12,0.9279538904899135,81,0.4371701068483338,1.0,True,0.5628298931516662,ok,1.1102230246251565e-16,0.25894084124505695,1.0,0.7410591587549431,True,0.27849999999999997,0.8300153432950901,0.9645461246675792,0.13453078137248908,True
logistic_regression,2000,4,13,0.9279538904899135,81,0.4030809044013984,1.0,True,0.5969190955986017,ok,5.551115123125783e-17,0.24381380400922767,1.0,0.7561861959907723,True,0.263,0.861797394725865,0.9796551606775783,0.11785776595171327,True
logistic_regression,2000,4,14,0.9279538904899135,81,0.4017934287129017,1.0,True,0.5982065712870983,ok,0.0,0.24235150620679705,1.0,0.757648493793203,True,0.26149999999999995,0.9136371320541119,0.9969956484842672,0.08335851643015535,True
logistic_regression,2000,4,15,0.9279538904899135,81,0.4241932797513837,1.0,True,0.5758067202486163,ok,5.551115123125783e-17,0.24381380400922767,1.0,0.7561861959907723,True,0.263,0.861797394725865,0.9796551606775783,0.11785776595171327,True
logistic_regression,2000,4,16,0.9279538904899135,81,0.3963332623696523,1.0,True,0.6036667376303477,ok,8.673617379884035e-19,0.2408894987077565,1.0,0.7591105012922434,True,0.26,0.8457138312847053,0.9723316394755961,0.12661780819089075,True
logistic_regression,2000,4,17,0.9279538904899135,81,0.4436328069573926,1.0,True,0.5563671930426074,ok,0.0,0.25894084124505695,1.0,0.7410591587549431,True,0.27849999999999997,0.861797394725865,0.9796551606775783,0.11785776595171327,True
logistic_regression,2000,4,18,0.9279538904899135,81,0.40718032011922295,1.0,True,0.592819679880777,ok,5.551115123125783e-17,0.2394277831394048,1.0,0.7605722168605952,True,0.25849999999999995,0.8146359499036876,0.9563870727079142,0.14175112280422664,True
logistic_regression,2000,4,19,0.9279538904899135,81,0.4202495981005412,1.0,True,0.5797504018994588,ok,0.0,0.2569872914488409,1.0,0.7430127085511591,True,0.27649999999999997,0.8146359499036876,0.9563870727079142,0.14175112280422664,True
logistic_regression,2000,4,20,0.9279538904899135,81,0.465415382220883,1.0,True,0.5345846177791169,ok,1.3322676295501878e-15,0.2569872914488409,1.0,0.7430127085511591,True,0.27649999999999997,0.861797394725865,0.9796551606775783,0.11785776595171327,True
logistic_regression,2000,4,21,0.9279538904899135,81,0.481331054002358,1.0,True,0.518668945997642,ok,1.3322676295501878e-15,0.26675987128202533,1.0,0.7332401287179746,True,0.2865,0.8783618605134889,0.9863829129119368,0.10802105239844795,True
logistic_regression,2000,4,22,0.9279538904899135,81,0.42662177334896095,1.0,True,0.573378226651039,ok,1.1102230246251565e-16,0.24381380400922767,1.0,0.7561861959907723,True,0.263,0.8783618605134889,0.9863829129119368,0.10802105239844795,True
logistic_regression,2000,4,23,0.9279538904899135,81,0.44854379622060264,1.0,True,0.5514562037793973,ok,1.1102230246251565e-15,0.24381380400922767,1.0,0.7561861959907723,True,0.263,0.8783618605134889,0.9863829129119368,0.10802105239844795,True
logistic_regression,2000,4,24,0.9279538904899135,81,0.4355183664631993,1.0,True,0.5644816335368007,ok,5.551115123125783e-17,0.2408894987077565,1.0,0.7591105012922434,True,0.26,0.8955562875743209,0.9922959627311266,0.0967396751568057,True
logistic_regression,2000,4,25,0.9279538904899135,81,0.48814006108944125,1.0,True,0.5118599389105587,ok,2.220446049250313e-15,0.26187207664212636,1.0,0.7381279233578737,True,0.2815,0.8783618605134889,0.9863829129119368,0.10802105239844795,True
logistic_regression,2000,4,26,0.9279538904899135,81,0.45083931434962937,1.0,True,0.5491606856503706,ok,2.220446049250313e-16,0.25356975913839724,1.0,0.7464302408616028,True,0.273,0.7995278996869488,0.947916478427844,0.14838857874089517,True
logistic_regression,2000,4,27,0.9279538904899135,81,0.44018046738659045,1.0,True,0.5598195326134096,ok,8.881784197001252e-16,0.24576398322986914,1.0,0.7542360167701309,True,0.265,0.8783618605134889,0.9863829129119368,0.10802105239844795,True
logistic_regression,2000,4,28,0.9279538904899135,81,0.41680125890812114,1.0,True,0.5831987410918789,ok,0.0,0.2408894987077565,1.0,0.7591105012922434,True,0.26,0.8146359499036876,0.9563870727079142,0.14175112280422664,True
logistic_regression,2000,4,29,0.9279538904899135,81,0.42757475998398353,1.0,True,0.5724252400160165,ok,0.0,0.2550342311445096,1.0,0.7449657688554904,True,0.27449999999999997,0.861797394725865,0.9796551606775783,0.11785776595171327,True
logistic_regression,2000,4,30,0.9279538904899135,81,0.3871223962795132,1.0,True,0.6128776037204868,ok,2.7755575615628914e-17,0.23504440467839646,1.0,0.7649555953216035,True,0.254,0.7995278996869488,0.947916478427844,0.14838857874089517,True
logistic_regression,2000,4,31,0.9279538904899135,81,0.4793008512218261,1.0,True,0.5206991487781739,ok,1.1102230246251565e-15,0.2638268360843868,1.0,0.7361731639156133,True,0.2835,0.9554797375436782,1.0,0.04452026245632179,False
logistic_regression,2000,4,32,0.9279538904899135,81,0.41993432182661433,1.0,True,0.5800656781733857,ok,0.0,0.2530816636494501,1.0,0.7469183363505498,True,0.27249999999999996,0.861797394725865,0.9796551606775783,0.11785776595171327,True
logistic_regression,2000,4,33,0.9279538904899135,81,0.40643700280137396,1.0,True,0.593562997198626,ok,5.551115123125783e-17,0.24381380400922767,1.0,0.7561861959907723,True,0.263,0.9331243790677892,0.9996874833128462,0.06656310424505696,False
logistic_regression,2000,4,34,0.9279538904899135,81,0.4120623847170162,1.0,True,0.5879376152829838,ok,3.3306690738754696e-16,0.24430130084426713,1.0,0.7556986991557328,True,0.26349999999999996,0.8457138312847053,0.9723316394755961,0.12661780819089075,True
logistic_regression,2000,4,35,0.9279538904899135,81,0.4413409204485559,1.0,True,0.5586590795514441,ok,2.6645352591003757e-15,0.25210556576053933,1.0,0.7478944342394607,True,0.27149999999999996,0.8457138312847053,0.9723316394755961,0.12661780819089075,True
logistic_regression,2000,4,36,0.9279538904899135,81,0.435871132889465,1.0,True,0.564128867110535,ok,5.551115123125783e-17,0.2584524080850592,1.0,0.7415475919149408,True,0.278,0.8457138312847053,0.9723316394755961,0.12661780819089075,True
logistic_regression,2000,4,37,0.9279538904899135,81,0.42245998556502995,1.0,True,0.57754001443497,ok,0.0,0.2530816636494501,1.0,0.7469183363505498,True,0.27249999999999996,0.8300153432950901,0.9645461246675792,0.13453078137248908,True
logistic_regression,2000,4,38,0.9279538904899135,81,0.4294200739986931,1.0,True,0.5705799260013069,ok,0.0,0.25454604293881566,1.0,0.7454539570611843,True,0.274,0.861797394725865,0.9796551606775783,0.11785776595171327,True
logistic_regression,2000,4,39,0.9279538904899135,81,0.4601656058155495,1.0,True,0.5398343941844506,ok,2.220446049250313e-16,0.24771467197010166,1.0,0.7522853280298983,True,0.267,0.8146359499036876,0.9563870727079142,0.14175112280422664,True
logistic_regression,2000,4,40,0.9279538904899135,81,0.42757475998398353,1.0,True,0.5724252400160165,ok,5.551115123125783e-17,0.24478882969828755,1.0,0.7552111703017125,True,0.264,0.8457138312847053,0.9723316394755961,0.12661780819089075,True
logistic_regression,2000,4,41,0.9279538904899135,81,0.5164569398946243,1.0,True,0.48354306010537573,ok,1.5543122344752192e-15,0.268226789335274,1.0,0.731773210664726,True,0.28800000000000003,0.8955562875743209,0.9922959627311266,0.0967396751568057,True
logistic_regression,2000,4,42,0.9279538904899135,81,0.41128686828819094,1.0,True,0.5887131317118091,ok,0.0,0.25015374384795874,1.0,0.7498462561520413,True,0.26949999999999996,0.8300153432950901,0.9645461246675792,0.13453078137248908,True
logistic_regression,2000,4,43,0.9279538904899135,81,0.4511221704183853,1.0,True,0.5488778295816147,ok,2.7755575615628914e-17,0.2550342311445096,1.0,0.7449657688554904,True,0.27449999999999997,0.8300153432950901,0.9645461246675792,0.13453078137248908,True
logistic_regression,2000,4,44,0.9279538904899135,81,0.5069264641884189,1.0,True,0.4930735358115811,ok,5.995204332975845e-15,0.28144084704753314,1.0,0.7185591529524669,True,0.3015,0.8783618605134889,0.9863829129119368,0.10802105239844795,True
logistic_regression,2000,4,45,0.9279538904899135,81,0.4702770353376507,1.0,True,0.5297229646623494,ok,3.774758283725532e-15,0.26236072148541234,1.0,0.7376392785145877,True,0.28200000000000003,0.8783618605134889,0.9863829129119368,0.10802105239844795,True
logistic_regression,2000,4,46,0.9279538904899135,81,0.4245336586241871,1.0,True,0.5754663413758129,ok,0.0,0.25356975913839724,1.0,0.7464302408616028,True,0.273,0.7995278996869488,0.947916478427844,0.14838857874089517,True
logistic_regression,2000,4,47,0.9279538904899135,81,0.4312651048893303,1.0,True,0.5687348951106697,ok,0.0,0.2628493963724719,1.0,0.7371506036275282,True,0.2825,0.8955562875743209,0.9922959627311266,0.0967396751568057,True
logistic_regression,2000,4,48,0.9279538904899135,81,0.44505739560220464,1.0,True,0.5549426043977954,ok,0.0,0.25259359917231006,1.0,0.7474064008276899,True,0.272,0.8955562875743209,0.9922959627311266,0.0967396751568057,True
logistic_regression,2000,4,49,0.9279538904899135,81,0.41602966933119295,1.0,True,0.5839703306688071,ok,1.1102230246251565e-16,0.24771467197010166,1.0,0.7522853280298983,True,0.267,0.7699903684379342,0.9302113140128173,0.1602209455748831,True
logistic_regression,2000,4,50,0.9279538904899135,81,0.4327778210749705,1.0,True,0.5672221789250296,ok,0.0,0.2569872914488409,1.0,0.7430127085511591,True,0.27649999999999997,0.8457138312847053,0.9723316394755961,0.12661780819089075,True
logistic_regression,2000,4,51,0.9279538904899135,81,0.424111641436383,1.0,True,0.575888358563617,ok,0.0,0.2467392641401617,1.0,0.7532607358598383,True,0.266,0.7846553019524447,0.9391797507486828,0.15452444879623806,True
logistic_regression,2000,4,52,0.9279538904899135,81,0.44741291830819335,1.0,True,0.5525870816918066,ok,8.881784197001252e-16,0.249178020696674,1.0,0.750821979303326,True,0.26849999999999996,0.8955562875743209,0.9922959627311266,0.0967396751568057,True
logistic_regression,2000,4,53,0.9279538904899135,81,0.46780026316046736,1.0,True,0.5321997368395326,ok,3.552713678800501e-15,0.2584524080850592,1.0,0.7415475919149408,True,0.278,0.8783618605134889,0.9863829129119368,0.10802105239844795,True
logistic_regression,2000,4,54,0.9279538904899135,81,0.42097368327348605,1.0,True,0.579026316726514,ok,2.7755575615628914e-17,0.238940609775046,1.0,0.7610593902249541,True,0.258,0.8457138312847053,0.9723316394755961,0.12661780819089075,True
logistic_regression,2000,4,55,0.9279538904899135,81,0.45257386140779754,1.0,True,0.5474261385922025,ok,8.881784197001252e-16,0.2530816636494501,1.0,0.7469183363505498,True,0.27249999999999996,0.7995278996869488,0.947916478427844,0.14838857874089517,True
logistic_regression,2000,4,56,0.9279538904899135,81,0.437572428575208,1.0,True,0.5624275714247919,ok,0.0,0.2550342311445096,1.0,0.7449657688554904,True,0.27449999999999997,0.8783618605134889,0.9863829129119368,0.10802105239844795,True
logistic_regression,2000,4,57,0.9279538904899135,81,0.46070449867545776,1.0,True,0.5392955013245422,ok,8.881784197001252e-16,0.2530816636494501,1.0,0.7469183363505498,True,0.27249999999999996,0.8300153432950901,0.9645461246675792,0.13453078137248908,True
logistic_regression,2000,4,58,0.9279538904899135,81,0.42889323466588536,1.0,True,0.5711067653341146,ok,0.0,0.24722695221868338,1.0,0.7527730477813166,True,0.26649999999999996,0.8955562875743209,0.9922959627311266,0.0967396751568057,True
logistic_regression,2000,4,59,0.9279538904899135,81,0.45979451141935795,1.0,True,0.540205488580642,ok,1.1102230246251565e-16,0.27165062774682436,1.0,0.7283493722531756,True,0.2915,0.7846553019524447,0.9391797507486828,0.15452444879623806,True
logistic_regression,2000,4,60,0.9279538904899135,81,0.4535130581176413,1.0,True,0.5464869418823587,ok,4.440892098500626e-16,0.249178020696674,1.0,0.750821979303326,True,0.26849999999999996,0.8783618605134889,0.9863829129119368,0.10802105239844795,True
logistic_regression,2000,4,61,0.9279538904899135,81,0.473517874514949,1.0,True,0.526482125485051,ok,6.661338147750939e-16,0.2633381012548637,1.0,0.7366618987451363,True,0.28300000000000003,0.8783618605134889,0.9863829129119368,0.10802105239844795,True
logistic_regression,2000,4,62,0.9279538904899135,81,0.46267935447300435,1.0,True,0.5373206455269957,ok,8.881784197001252e-16,0.260894877281853,1.0,0.739105122718147,True,0.28049999999999997,0.9331243790677892,0.9996874833128462,0.06656310424505696,False
logistic_regression,2000,4,63,0.9279538904899135,81,0.42623778958019765,1.0,True,0.5737622104198024,ok,0.0,0.24527639051286326,1.0,0.7547236094871368,True,0.26449999999999996,0.8955562875743209,0.9922959627311266,0.0967396751568057,True
logistic_regression,2000,4,64,0.9279538904899135,81,0.44904264863150806,1.0,True,0.550957351368492,ok,2.220446049250313e-16,0.2633381012548637,1.0,0.7366618987451363,True,0.28300000000000003,0.8146359499036876,0.9563870727079142,0.14175112280422664,True
logistic_regression,2000,4,65,0.9279538904899135,81,0.478282734613151,1.0,True,0.5217172653868489,ok,6.661338147750939e-16,0.26675987128202533,1.0,0.7332401287179746,True,0.2865,0.9136371320541119,0.9969956484842672,0.08335851643015535,True
logistic_regression,2000,4,66,0.9279538904899135,81,0.4161973331392646,1.0,True,0.5838026668607355,ok,0.0,0.239914989123947,1.0,0.7600850108760531,True,0.259,0.8783618605134889,0.9863829129119368,0.10802105239844795,True
logistic_regression,2000,4,67,0.9279538904899135,81,0.5067549009642031,1.0,True,0.49324509903579694,ok,8.881784197001252e-16,0.27165062774682436,1.0,0.7283493722531756,True,0.2915,0.8146359499036876,0.9563870727079142,0.14175112280422664,True
logistic_regression,2000,4,68,0.9279538904899135,81,0.43676449934983863,1.0,True,0.5632355006501614,ok,0.0,0.2579640053652005,1.0,0.7420359946347995,True,0.27749999999999997,0.8457138312847053,0.9723316394755961,0.12661780819089075,True
logistic_regression,2000,4,69,0.9279538904899135,81,0.4565049328755788,1.0,True,0.5434950671244212,ok,5.551115123125783e-17,0.2560106999044201,1.0,0.74398930009558,True,0.27549999999999997,0.8955562875743209,0.9922959627311266,0.0967396751568057,True
logistic_regression,2000,4,70,0.9279538904899135,81,0.38462981847007494,1.0,True,0.6153701815299251,ok,0.0,0.23407068401253697,1.0,0.765929315987463,True,0.253,0.8955562875743209,0.9922959627311266,0.0967396751568057,True
logistic_regression,2000,4,71,0.9279538904899135,81,0.42700700733098584,1.0,True,0.5729929926690142,ok,2.7755575615628914e-17,0.25991779868404996,1.0,0.74008220131595,True,0.27949999999999997,0.8457138312847053,0.9723316394755961,0.12661780819089075,True
logistic_regression,2000,4,72,0.9279538904899135,81,0.38631639999895545,1.0,True,0.6136836000010446,ok,0.0,0.239914989123947,1.0,0.7600850108760531,True,0.259,0.8300153432950901,0.9645461246675792,0.13453078137248908,True
logistic_regression,2000,4,73,0.9279538904899135,81,0.43155207587691236,1.0,True,0.5684479241230876,ok,2.7755575615628914e-17,0.24820242333776582,1.0,0.7517975766622342,True,0.26749999999999996,0.8300153432950901,0.9645461246675792,0.13453078137248908,True
logistic_regression,2000,4,74,0.9279538904899135,81,0.4524636929401294,1.0,True,0.5475363070598707,ok,0.0,0.2643156008130798,1.0,0.7356843991869202,True,0.28400000000000003,0.9136371320541119,0.9969956484842672,0.08335851643015535,True
logistic_regression,2000,4,75,0.9279538904899135,81,0.4529893032704465,1.0,True,0.5470106967295535,ok,1.9984014443252818e-15,0.24820242333776582,1.0,0.7517975766622342,True,0.26749999999999996,0.861797394725865,0.9796551606775783,0.11785776595171327,True
logistic_regression,2000,4,76,0.9279538904899135,81,0.4064011392598044,1.0,True,0.5935988607401956,ok,0.0,0.23650523443243848,1.0,0.7634947655675615,True,0.25549999999999995,0.861797394725865,0.9796551606775783,0.11785776595171327,True
logistic_regression,2000,4,77,0.9279538904899135,81,0.45571759981082993,1.0,True,0.5442824001891701,ok,0.0,0.2657820739181256,1.0,0.7342179260818744,True,0.2855,0.861797394725865,0.9796551606775783,0.11785776595171327,True
logistic_regression,2000,4,78,0.9279538904899135,81,0.4621916893058833,1.0,True,0.5378083106941167,ok,6.661338147750939e-16,0.25356975913839724,1.0,0.7464302408616028,True,0.273,0.8146359499036876,0.9563870727079142,0.14175112280422664,True
logistic_regression,2000,4,79,0.9279538904899135,81,0.4511582239391334,1.0,True,0.5488417760608666,ok,1.9984014443252818e-15,0.25064165245715914,1.0,0.7493583475428409,True,0.27,0.8955562875743209,0.9922959627311266,0.0967396751568057,True
logistic_regression,2000,4,80,0.9279538904899135,81,0.4463908757848888,1.0,True,0.5536091242151112,ok,6.071532165918825e-18,0.2408894987077565,1.0,0.7591105012922434,True,0.26,0.9136371320541119,0.9969956484842672,0.08335851643015535,True
logistic_regression,2000,4,81,0.9279538904899135,81,0.45033319463602606,1.0,True,0.5496668053639739,ok,0.0,0.26236072148541234,1.0,0.7376392785145877,True,0.28200000000000003,0.7846553019524447,0.9391797507486828,0.15452444879623806,True
logistic_regression,2000,4,82,0.9279538904899135,81,0.4182699194565492,1.0,True,0.5817300805434509,ok,0.0,0.24235150620679705,1.0,0.757648493793203,True,0.26149999999999995,0.8783618605134889,0.9863829129119368,0.10802105239844795,True
logistic_regression,2000,4,83,0.9279538904899135,81,0.41108358979323856,1.0,True,0.5889164102067614,ok,2.220446049250313e-16,0.25064165245715914,1.0,0.7493583475428409,True,0.27,0.7995278996869488,0.947916478427844,0.14838857874089517,True
logistic_regression,2000,4,84,0.9279538904899135,81,0.45313322725694993,1.0,True,0.5468667727430501,ok,3.885780586188048e-16,0.25894084124505695,1.0,0.7410591587549431,True,0.27849999999999997,0.8783618605134889,0.9863829129119368,0.10802105239844795,True
logistic_regression,2000,4,85,0.9279538904899135,81,0.4619682280868041,1.0,True,0.538031771913196,ok,4.218847493575595e-15,0.26236072148541234,1.0,0.7376392785145877,True,0.28200000000000003,0.8300153432950901,0.9645461246675792,0.13453078137248908,True
logistic_regression,2000,4,86,0.9279538904899135,81,0.40333538240122074,1.0,True,0.5966646175987793,ok,0.0,0.231636966580099,1.0,0.768363033419901,True,0.25049999999999994,0.8300153432950901,0.9645461246675792,0.13453078137248908,True
logistic_regression,2000,4,87,0.9279538904899135,81,0.4057896667729404,1.0,True,0.5942103332270596,ok,2.220446049250313e-16,0.25894084124505695,1.0,0.7410591587549431,True,0.27849999999999997,0.8783618605134889,0.9863829129119368,0.10802105239844795,True
logistic_regression,2000,4,88,0.9279538904899135,81,0.4242110175896131,1.0,True,0.5757889824103869,ok,0.0,0.2467392641401617,1.0,0.7532607358598383,True,0.266,0.8457138312847053,0.9723316394755961,0.12661780819089075,True
logistic_regression,2000,4,89,0.9279538904899135,81,0.3996961011072327,1.0,True,0.6003038988927674,ok,2.7755575615628914e-17,0.23650523443243848,1.0,0.7634947655675615,True,0.25549999999999995,0.8955562875743209,0.9922959627311266,0.0967396751568057,True
logistic_regression,2000,4,90,0.9279538904899135,81,0.4493609794951215,1.0,True,0.5506390205048786,ok,8.881784197001252e-16,0.2462516077914786,1.0,0.7537483922085214,True,0.26549999999999996,0.8955562875743209,0.9922959627311266,0.0967396751568057,True
logistic_regression,2000,4,91,0.9279538904899135,81,0.43502241854823975,1.0,True,0.5649775814517602,ok,2.220446049250313e-16,0.2408894987077565,1.0,0.7591105012922434,True,0.26,0.8783618605134889,0.9863829129119368,0.10802105239844795,True
logistic_regression,2000,4,92,0.9279538904899135,81,0.48325554577446905,1.0,True,0.516744454225531,ok,1.1102230246251565e-15,0.25356975913839724,1.0,0.7464302408616028,True,0.273,0.861797394725865,0.9796551606775783,0.11785776595171327,True
logistic_regression,2000,4,93,0.9279538904899135,81,0.4349867918643189,1.0,True,0.5650132081356811,ok,1.1102230246251565e-16,0.2486902062653145,1.0,0.7513097937346855,True,0.268,0.8300153432950901,0.9645461246675792,0.13453078137248908,True
logistic_regression,2000,4,94,0.9279538904899135,81,0.3939749045772266,1.0,True,0.6060250954227734,ok,0.0,0.24040222766713634,1.0,0.7595977723328636,True,0.25949999999999995,0.8955562875743209,0.9922959627311266,0.0967396751568057,True
logistic_regression,2000,4,95,0.9279538904899135,81,0.44325801472795767,1.0,True,0.5567419852720423,ok,1.5543122344752192e-15,0.2540578855858598,1.0,0.7459421144141403,True,0.27349999999999997,0.861797394725865,0.9796551606775783,0.11785776595171327,True
logistic_regression,2000,4,96,0.9279538904899135,81,0.4604967586178046,1.0,True,0.5395032413821954,ok,0.0,0.26236072148541234,1.0,0.7376392785145877,True,0.28200000000000003,0.7995278996869488,0.947916478427844,0.14838857874089517,True
logistic_regression,2000,4,97,0.9279538904899135,81,0.45015854407201233,1.0,True,0.5498414559279876,ok,1.9984014443252818e-15,0.2486902062653145,1.0,0.7513097937346855,True,0.268,0.8300153432950901,0.9645461246675792,0.13453078137248908,True
logistic_regression,2000,4,98,0.9279538904899135,81,0.44930360092394406,1.0,True,0.5506963990760559,ok,6.661338147750939e-16,0.24186413803801216,1.0,0.7581358619619878,True,0.261,0.8146359499036876,0.9563870727079142,0.14175112280422664,True
logistic_regression,2000,4,99,0.9279538904899135,81,0.462784257530628,1.0,True,0.537215742469372,ok,2.220446049250313e-16,0.2574756331361522,1.0,0.7425243668638478,True,0.277,0.7846553019524447,0.9391797507486828,0.15452444879623806,True
logistic_regression,2000,16,0,0.9279538904899135,326,0.7289792097007175,1.0,True,0.2710207902992825,ok,3.835390338657874e-12,0.6028570299482896,1.0,0.3971429700517104,True,0.6245,0.906838225606046,0.9621268889984232,0.05528866339237726,True
logistic_regression,2000,16,1,0.9279538904899135,326,0.721196968705603,1.0,True,0.278803031294397,ok,1.8646281133710696e-11,0.5902422169338681,1.0,0.40975778306613186,True,0.612,0.8960158509765411,0.9547532888965655,0.05873743792002439,True
logistic_regression,2000,16,2,0.9279538904899135,326,0.7305052697348697,1.0,True,0.26949473026513027,ok,1.720569086510748e-11,0.5826804368422094,1.0,0.4173195631577906,True,0.6045,0.914138636688931,0.9669516152393279,0.052812978550396905,True
logistic_regression,2000,16,3,0.9279538904899135,326,0.6918403002013837,1.0,True,0.30815969979861635,ok,2.1173692139886402e-11,0.5766348052174013,1.0,0.4233651947825987,True,0.5985,0.9032147796825405,0.9596859864822579,0.0564712067997174,True
logistic_regression,2000,16,4,0.9279538904899135,326,0.695926882723559,1.0,True,0.30407311727644104,ok,4.291681593437957e-12,0.5635473746049755,1.0,0.4364526253950245,True,0.5855,0.8996076507419112,0.9572277549859918,0.057620104244080594,True
logistic_regression,2000,16,5,0.9279538904899135,326,0.739063128823917,1.0,True,0.260936871176083,ok,1.2212453270876722e-15,0.5922595874122221,1.0,0.40774041258777793,True,0.614,0.9252444732725287,0.9740218851491749,0.04877741187664619,True
logistic_regression,2000,16,6,0.9279538904899135,326,0.7111651633995802,1.0,True,0.28883483660041975,ok,6.661338147750939e-16,0.5998281131397264,1.0,0.4001718868602736,True,0.6214999999999999,0.914138636688931,0.9669516152393279,0.052812978550396905,True
logistic_regression,2000,16,7,0.9279538904899135,326,0.7169449095315766,1.0,True,0.28305509046842336,ok,4.440892098500626e-16,0.5942773371004145,1.0,0.4057226628995855,True,0.616,0.8924384944489825,0.9522635655692769,0.05982507112029445,True
logistic_regression,2000,16,8,0.9279538904899135,326,0.7385007616772921,1.0,True,0.26149923832270794,ok,2.3717364877606784e-12,0.5816725983373716,1.0,0.4183274016626284,True,0.6034999999999999,0.878258617800651,0.9421684156597419,0.0639097978590909,True
logistic_regression,2000,16,9,0.9279538904899135,326,0.7229125739193071,1.0,True,0.2770874260806929,ok,4.293797956078649e-12,0.5852004427599967,1.0,0.4147995572400033,True,0.607,0.9178182634782907,0.9693324523939885,0.05151418891569781,True
logistic_regression,2000,16,10,0.9279538904899135,326,0.7393831443670508,1.0,True,0.26061685563294923,ok,1.539322315446956e-11,0.5741167801826481,1.0,0.4258832198173519,True,0.596,0.906838225606046,0.9621268889984232,0.05528866339237726,True
logistic_regression,2000,16,11,0.9279538904899135,326,0.719291228444552,1.0,True,0.28070877155544804,ok,1.2702927685431797e-11,0.5811687141371457,1.0,0.41883128586285434,True,0.603,0.9032147796825405,0.9596859864822579,0.0564712067997174,True
logistic_regression,2000,16,12,0.9279538904899135,326,0.7551067551787619,1.0,True,0.2448932448212381,ok,1.498142842421002e-11,0.5927639892406691,1.0,0.4072360107593309,True,0.6145,0.8996076507419112,0.9572277549859918,0.057620104244080594,True
logistic_regression,2000,16,13,0.9279538904899135,326,0.7452826158521891,1.0,True,0.25471738414781087,ok,3.3306690738754696e-16,0.587216869881289,1.0,0.41278313011871104,True,0.609,0.8853239940525197,0.9472417696021022,0.06191777554958244,True
logistic_regression,2000,16,14,0.9279538904899135,326,0.715338190800848,1.0,True,0.28466180919915196,ok,3.9170736966520625e-12,0.5852004427599967,1.0,0.4147995572400033,True,0.607,0.8817854717465068,0.9447112038397995,0.06292573209329266,True
logistic_regression,2000,16,15,0.9279538904899135,326,0.7115951811649869,1.0,True,0.2884048188350131,ok,3.515604474202405e-12,0.5721027768748744,1.0,0.42789722312512557,True,0.594,0.8888747829079524,0.9497594621846462,0.06088467927669383,True
logistic_regression,2000,16,16,0.9279538904899135,326,0.7306693214209181,1.0,True,0.2693306785790819,ok,1.2166807492053344e-11,0.5867127278388959,1.0,0.41328727216110406,True,0.6085,0.8853239940525197,0.9472417696021022,0.06191777554958244,True
logistic_regression,2000,16,17,0.9279538904899135,326,0.7129549757203526,1.0,True,0.2870450242796474,ok,9.638536930395292e-12,0.5781458987230789,1.0,0.42185410127692113,True,0.6,0.9104790954781705,0.9645492304193958,0.054070134941225256,True
logistic_regression,2000,16,18,0.9279538904899135,326,0.7422731837592057,1.0,True,0.2577268162407943,ok,1.1102230246251565e-16,0.5937728640675266,1.0,0.4062271359324734,True,0.6154999999999999,0.878258617800651,0.9421684156597419,0.0639097978590909,True
logistic_regression,2000,16,19,0.9279538904899135,326,0.7002158578559728,1.0,True,0.29978414214402715,ok,1.6458888505571645e-11,0.5700891430387907,1.0,0.42991085696120934,True,0.5920000000000001,0.8504065156428008,0.921448055756082,0.07104154011328123,False
logistic_regression,2000,16,20,0.9279538904899135,326,0.7163469435093893,1.0,True,0.2836530564906107,ok,1.5740553391957457e-11,0.5831843911772172,1.0,0.4168156088227828,True,0.605,0.8996076507419112,0.9572277549859918,0.057620104244080594,True
logistic_regression,2000,16,21,0.9279538904899135,326,0.703414830507308,1.0,True,0.296585169492692,ok,3.6703175221308726e-12,0.5726062430301586,1.0,0.4273937569698414,True,0.5945,0.8573147793847777,0.9266850320123691,0.06937025262759133,False
logistic_regression,2000,16,22,0.9279538904899135,326,0.7040486891638781,1.0,True,0.2959513108361219,ok,2.220446049250313e-16,0.5675726190199935,1.0,0.43242738098000655,True,0.5895,0.906838225606046,0.9621268889984232,0.05528866339237726,True
logistic_regression,2000,16,23,0.9279538904899135,326,0.703269057063382,1.0,True,0.29673094293661795,ok,1.511174432117235e-11,0.5867127278388959,1.0,0.41328727216110406,True,0.6085,0.9178182634782907,0.9693324523939885,0.05151418891569781,True
logistic_regression,2000,16,24,0.9279538904899135,326,0.7294850166799466,1.0,True,0.2705149833200534,ok,1.557658299219944e-11,0.5917552092842706,1.0,0.4082447907157294,True,0.6134999999999999,0.8853239940525197,0.9472417696021022,0.06191777554958244,True
logistic_regression,2000,16,25,0.9279538904899135,326,0.7034255371717331,1.0,True,0.29657446282826694,ok,6.661338147750939e-16,0.5831843911772172,1.0,0.4168156088227828,True,0.605,0.9032147796825405,0.9596859864822579,0.0564712067997174,True
logistic_regression,2000,16,26,0.9279538904899135,326,0.6723838573495703,1.0,True,0.3276161426504297,ok,1.3508662938255256e-11,0.5665661703216234,1.0,0.4334338296783766,True,0.5885,0.8817854717465068,0.9447112038397995,0.06292573209329266,True
logistic_regression,2000,16,27,0.9279538904899135,326,0.7502553529169917,1.0,True,0.24974464708300825,ok,1.4736725294922648e-11,0.6053817893206813,1.0,0.3946182106793187,True,0.627,0.9104790954781705,0.9645492304193958,0.054070134941225256,True
logistic_regression,2000,16,28,0.9279538904899135,326,0.6922531914917118,1.0,True,0.30774680850828817,ok,2.220446049250313e-16,0.5660629804021713,1.0,0.4339370195978287,True,0.5880000000000001,0.8996076507419112,0.9572277549859918,0.057620104244080594,True
logistic_regression,2000,16,29,0.9279538904899135,326,0.720021973951688,1.0,True,0.279978026048312,ok,1.5656822626580746e-11,0.5922595874122221,1.0,0.40774041258777793,True,0.614,0.8888747829079524,0.9497594621846462,0.06088467927669383,True
logistic_regression,2000,16,30,0.9279538904899135,326,0.7315596709323243,1.0,True,0.2684403290676757,ok,4.440892098500626e-16,0.5988186661397115,1.0,0.40118133386028854,True,0.6205,0.9032147796825405,0.9596859864822579,0.0564712067997174,True
logistic_regression,2000,16,31,0.9279538904899135,326,0.7015502848315592,1.0,True,0.29844971516844077,ok,1.164995313759909e-11,0.5756275256529939,1.0,0.4243724743470061,True,0.5974999999999999,0.878258617800651,0.9421684156597419,0.0639097978590909,True
logistic_regression,2000,16,32,0.9279538904899135,326,0.6984150640118455,1.0,True,0.3015849359881545,ok,4.440892098500626e-16,0.5776421776475882,1.0,0.4223578223524118,True,0.5994999999999999,0.8996076507419112,0.9572277549859918,0.057620104244080594,True
logistic_regression,2000,16,33,0.9279538904899135,326,0.7020917495440748,1.0,True,0.29790825045592517,ok,1.3805449405185355e-11,0.5650566693602669,1.0,0.4349433306397331,True,0.587,0.8853239940525197,0.9472417696021022,0.06191777554958244,True
logistic_regression,2000,16,34,0.9279538904899135,326,0.7434370231776172,1.0,True,0.2565629768223828,ok,1.5952390016588103e-11,0.5902422169338681,1.0,0.40975778306613186,True,0.612,0.8817854717465068,0.9447112038397995,0.06292573209329266,True
logistic_regression,2000,16,35,0.9279538904899135,326,0.7063659460815852,1.0,True,0.2936340539184148,ok,1.6518521793462693e-11,0.5710959138265183,1.0,0.42890408617348175,True,0.593,0.9252444732725287,0.9740218851491749,0.04877741187664619,True
logistic_regression,2000,16,36,0.9279538904899135,326,0.7060023478068703,1.0,True,0.2939976521931297,ok,1.2212453270876722e-15,0.587216869881289,1.0,0.41278313011871104,True,0.609,0.8677428146355577,0.9344724061896376,0.06672959155407987,True
logistic_regression,2000,16,37,0.9279538904899135,326,0.7245020864960975,1.0,True,0.2754979135039025,ok,1.3074288613551532e-11,0.5831843911772172,1.0,0.4168156088227828,True,0.605,0.8712377713240468,0.9370484959306837,0.06581072460663695,True
logistic_regression,2000,16,38,0.9279538904899135,326,0.727817897701024,1.0,True,0.272182102298976,ok,1.010018544495006e-11,0.586208609315181,1.0,0.41379139068481896,True,0.608,0.8853239940525197,0.9472417696021022,0.06191777554958244,True
logistic_regression,2000,16,39,0.9279538904899135,326,0.6722664853957173,1.0,True,0.3277335146042827,ok,1.4098944668000657e-11,0.5615353017961269,1.0,0.4384646982038731,True,0.5835,0.9032147796825405,0.9596859864822579,0.0564712067997174,True
logistic_regression,2000,16,40,0.9279538904899135,326,0.762669261802327,1.0,True,0.23733073819767303,ok,1.594365568388656e-11,0.6033619335857601,1.0,0.39663806641423993,True,0.625,0.906838225606046,0.9621268889984232,0.05528866339237726,True
logistic_regression,2000,16,41,0.9279538904899135,326,0.725077850045309,1.0,True,0.274922149954691,ok,1.4633125874213837e-11,0.5846963946968623,1.0,0.4153036053031377,True,0.6065,0.9104790954781705,0.9645492304193958,0.054070134941225256,True
logistic_regression,2000,16,42,0.9279538904899135,326,0.7294793369743572,1.0,True,0.2705206630256428,ok,1.464573167603289e-11,0.5826804368422094,1.0,0.4173195631577906,True,0.6045,0.906838225606046,0.9621268889984232,0.05528866339237726,True
logistic_regression,2000,16,43,0.9279538904899135,326,0.6739695080731717,1.0,True,0.3260304919268283,ok,6.661338147750939e-16,0.5665661703216234,1.0,0.4334338296783766,True,0.5885,0.8960158509765411,0.9547532888965655,0.05873743792002439,True
logistic_regression,2000,16,44,0.9279538904899135,326,0.7029360646965446,1.0,True,0.29706393530345543,ok,2.4424906541753444e-15,0.5831843911772172,1.0,0.4168156088227828,True,0.605,0.9032147796825405,0.9596859864822579,0.0564712067997174,True
logistic_regression,2000,16,45,0.9279538904899135,326,0.725171764738598,1.0,True,0.274828235261402,ok,1.1923298286198314e-11,0.5776421776475882,1.0,0.4223578223524118,True,0.5994999999999999,0.8960158509765411,0.9547532888965655,0.05873743792002439,True
logistic_regression,2000,16,46,0.9279538904899135,326,0.7317714138377165,1.0,True,0.2682285861622835,ok,4.11192954685724e-12,0.5887294372816234,1.0,0.4112705627183766,True,0.6105,0.8677428146355577,0.9344724061896376,0.06672959155407987,True
logistic_regression,2000,16,47,0.9279538904899135,326,0.6923947860288395,1.0,True,0.3076052139711605,ok,1.8464090933284494e-11,0.577138479817148,1.0,0.42286152018285195,True,0.599,0.8924384944489825,0.9522635655692769,0.05982507112029445,True
logistic_regression,2000,16,48,0.9279538904899135,326,0.6882781439580985,1.0,True,0.3117218560419015,ok,1.6383331323532868e-11,0.5695857922096086,1.0,0.4304142077903914,True,0.5915,0.8888747829079524,0.9497594621846462,0.06088467927669383,True
logistic_regression,2000,16,49,0.9279538904899135,326,0.6807352524699396,1.0,True,0.3192647475300604,ok,2.983724378680108e-16,0.5761311538340776,1.0,0.42386884616592235,True,0.598,0.9178182634782907,0.9693324523939885,0.05151418891569781,True
logistic_regression,2000,16,50,0.9279538904899135,326,0.7203519493210834,1.0,True,0.2796480506789166,ok,9.992007221626409e-16,0.585704514294174,1.0,0.41429548570582597,True,0.6074999999999999,0.8960158509765411,0.9547532888965655,0.05873743792002439,True
logistic_regression,2000,16,51,0.9279538904899135,326,0.6810194142957661,1.0,True,0.31898058570423393,ok,1.4951300180560123e-11,0.577138479817148,1.0,0.42286152018285195,True,0.599,0.8888747829079524,0.9497594621846462,0.06088467927669383,True
logistic_regression,2000,16,52,0.9279538904899135,326,0.7342583067369243,1.0,True,0.26574169326307573,ok,3.7576157463359294e-12,0.5998281131397264,1.0,0.4001718868602736,True,0.6214999999999999,0.8817854717465068,0.9447112038397995,0.06292573209329266,True
logistic_regression,2000,16,53,0.9279538904899135,326,0.7004961242913438,1.0,True,0.2995038757086562,ok,2.220446049250313e-16,0.5836883689210315,1.0,0.4163116310789685,True,0.6054999999999999,0.9289950662523951,0.9763258909173316,0.04733082466493643,False
logistic_regression,2000,16,54,0.9279538904899135,326,0.7020792311534987,1.0,True,0.2979207688465013,ok,1.4028795920079107e-11,0.5801610157657607,1.0,0.41983898423423927,True,0.602,0.8924384944489825,0.9522635655692769,0.05982507112029445,True
logistic_regression,2000,16,55,0.9279538904899135,326,0.7219642464214718,1.0,True,0.27803575357852817,ok,4.177845569497407e-12,0.5831843911772172,1.0,0.4168156088227828,True,0.605,0.9032147796825405,0.9596859864822579,0.0564712067997174,True
logistic_regression,2000,16,56,0.9279538904899135,326,0.721849549443857,1.0,True,0.27815045055614296,ok,5.551115123125783e-16,0.5932684147867071,1.0,0.4067315852132929,True,0.615,0.864257588591871,0.931886188425025,0.06762859983315406,True
logistic_regression,2000,16,57,0.9279538904899135,326,0.7119683258495224,1.0,True,0.2880316741504776,ok,1.1102230246251565e-15,0.5816725983373716,1.0,0.4183274016626284,True,0.6034999999999999,0.8853239940525197,0.9472417696021022,0.06191777554958244,True
logistic_regression,2000,16,58,0.9279538904899135,326,0.6969785324372516,1.0,True,0.3030214675627484,ok,1.4577465970444514e-11,0.5670693831900389,1.0,0.43293061680996114,True,0.589,0.8996076507419112,0.9572277549859918,0.057620104244080594,True
logistic_regression,2000,16,59,0.9279538904899135,326,0.6850023807655072,1.0,True,0.31499761923449277,ok,1.6636382809548378e-11,0.5610323406926854,1.0,0.43896765930731463,True,0.583,0.8712377713240468,0.9370484959306837,0.06581072460663695,True
logistic_regression,2000,16,60,0.9279538904899135,326,0.7224461826787754,1.0,True,0.27755381732122464,ok,8.371589012290404e-13,0.5952863544920243,1.0,0.40471364550797573,True,0.617,0.921519590141479,0.9716899144521665,0.050170324310687464,True
logistic_regression,2000,16,61,0.9279538904899135,326,0.7231791635659404,1.0,True,0.27682083643405964,ok,2.0486621947479744e-11,0.5942773371004145,1.0,0.4057226628995855,True,0.616,0.9032147796825405,0.9596859864822579,0.0564712067997174,True
logistic_regression,2000,16,62,0.9279538904899135,326,0.7186717399391491,1.0,True,0.2813282600608509,ok,1.8458717193636787e-11,0.5791534106670793,1.0,0.42084658933292074,True,0.601,0.8747428850257236,0.9396139986271081,0.06487111360138453,True
logistic_regression,2000,16,63,0.9279538904899135,326,0.7222156533807366,1.0,True,0.27778434661926343,ok,1.1102230246251565e-16,0.5912508548398152,1.0,0.4087491451601848,True,0.613,0.8747428850257236,0.9396139986271081,0.06487111360138453,True
logistic_regression,2000,16,64,0.9279538904899135,326,0.7094274744960167,1.0,True,0.29057252550398327,ok,3.434752482434078e-16,0.5836883689210315,1.0,0.4163116310789685,True,0.6054999999999999,0.9178182634782907,0.9693324523939885,0.05151418891569781,True
logistic_regression,2000,16,65,0.9279538904899135,326,0.7271630322580341,1.0,True,0.27283696774196586,ok,9.528593192253965e-13,0.5695857922096086,1.0,0.4304142077903914,True,0.5915,0.9032147796825405,0.9596859864822579,0.0564712067997174,True
logistic_regression,2000,16,66,0.9279538904899135,326,0.7084846422523131,1.0,True,0.2915153577476869,ok,2.3592239273284576e-16,0.5801610157657607,1.0,0.41983898423423927,True,0.602,0.8677428146355577,0.9344724061896376,0.06672959155407987,True
logistic_regression,2000,16,67,0.9279538904899135,326,0.6855347065173948,1.0,True,0.3144652934826052,ok,2.220446049250313e-16,0.5721027768748744,1.0,0.42789722312512557,True,0.594,0.9032147796825405,0.9596859864822579,0.0564712067997174,True
logistic_regression,2000,16,68,0.9279538904899135,326,0.7212026571116088,1.0,True,0.2787973428883912,ok,1.4535446631047666e-11,0.5846963946968623,1.0,0.4153036053031377,True,0.6065,0.8817854717465068,0.9447112038397995,0.06292573209329266,True
logistic_regression,2000,16,69,0.9279538904899135,326,0.6869942703488116,1.0,True,0.31300572965118845,ok,6.661338147750939e-16,0.5776421776475882,1.0,0.4223578223524118,True,0.5994999999999999,0.906838225606046,0.9621268889984232,0.05528866339237726,True
logistic_regression,2000,16,70,0.9279538904899135,326,0.7005016851765261,1.0,True,0.2994983148234739,ok,6.661338147750939e-16,0.5811687141371457,1.0,0.41883128586285434,True,0.603,0.8817854717465068,0.9447112038397995,0.06292573209329266,True
logistic_regression,2000,16,71,0.9279538904899135,326,0.7126640245825883,1.0,True,0.28733597541741174,ok,1.3929508154569836e-11,0.5836883689210315,1.0,0.4163116310789685,True,0.6054999999999999,0.9104790954781705,0.9645492304193958,0.054070134941225256,True
logistic_regression,2000,16,72,0.9279538904899135,326,0.7199108142561862,1.0,True,0.2800891857438138,ok,1.6300259753077029e-12,0.5952863544920243,1.0,0.40471364550797573,True,0.617,0.8817854717465068,0.9447112038397995,0.06292573209329266,True
logistic_regression,2000,16,73,0.9279538904899135,326,0.7127865903974442,1.0,True,0.2872134096025558,ok,4.040552614714699e-12,0.585704514294174,1.0,0.41429548570582597,True,0.6074999999999999,0.878258617800651,0.9421684156597419,0.0639097978590909,True
logistic_regression,2000,16,74,0.9279538904899135,326,0.7356785008325977,1.0,True,0.26432149916740233,ok,1.61997125783242e-11,0.5922595874122221,1.0,0.40774041258777793,True,0.614,0.8888747829079524,0.9497594621846462,0.06088467927669383,True
logistic_regression,2000,16,75,0.9279538904899135,326,0.7270267202381157,1.0,True,0.27297327976188435,ok,2.886579864025407e-15,0.5952863544920243,1.0,0.40471364550797573,True,0.617,0.9327738906269517,0.9785990100173644,0.04582511939041267,False
logistic_regression,2000,16,76,0.9279538904899135,326,0.6998980126914112,1.0,True,0.30010198730858884,ok,1.3301311007490879e-11,0.5736132446704214,1.0,0.4263867553295786,True,0.5954999999999999,0.8677428146355577,0.9344724061896376,0.06672959155407987,True
logistic_regression,2000,16,77,0.9279538904899135,326,0.7182695027916911,1.0,True,0.2817304972083089,ok,1.1102230246251565e-15,0.587216869881289,1.0,0.41278313011871104,True,0.609,0.9104790954781705,0.9645492304193958,0.054070134941225256,True
logistic_regression,2000,16,78,0.9279538904899135,326,0.7273902196298591,1.0,True,0.27260978037014094,ok,1.7345253271877636e-11,0.5841923700890754,1.0,0.41580762991092457,True,0.606,0.8435303452106053,0.9161778763438628,0.0726475311332575,False
logistic_regression,2000,16,79,0.9279538904899135,326,0.6863254038022808,1.0,True,0.3136745961977192,ok,5.010015839690407e-13,0.5801610157657607,1.0,0.41983898423423927,True,0.602,0.8924384944489825,0.9522635655692769,0.05982507112029445,True
logistic_regression,2000,16,80,0.9279538904899135,326,0.6946002588321613,1.0,True,0.30539974116783875,ok,4.440892098500626e-16,0.5751239206600535,1.0,0.42487607933994653,True,0.597,0.8960158509765411,0.9547532888965655,0.05873743792002439,True
logistic_regression,2000,16,81,0.9279538904899135,326,0.6814489718013492,1.0,True,0.3185510281986508,ok,1.0123034788894758e-11,0.5549985838409659,1.0,0.4450014161590341,True,0.577,0.8960158509765411,0.9547532888965655,0.05873743792002439,True
logistic_regression,2000,16,82,0.9279538904899135,326,0.7205065261698955,1.0,True,0.2794934738301045,ok,3.8964317883305455e-12,0.5902422169338681,1.0,0.40975778306613186,True,0.612,0.8888747829079524,0.9497594621846462,0.06088467927669383,True
logistic_regression,2000,16,83,0.9279538904899135,326,0.688281672406117,1.0,True,0.31171832759388296,ok,9.992007221626409e-16,0.5675726190199935,1.0,0.43242738098000655,True,0.5895,0.9104790954781705,0.9645492304193958,0.054070134941225256,True
logistic_regression,2000,16,84,0.9279538904899135,326,0.7013291164348239,1.0,True,0.2986708835651761,ok,9.97745419270557e-12,0.5806648532849334,1.0,0.41933514671506655,True,0.6025,0.9032147796825405,0.9596859864822579,0.0564712067997174,True
logistic_regression,2000,16,85,0.9279538904899135,326,0.712329886798823,1.0,True,0.28767011320117697,ok,1.5318060622021568e-11,0.5761311538340776,1.0,0.42386884616592235,True,0.598,0.9032147796825405,0.9596859864822579,0.0564712067997174,True
logistic_regression,2000,16,86,0.9279538904899135,326,0.7039289016648853,1.0,True,0.2960710983351147,ok,1.636280173855642e-11,0.585704514294174,1.0,0.41429548570582597,True,0.6074999999999999,0.8469645592673475,0.9188169668430818,0.0718524075757343,False
logistic_regression,2000,16,87,0.9279538904899135,326,0.7031732649975928,1.0,True,0.2968267350024072,ok,5.527692886753144e-12,0.5705925169067078,1.0,0.42940748309329224,True,0.5925,0.8747428850257236,0.9396139986271081,0.06487111360138453,True
logistic_regression,2000,16,88,0.9279538904899135,326,0.6919077090944423,1.0,True,0.3080922909055577,ok,6.661338147750939e-16,0.5816725983373716,1.0,0.4183274016626284,True,0.6034999999999999,0.8888747829079524,0.9497594621846462,0.06088467927669383,True
logistic_regression,2000,16,89,0.9279538904899135,326,0.7033087226633613,1.0,True,0.2966912773366387,ok,1.3322676295501878e-15,0.5841923700890754,1.0,0.41580762991092457,True,0.606,0.9104790954781705,0.9645492304193958,0.054070134941225256,True
logistic_regression,2000,16,90,0.9279538904899135,326,0.7216715114043544,1.0,True,0.27832848859564563,ok,1.6539218345573703e-11,0.5968000591576743,1.0,0.4031999408423257,True,0.6185,0.878258617800651,0.9421684156597419,0.0639097978590909,True
logistic_regression,2000,16,91,0.9279538904899135,326,0.7061732254220974,1.0,True,0.2938267745779026,ok,8.909377575971877e-12,0.5650566693602669,1.0,0.4349433306397331,True,0.587,0.9032147796825405,0.9596859864822579,0.0564712067997174,True
logistic_regression,2000,16,92,0.9279538904899135,326,0.6830461838146725,1.0,True,0.3169538161853275,ok,1.0640563950781168e-11,0.5585178771850927,1.0,0.4414821228149073,True,0.5805,0.8960158509765411,0.9547532888965655,0.05873743792002439,True
logistic_regression,2000,16,93,0.9279538904899135,326,0.7157217382419964,1.0,True,0.28427826175800364,ok,5.172053757496187e-12,0.5811687141371457,1.0,0.41883128586285434,True,0.603,0.8853239940525197,0.9472417696021022,0.06191777554958244,True
logistic_regression,2000,16,94,0.9279538904899135,326,0.7220330353480134,1.0,True,0.27796696465198656,ok,1.7926122825723256e-11,0.5710959138265183,1.0,0.42890408617348175,True,0.593,0.9032147796825405,0.9596859864822579,0.0564712067997174,True
logistic_regression,2000,16,95,0.9279538904899135,326,0.7127658449284432,1.0,True,0.2872341550715568,ok,7.771561172376096e-16,0.5826804368422094,1.0,0.4173195631577906,True,0.6045,0.8996076507419112,0.9572277549859918,0.057620104244080594,True
logistic_regression,2000,16,96,0.9279538904899135,326,0.6876653079148612,1.0,True,0.31233469208513875,ok,1.9082899323230595e-11,0.5690824644060869,1.0,0.4309175355939131,True,0.591,0.8817854717465068,0.9447112038397995,0.06292573209329266,True
logistic_regression,2000,16,97,0.9279538904899135,326,0.66182924426464,1.0,True,0.33817075573536004,ok,1.79003496053598e-11,0.5585178771850927,1.0,0.4414821228149073,True,0.5805,0.8607816987606124,0.9292902663384368,0.06850856757782442,True
logistic_regression,2000,16,98,0.9279538904899135,326,0.715579548961168,1.0,True,0.28442045103883196,ok,1.857578153796613e-11,0.5907465240619509,1.0,0.40925347593804906,True,0.6125,0.906838225606046,0.9621268889984232,0.05528866339237726,True
logistic_regression,2000,16,99,0.9279538904899135,326,0.6886875867722325,1.0,True,0.3113124132277675,ok,5.9970778343299e-12,0.5756275256529939,1.0,0.4243724743470061,True,0.5974999999999999,0.936583931260337,0.9808377496213317,0.044253818360994734,False
logistic_regression,2000,64,0,0.9279538904899135,1306,0.8864694464154377,0.968130027455962,True,0.08166058104052432,ok,1.81826775857985e-13,0.8665234832929241,1.0,0.13347651670707594,True,0.8815,0.915971368484623,0.9442252152863826,0.028253846801759575,True
logistic_regression,2000,64,1,0.9279538904899135,1306,0.8847757751816062,0.963478405144387,True,0.07870262996278077,ok,4.932165786897258e-14,0.8665234832929241,1.0,0.13347651670707594,True,0.8815,0.9260188406730478,0.9525075257888579,0.02648868511581004,True
logistic_regression,2000,64,2,0.9279538904899135,1306,0.8968411481352242,0.9785301250636835,True,0.08168897692845933,ok,3.5003944187650404e-13,0.8754615241600792,1.0,0.12453847583992084,True,0.89,0.8993751617095905,0.9302695970415842,0.030894435331993653,True
logistic_regression,2000,64,3,0.9279538904899135,1306,0.888964956959436,0.9697375237530932,True,0.08077256679365719,ok,2.5234224432235663e-12,0.869149795951392,1.0,0.13085020404860803,True,0.884,0.9209855392490542,0.9483760895607486,0.02739055031169435,True
logistic_regression,2000,64,4,0.9279538904899135,1306,0.8844781385522023,0.9669475302677835,True,0.08246939171558121,ok,5.1887522056759394e-12,0.86337456695651,1.0,0.13662543304348995,True,0.8785000000000001,0.9059937228162463,0.9358720301692953,0.029878307353048972,True
logistic_regression,2000,64,5,0.9279538904899135,1306,0.8811947940508007,0.95720877538701,True,0.07601398133620929,ok,2.7119625989335816e-12,0.8670485826263409,1.0,0.13295141737365912,True,0.882,0.9134709023916534,0.942143058953709,0.028672156562055573,True
logistic_regression,2000,64,6,0.9279538904899135,1306,0.8872282268134513,0.9683419780126995,True,0.08111375119924824,ok,6.61415366920437e-14,0.8680990251887973,1.0,0.13190097481120266,True,0.883,0.910974588473283,0.9400566906984651,0.029082102225182038,True
logistic_regression,2000,64,7,0.9279538904899135,1306,0.897795316579442,0.9747011096873828,True,0.07690579310794077,ok,2.1843958205023996e-12,0.8812585086671547,1.0,0.11874149133284528,True,0.8955,0.9201485662975074,0.9476855749170136,0.027537008619506143,True
logistic_regression,2000,64,8,0.9279538904899135,1306,0.9001399730340163,0.981968414692813,True,0.08182844165879677,ok,8.72413252750448e-13,0.8775682353892615,1.0,0.12243176461073846,True,0.892,0.9059937228162463,0.9358720301692953,0.029878307353048972,True
logistic_regression,2000,64,9,0.9279538904899135,1306,0.8959398477844192,0.9753076610327758,True,0.07936781324835662,ok,1.2938400351103496e-12,0.8770414223305403,1.0,0.12295857766945972,True,0.8915,0.9151374069355573,0.9435316429619593,0.02839423602640201,True
logistic_regression,2000,64,10,0.9279538904899135,1306,0.8878259035747896,0.9617556349350993,True,0.07392973136030967,ok,7.62910568052888e-12,0.874935069978108,1.0,0.125064930021892,True,0.8895,0.9093125980707562,0.9386635286830813,0.029350930612325188,True
logistic_regression,2000,64,11,0.9279538904899135,1306,0.8812097993887229,0.9625628841041862,True,0.08135308471546332,ok,2.6391736018815948e-11,0.8623255578273737,1.0,0.13767444217262625,True,0.8775,0.916805812522503,0.944918297933837,0.028112485411333932,True
logistic_regression,2000,64,12,0.9279538904899135,1306,0.897000432779905,0.9776652876609658,True,0.08066485488106079,ok,8.665429485077425e-13,0.8765146998012188,1.0,0.12348530019878123,True,0.891,0.9035088552494076,0.9337740613446116,0.030265206095204,True
logistic_regression,2000,64,13,0.9279538904899135,1306,0.8840618912705923,0.9620695549615491,True,0.0780076636909568,ok,4.692080057822068e-13,0.8686243693172488,1.0,0.13137563068275115,True,0.8835,0.91263834541743,0.9414480616114653,0.028809716194035273,True
logistic_regression,2000,64,14,0.9279538904899135,1306,0.8797559598306394,0.9605735104417276,True,0.0808175506110882,ok,5.19374563244683e-12,0.8607526230700631,1.0,0.13924737692993694,True,0.876,0.9201485662975074,0.9476855749170136,0.027537008619506143,True
logistic_regression,2000,64,15,0.9279538904899135,1306,0.9028850478216595,0.9801838315031702,True,0.07729878368151077,ok,2.2492202544910356e-11,0.883897260270252,1.0,0.11610273972974805,True,0.898,0.9084822498773275,0.9379662918380419,0.029484041960714413,True
logistic_regression,2000,64,16,0.9279538904899135,1306,0.8950785919920738,0.972939668934652,True,0.07786107694257816,ok,1.1169620783846312e-11,0.8775682353892615,1.0,0.12243176461073846,True,0.892,0.9176407465267162,0.9456108832277337,0.027970136701017445,True
logistic_regression,2000,64,17,0.9279538904899135,1306,0.8911839693042518,0.9711485295896705,True,0.07996456028541865,ok,3.7364555893759643e-13,0.8723041145813053,1.0,0.1276958854186947,True,0.887,0.9134709023916534,0.942143058953709,0.028672156562055573,True
logistic_regression,2000,64,18,0.9279538904899135,1306,0.8922143251913384,0.9688329019022579,True,0.07661857671091954,ok,1.6265322422270856e-11,0.8759880672570939,1.0,0.12401193274290612,True,0.8905,0.9076523250912681,0.937268625891846,0.029616300800577866,True
logistic_regression,2000,64,19,0.9279538904899135,1306,0.8963675370337333,0.9740187268884288,True,0.07765118985469555,ok,1.682141925751779e-11,0.8780951395277997,1.0,0.12190486047220028,True,0.8925,0.915971368484623,0.9442252152863826,0.028253846801759575,True
logistic_regression,2000,64,20,0.9279538904899135,1306,0.8967154499401206,0.9796173736851977,True,0.0829019237450771,ok,2.6781715734003342e-11,0.8728301319648243,1.0,0.12716986803517571,True,0.8875,0.9118062429592633,0.9407526032900624,0.028946360330799115,True
logistic_regression,2000,64,21,0.9279538904899135,1306,0.8873669383583972,0.9654024938524028,True,0.07803555549400565,ok,2.0067281170099704e-14,0.8707265755298578,1.0,0.12927342447014223,True,0.8855,0.9143039205988636,0.9428375884286098,0.0285336678297462,True
logistic_regression,2000,64,22,0.9279538904899135,1306,0.881684754104126,0.9608110236712923,True,0.0791262695671664,ok,1.5187621993373313e-11,0.8638991885318795,1.0,0.13610081146812048,True,0.879,0.9118062429592633,0.9407526032900624,0.028946360330799115,True
logistic_regression,2000,64,23,0.9279538904899135,1306,0.8912054172138146,0.9671260226124986,True,0.07592060539868395,ok,4.169165013223619e-13,0.8765146998012188,1.0,0.12348530019878123,True,0.891,0.9134709023916534,0.942143058953709,0.028672156562055573,True
logistic_regression,2000,64,24,0.9279538904899135,1306,0.8884178367496871,0.9668446413535389,True,0.07842680460385176,ok,2.4609786430929148e-11,0.8717781830417212,1.0,0.12822181695827883,True,0.8865,0.9035088552494076,0.9337740613446116,0.030265206095204,True
logistic_regression,2000,64,25,0.9279538904899135,1306,0.8899340205230428,0.9681409465986116,True,0.07820692607556878,ok,1.6383824852361784e-11,0.8712523368536174,1.0,0.12874766314638264,True,0.886,0.9134709023916534,0.942143058953709,0.028672156562055573,True
logistic_regression,2000,64,26,0.9279538904899135,1306,0.8963471613572238,0.9733495420795185,True,0.0770023807222947,ok,1.5176471190869734e-12,0.8796764040218117,1.0,0.12032359597818831,True,0.894,0.9218230428620021,0.9490660650342713,0.02724302217226915,True
logistic_regression,2000,64,27,0.9279538904899135,1306,0.8874550537816197,0.9643650399604639,True,0.07690998617884415,ok,4.588135427141538e-13,0.8717781830417212,1.0,0.12822181695827883,True,0.8865,0.9176407465267162,0.9456108832277337,0.027970136701017445,True
logistic_regression,2000,64,28,0.9279538904899135,1306,0.8796997391839607,0.9567377455738475,True,0.07703800638988678,ok,9.980266613140998e-12,0.86337456695651,1.0,0.13662543304348995,True,0.8785000000000001,0.9093125980707562,0.9386635286830813,0.029350930612325188,True
logistic_regression,2000,64,29,0.9279538904899135,1306,0.8823360798585513,0.9567146601132246,True,0.07437858025467325,ok,8.868183964949594e-13,0.870200898588545,1.0,0.129799101411455,True,0.885,0.9302293568990154,0.955934012459413,0.025704655560397582,False
logistic_regression,2000,64,30,0.9279538904899135,1306,0.9010235614274509,0.975679428246499,True,0.07465586681904812,ok,4.7363848953985155e-12,0.8865384674608993,1.0,0.11346153253910074,True,0.9005,0.9118062429592633,0.9407526032900624,0.028946360330799115,True
logistic_regression,2000,64,31,0.9279538904899135,1306,0.8793295134913119,0.9581165108989738,True,0.07878699740766182,ok,2.608635529810499e-12,0.8628500235256623,1.0,0.1371499764743377,True,0.878,0.9134709023916534,0.942143058953709,0.028672156562055573,True
logistic_regression,2000,64,32,0.9279538904899135,1306,0.8839851935406025,0.9646633674379003,True,0.08067817389729781,ok,3.769629053351764e-11,0.8654735263081651,1.0,0.1345264736918349,True,0.8805000000000001,0.915971368484623,0.9442252152863826,0.028253846801759575,True
logistic_regression,2000,64,33,0.9279538904899135,1306,0.8730448884867423,0.9509480930796481,True,0.07790320459290578,ok,1.3683498778505054e-14,0.8581325825191255,1.0,0.1418674174808745,True,0.8734999999999999,0.915971368484623,0.9442252152863826,0.028253846801759575,True
logistic_regression,2000,64,34,0.9279538904899135,1306,0.8857390233754371,0.9602469193722349,True,0.07450789599679786,ok,3.531017145341764e-11,0.8723041145813053,1.0,0.1276958854186947,True,0.887,0.9143039205988636,0.9428375884286098,0.0285336678297462,True
logistic_regression,2000,64,35,0.9279538904899135,1306,0.9002442606310471,0.9799464702674092,True,0.0797022096363621,ok,2.675651367134435e-11,0.8807310461301026,1.0,0.11926895386989744,True,0.895,0.9226610860014047,0.9497554922197491,0.027094406218344358,True
logistic_regression,2000,64,36,0.9279538904899135,1306,0.8835336026522674,0.9637446782945803,True,0.08021107564231289,ok,1.525130022272947e-11,0.8649486677851135,1.0,0.13505133221488652,True,0.88,0.9084822498773275,0.9379662918380419,0.029484041960714413,True
logistic_regression,2000,64,37,0.9279538904899135,1306,0.8841410979128724,0.9667444062006136,True,0.0826033082877412,ok,1.7086915216069087e-11,0.86337456695651,1.0,0.13662543304348995,True,0.8785000000000001,0.9134709023916534,0.942143058953709,0.028672156562055573,True
logistic_regression,2000,64,38,0.9279538904899135,1306,0.8885477056868166,0.9664777688951054,True,0.07793006320828877,ok,1.1460624116388374e-11,0.8712523368536174,1.0,0.12874766314638264,True,0.886,0.9226610860014047,0.9497554922197491,0.027094406218344358,True
logistic_regression,2000,64,39,0.9279538904899135,1306,0.8887406782727115,0.9680243500645158,True,0.07928367179180429,ok,2.78272960230197e-11,0.8707265755298578,1.0,0.12927342447014223,True,0.8855,0.8993751617095905,0.9302695970415842,0.030894435331993653,True
logistic_regression,2000,64,40,0.9279538904899135,1306,0.8846704118382747,0.9619343602656237,True,0.07726394842734907,ok,2.6087992877066313e-11,0.869149795951392,1.0,0.13085020404860803,True,0.884,0.9101433755824744,0.9393603303729073,0.02921695479043296,True
logistic_regression,2000,64,41,0.9279538904899135,1306,0.8760469268860749,0.9585870702737262,True,0.08254014338765137,ok,5.5816462563029745e-14,0.8549909787887788,1.0,0.14500902121122117,True,0.8705,0.9176407465267162,0.9456108832277337,0.027970136701017445,True
logistic_regression,2000,64,42,0.9279538904899135,1306,0.8839644342576065,0.9613243311228531,True,0.07735989686524658,ok,2.5339383369349378e-12,0.8680990251887973,1.0,0.13190097481120266,True,0.883,0.9193121153974205,0.9469945299556372,0.027682414558216628,True
logistic_regression,2000,64,43,0.9279538904899135,1306,0.8874892469596054,0.9679138146095805,True,0.08042456764997508,ok,2.847305724529292e-13,0.8675737631091831,1.0,0.1324262368908169,True,0.8825000000000001,0.9093125980707562,0.9386635286830813,0.029350930612325188,True
logistic_regression,2000,64,44,0.9279538904899135,1306,0.8952898285720814,0.9699504321324501,True,0.07466060356036874,ok,1.6893750287572118e-11,0.8812585086671547,1.0,0.11874149133284528,True,0.8955,0.9084822498773275,0.9379662918380419,0.029484041960714413,True
logistic_regression,2000,64,45,0.9279538904899135,1306,0.8737347230058683,0.9497829628506143,True,0.07604823984474596,ok,4.716782520119978e-13,0.8607526230700631,1.0,0.13924737692993694,True,0.876,0.9093125980707562,0.9386635286830813,0.029350930612325188,True
logistic_regression,2000,64,46,0.9279538904899135,1306,0.8717273426924032,0.9545363295102829,True,0.08280898681787974,ok,2.479913496777897e-11,0.8513290465060646,1.0,0.14867095349393544,True,0.867,0.9218230428620021,0.9490660650342713,0.02724302217226915,True
logistic_regression,2000,64,47,0.9279538904899135,1306,0.8826330673027358,0.9618321858258009,True,0.07919911852306505,ok,9.11865027930503e-12,0.8644238886679371,1.0,0.13557611133206293,True,0.8795,0.9035088552494076,0.9337740613446116,0.030265206095204,True
logistic_regression,2000,64,48,0.9279538904899135,1306,0.8878857337552433,0.9662427733854185,True,0.07835703963017526,ok,2.4184737545951407e-11,0.8712523368536174,1.0,0.12874766314638264,True,0.886,0.9260188406730478,0.9525075257888579,0.02648868511581004,True
logistic_regression,2000,64,49,0.9279538904899135,1306,0.9029190657600866,0.983600448703314,True,0.08068138294322735,ok,5.46084011343595e-13,0.8817860663196058,1.0,0.11821393368039423,True,0.896,0.910974588473283,0.9400566906984651,0.029082102225182038,True
logistic_regression,2000,64,50,0.9279538904899135,1306,0.892555693779613,0.9747221824464387,True,0.08216648866682574,ok,3.914576995889263e-13,0.8707265755298578,1.0,0.12927342447014223,True,0.8855,0.9176407465267162,0.9456108832277337,0.027970136701017445,True
logistic_regression,2000,64,51,0.9279538904899135,1306,0.8764849493478513,0.9581003721848091,True,0.08161542283695788,ok,7.030452608969284e-13,0.8576087985407558,1.0,0.14239120145924422,True,0.873,0.9018542396698113,0.9323734278091592,0.030519188139347952,True
logistic_regression,2000,64,52,0.9279538904899135,1306,0.9042110080879406,0.9836328393234308,True,0.07942183123549018,ok,5.81801273824567e-12,0.883897260270252,1.0,0.11610273972974805,True,0.898,0.9176407465267162,0.9456108832277337,0.027970136701017445,True
logistic_regression,2000,64,53,0.9279538904899135,1306,0.8966311252708707,0.9791181317839057,True,0.08248700651303498,ok,1.3287808353634745e-11,0.8738824262605689,1.0,0.1261175737394311,True,0.8885,0.90268135454898,0.9330739398963144,0.030392585347334355,True
logistic_regression,2000,64,54,0.9279538904899135,1306,0.9093143971436112,0.989403649794044,True,0.08008925265043287,ok,2.2557622436636393e-11,0.8870670107105181,1.0,0.11293298928948192,True,0.901,0.9118062429592633,0.9407526032900624,0.028946360330799115,True
logistic_regression,2000,64,55,0.9279538904899135,1306,0.8907461778650936,0.9728988103528871,True,0.08215263248779348,ok,7.603084828389228e-13,0.8696753055529414,1.0,0.13032469444705863,True,0.8845,0.900201147965863,0.9309712515617783,0.030770103595915255,True
logistic_regression,2000,64,56,0.9279538904899135,1306,0.8856803978155978,0.9677040024778072,True,0.08202360466220937,ok,1.9777790516428695e-12,0.8649486677851135,1.0,0.13505133221488652,True,0.88,0.9184761781837604,0.9463029632746538,0.027826785090893424,True
logistic_regression,2000,64,57,0.9279538904899135,1306,0.9168726655197562,0.9991576901594049,True,0.08228502463964871,ok,4.51804427203939e-11,0.8907697136197178,1.0,0.1092302863802822,True,0.9045,0.9101433755824744,0.9393603303729073,0.02921695479043296,True
logistic_regression,2000,64,58,0.9279538904899135,1306,0.8926900354894174,0.9709198576715218,True,0.07822982218210439,ok,2.201486215547277e-11,0.8759880672570939,1.0,0.12401193274290612,True,0.8905,0.9068228179463785,0.9365705367489376,0.02974771880255911,True
logistic_regression,2000,64,59,0.9279538904899135,1306,0.9027142732269361,0.9835406870036787,True,0.0808264137767426,ok,3.51159934464107e-11,0.8807310461301026,1.0,0.11926895386989744,True,0.895,0.9143039205988636,0.9428375884286098,0.0285336678297462,True
logistic_regression,2000,64,60,0.9279538904899135,1306,0.904775200348776,0.9827431896231128,True,0.07796798927433679,ok,1.5190571023282473e-11,0.8854816847683062,1.0,0.11451831523169376,True,0.8995,0.9101433755824744,0.9393603303729073,0.02921695479043296,True
logistic_regression,2000,64,61,0.9279538904899135,1306,0.8933795758357377,0.9743046049226461,True,0.08092502908690846,ok,2.939065657514561e-11,0.8728301319648243,1.0,0.12716986803517571,True,0.8875,0.9176407465267162,0.9456108832277337,0.027970136701017445,True
logistic_regression,2000,64,62,0.9279538904899135,1306,0.889911117136147,0.96964838852568,True,0.07973727138953302,ok,9.575673587391975e-15,0.8707265755298578,1.0,0.12927342447014223,True,0.8855,0.915971368484623,0.9442252152863826,0.028253846801759575,True
logistic_regression,2000,64,63,0.9279538904899135,1306,0.8893488962431502,0.9669109498377496,True,0.07756205359459944,ok,2.5923707624997405e-14,0.8723041145813053,1.0,0.1276958854186947,True,0.887,0.9176407465267162,0.9456108832277337,0.027970136701017445,True
logistic_regression,2000,64,64,0.9279538904899135,1306,0.8809217775446967,0.9615700887969426,True,0.08064831125224592,ok,1.3433754109115625e-11,0.8628500235256623,1.0,0.1371499764743377,True,0.878,0.915971368484623,0.9442252152863826,0.028253846801759575,True
logistic_regression,2000,64,65,0.9279538904899135,1306,0.890239785587596,0.9652450320120456,True,0.07500524642444961,ok,2.6645352591003757e-13,0.8754615241600792,1.0,0.12453847583992084,True,0.89,0.9193121153974205,0.9469945299556372,0.027682414558216628,True
logistic_regression,2000,64,66,0.9279538904899135,1306,0.880624444868837,0.9555255259301547,True,0.07490108106131776,ok,1.4560019856446615e-12,0.8675737631091831,1.0,0.1324262368908169,True,0.8825000000000001,0.9068228179463785,0.9365705367489376,0.02974771880255911,True
logistic_regression,2000,64,67,0.9279538904899135,1306,0.8828482214279515,0.9644671158160545,True,0.08161889438810299,ok,2.6556534749033744e-13,0.8638991885318795,1.0,0.13610081146812048,True,0.879,0.9084822498773275,0.9379662918380419,0.029484041960714413,True
logistic_regression,2000,64,68,0.9279538904899135,1306,0.8880349652024243,0.9687092416895547,True,0.08067427648713044,ok,1.0613593337538418e-11,0.8686243693172488,1.0,0.13137563068275115,True,0.8835,0.9118062429592633,0.9407526032900624,0.028946360330799115,True
logistic_regression,2000,64,69,0.9279538904899135,1306,0.8813596933902299,0.9586913165551612,True,0.07733162316493125,ok,1.470908117529035e-11,0.8649486677851135,1.0,0.13505133221488652,True,0.88,0.9059937228162463,0.9358720301692953,0.029878307353048972,True
logistic_regression,2000,64,70,0.9279538904899135,1306,0.8964676658846327,0.9752481892619087,True,0.07878052337727603,ok,9.936218514638995e-13,0.8780951395277997,1.0,0.12190486047220028,True,0.8925,0.928543298214682,0.9545653033171542,0.026022005102472212,False
logistic_regression,2000,64,71,0.9279538904899135,1306,0.8783471346350801,0.9600156166538655,True,0.0816684820187854,ok,6.333891744425557e-12,0.8586564407021521,1.0,0.14134355929784792,True,0.874,0.9209855392490542,0.9483760895607486,0.02739055031169435,True
logistic_regression,2000,64,72,0.9279538904899135,1306,0.8925558947851475,0.973349505617786,True,0.08079361083263847,ok,3.264652437273696e-11,0.8723041145813053,1.0,0.1276958854186947,True,0.887,0.916805812522503,0.944918297933837,0.028112485411333932,True
logistic_regression,2000,64,73,0.9279538904899135,1306,0.899506549449326,0.9736382819258711,True,0.07413173247654514,ok,7.958550485298588e-12,0.8854816847683062,1.0,0.11451831523169376,True,0.8995,0.915971368484623,0.9442252152863826,0.028253846801759575,True
logistic_regression,2000,64,74,0.9279538904899135,1306,0.8999204380903519,0.9782069798206895,True,0.07828654173033756,ok,1.3550272015550036e-12,0.8812585086671547,1.0,0.11874149133284528,True,0.8955,0.9093125980707562,0.9386635286830813,0.029350930612325188,True
logistic_regression,2000,64,75,0.9279538904899135,1306,0.8915492323624434,0.9726158614036936,True,0.08106662904125017,ok,3.2401664684655884e-11,0.870200898588545,1.0,0.129799101411455,True,0.885,0.9093125980707562,0.9386635286830813,0.029350930612325188,True
logistic_regression,2000,64,76,0.9279538904899135,1306,0.8913076158675037,0.9732359779096069,True,0.08192836204210319,ok,2.842837076855176e-12,0.8686243693172488,1.0,0.13137563068275115,True,0.8835,0.9176407465267162,0.9456108832277337,0.027970136701017445,True
logistic_regression,2000,64,77,0.9279538904899135,1306,0.8960141852715664,0.9751515972311091,True,0.07913741195954271,ok,2.0042023596289482e-11,0.8775682353892615,1.0,0.12243176461073846,True,0.892,0.9143039205988636,0.9428375884286098,0.0285336678297462,True
logistic_regression,2000,64,78,0.9279538904899135,1306,0.8976569543079095,0.9813358620904782,True,0.0836789077825687,ok,9.776207621214894e-14,0.8733562356901327,1.0,0.12664376430986735,True,0.888,0.9093125980707562,0.9386635286830813,0.029350930612325188,True
logistic_regression,2000,64,79,0.9279538904899135,1306,0.9032083548367108,0.9802757754346741,True,0.07706742059796334,ok,4.339029135991268e-13,0.8849534439871026,1.0,0.11504655601289737,True,0.899,0.9193121153974205,0.9469945299556372,0.027682414558216628,True
logistic_regression,2000,64,80,0.9279538904899135,1306,0.892956613904923,0.9744083366693308,True,0.08145172276440782,ok,7.437939153476236e-13,0.8717781830417212,1.0,0.12822181695827883,True,0.8865,0.9151374069355573,0.9435316429619593,0.02839423602640201,True
logistic_regression,2000,64,81,0.9279538904899135,1306,0.8851516798001159,0.9625299014788443,True,0.07737822167872843,ok,1.9084345215247822e-11,0.870200898588545,1.0,0.129799101411455,True,0.885,0.9134709023916534,0.942143058953709,0.028672156562055573,True
logistic_regression,2000,64,82,0.9279538904899135,1306,0.8904147467990808,0.9717135406109726,True,0.08129879381189176,ok,1.0573486530773835e-12,0.870200898588545,1.0,0.129799101411455,True,0.885,0.9251785452857147,0.9518203886486278,0.026641843362913087,True
logistic_regression,2000,64,83,0.9279538904899135,1306,0.8974460873357987,0.9781287254116404,True,0.08068263807584175,ok,3.015167976405664e-12,0.8765146998012188,1.0,0.12348530019878123,True,0.891,0.916805812522503,0.944918297933837,0.028112485411333932,True
logistic_regression,2000,64,84,0.9279538904899135,1306,0.8798490284629028,0.9563245108381263,True,0.0764754823752235,ok,2.381275732155075e-12,0.8659984646662365,1.0,0.13400153533376347,True,0.881,0.9176407465267162,0.9456108832277337,0.027970136701017445,True
logistic_regression,2000,64,85,0.9279538904899135,1306,0.9044525986717313,0.9857153206037446,True,0.08126272193201323,ok,1.3050671654468715e-12,0.8817860663196058,1.0,0.11821393368039423,True,0.896,0.9101433755824744,0.9393603303729073,0.02921695479043296,True
logistic_regression,2000,64,86,0.9279538904899135,1306,0.8909761313911739,0.9690723307764376,True,0.07809619938526369,ok,1.9308582510646488e-11,0.8738824262605689,1.0,0.1261175737394311,True,0.8885,0.9201485662975074,0.9476855749170136,0.027537008619506143,True
logistic_regression,2000,64,87,0.9279538904899135,1306,0.878956496047689,0.9555821766915912,True,0.07662568064390218,ok,1.1937950628038152e-12,0.8644238886679371,1.0,0.13557611133206293,True,0.8795,0.896074842106071,0.9274593104857041,0.031384468379633046,False
logistic_regression,2000,64,88,0.9279538904899135,1306,0.8833300704830666,0.9629758665575178,True,0.07964579607445121,ok,1.670424909505641e-11,0.8649486677851135,1.0,0.13505133221488652,True,0.88,0.9084822498773275,0.9379662918380419,0.029484041960714413,True
logistic_regression,2000,64,89,0.9279538904899135,1306,0.8884518079388376,0.965084303534075,True,0.07663249559523744,ok,4.832245714680994e-14,0.8728301319648243,1.0,0.12716986803517571,True,0.8875,0.916805812522503,0.944918297933837,0.028112485411333932,True
logistic_regression,2000,64,90,0.9279538904899135,1306,0.8938492261360336,0.9755081655440586,True,0.08165893940802504,ok,1.3181872260403793e-11,0.8723041145813053,1.0,0.1276958854186947,True,0.887,0.8977242855935853,0.9288651785002667,0.031140892906681428,True
logistic_regression,2000,64,91,0.9279538904899135,1306,0.8831230639596005,0.9632758641580029,True,0.08015280019840243,ok,1.3513634655737405e-12,0.8649486677851135,1.0,0.13505133221488652,True,0.88,0.910974588473283,0.9400566906984651,0.029082102225182038,True
logistic_regression,2000,64,92,0.9279538904899135,1306,0.8770096117596416,0.9548441953831144,True,0.07783458362347273,ok,7.998657292063172e-12,0.8623255578273737,1.0,0.13767444217262625,True,0.8775,0.9134709023916534,0.942143058953709,0.028672156562055573,True
logistic_regression,2000,64,93,0.9279538904899135,1306,0.8782028249006112,0.9561768304865099,True,0.07797400558589873,ok,1.2509410174388336e-11,0.86337456695651,1.0,0.13662543304348995,True,0.8785000000000001,0.9059937228162463,0.9358720301692953,0.029878307353048972,True
logistic_regression,2000,64,94,0.9279538904899135,1306,0.8845717391897979,0.9605103678006806,True,0.07593862861088263,ok,2.9176452920331997e-12,0.8707265755298578,1.0,0.12927342447014223,True,0.8855,0.8968993869159194,0.9281624234868429,0.03126303657092344,True
logistic_regression,2000,64,95,0.9279538904899135,1306,0.8810304526071849,0.963776622426651,True,0.08274616981946603,ok,8.121142647254942e-12,0.8602284642644177,1.0,0.13977153573558232,True,0.8755,0.9151374069355573,0.9435316429619593,0.02839423602640201,True
logistic_regression,2000,64,96,0.9279538904899135,1306,0.8877542126253614,0.9702317614610425,True,0.08247754883568115,ok,5.669631431004518e-13,0.8665234832929241,1.0,0.13347651670707594,True,0.8815,0.9201485662975074,0.9476855749170136,0.027537008619506143,True
logistic_regression,2000,64,97,0.9279538904899135,1306,0.8965058008170611,0.9756130906762638,True,0.07910728985920268,ok,3.2842728536763843e-11,0.8775682353892615,1.0,0.12243176461073846,True,0.892,0.9184761781837604,0.9463029632746538,0.027826785090893424,True
logistic_regression,2000,64,98,0.9279538904899135,1306,0.9059232517980176,0.983838717189248,True,0.0779154653912304,ok,1.099120794378905e-14,0.8875956561350452,1.0,0.11240434386495479,True,0.9015,0.9184761781837604,0.9463029632746538,0.027826785090893424,True
logistic_regression,2000,64,99,0.9279538904899135,1306,0.8861995612197935,0.9670388087634854,True,0.08083924754369187,ok,1.2451928377288368e-11,0.8665234832929241,1.0,0.13347651670707594,True,0.8815,0.9268597241369887,0.9531940646539971,0.026334340517008448,True
logistic_regression,2000,98,0,0.9279538904899135,2000,0.9125721525598474,0.9361637777754377,True,0.02359162521559033,full_suite,0.0,0.9125721525598474,0.9361637777754377,0.02359162521559033,True,0.925,0.9088343037923683,0.9329127420857402,0.024078438293371862,True
logistic_regression,2000,98,1,0.9279538904899135,2000,0.9104353758253029,0.9343069137660465,True,0.023871537940743592,full_suite,0.0,0.9104353758253029,0.9343069137660465,0.023871537940743592,True,0.923,0.9125721525598474,0.9361637777754377,0.02359162521559033,True
logistic_regression,2000,98,2,0.9279538904899135,2000,0.9056358995091991,0.9301206273377001,True,0.024484727828500974,full_suite,0.0,0.9056358995091991,0.9301206273377001,0.024484727828500974,True,0.9185,0.9120377387059779,0.9356997833835491,0.02366204467757116,True
logistic_regression,2000,98,3,0.9279538904899135,2000,0.9173887368472241,0.9403328051506415,True,0.022944068303417442,full_suite,0.0,0.9173887368472241,0.9403328051506415,0.022944068303417442,True,0.9295,0.9227559446019328,0.9449494620964668,0.02219351749453402,True
logistic_regression,2000,98,4,0.9279538904899135,2000,0.908300894121138,0.9324477347842325,True,0.02414684066309447,full_suite,0.0,0.908300894121138,0.9324477347842325,0.02414684066309447,True,0.921,0.9184608304626697,0.9412574977666883,0.022796667304018636,True
logistic_regression,2000,98,5,0.9279538904899135,2000,0.9072344890313738,0.9315173024368203,True,0.02428281340544647,full_suite,0.0,0.9072344890313738,0.9315173024368203,0.02428281340544647,True,0.92,0.9173887368472241,0.9403328051506415,0.022944068303417442,True
logistic_regression,2000,98,6,0.9279538904899135,2000,0.9157818065813662,0.9389445445343899,True,0.023162737953023704,full_suite,0.0,0.9157818065813662,0.9389445445343899,0.023162737953023704,True,0.928,0.9179247019232477,0.9407952339772918,0.0228705320540441,True
logistic_regression,2000,98,7,0.9279538904899135,2000,0.9179247019232477,0.9407952339772918,True,0.0228705320540441,full_suite,0.0,0.9179247019232477,0.9407952339772918,0.0228705320540441,True,0.9299999999999999,0.9179247019232477,0.9407952339772918,0.0228705320540441,True
logistic_regression,2000,98,8,0.9279538904899135,2000,0.9093678531477931,0.9333776085148061,True,0.024009755367012997,full_suite,0.0,0.9093678531477931,0.9333776085148061,0.024009755367012997,True,0.922,0.9157818065813662,0.9389445445343899,0.023162737953023704,True
logistic_regression,2000,98,9,0.9279538904899135,2000,0.9179247019232477,0.9407952339772918,True,0.0228705320540441,full_suite,0.0,0.9179247019232477,0.9407952339772918,0.0228705320540441,True,0.9299999999999999,0.9013787558092895,0.9263903521633325,0.025011596354043042,False
logistic_regression,2000,98,10,0.9279538904899135,2000,0.9131067150878301,0.9366276221643337,True,0.02352090707650356,full_suite,0.0,0.9131067150878301,0.9366276221643337,0.02352090707650356,True,0.9255,0.9211439829758931,0.9435662822877808,0.022422299311887772,True
logistic_regression,2000,98,11,0.9279538904899135,2000,0.9061686284624859,0.9305863210307657,True,0.024417692568279747,full_suite,0.0,0.9061686284624859,0.9305863210307656,0.024417692568279636,True,0.919,0.910969351653501,0.9347713500433006,0.023801998389799572,True
logistic_regression,2000,98,12,0.9279538904899135,2000,0.9189971240893333,0.9417195948670767,True,0.022722470777743364,full_suite,0.0,0.9189971240893333,0.9417195948670767,0.022722470777743364,True,0.931,0.9195335844560832,0.9421815235969991,0.022647939140915896,True
logistic_regression,2000,98,13,0.9279538904899135,2000,0.9206070121706527,0.9431048690665348,True,0.02249785689588213,full_suite,0.0,0.9206070121706527,0.9431048690665348,0.02249785689588213,True,0.9325,0.9088343037923683,0.9329127420857402,0.024078438293371862,True
logistic_regression,2000,98,14,0.9279538904899135,2000,0.9222184473652865,0.9444885806619059,True,0.02227013329661942,full_suite,0.0,0.9222184473652865,0.9444885806619059,0.02227013329661942,True,0.9339999999999999,0.9141762916669247,0.9375548553439291,0.023378563677004416,True
logistic_regression,2000,98,15,0.9279538904899135,2000,0.9276017206846818,0.9490890062743403,True,0.02148728558965851,full_suite,0.0,0.9276017206846818,0.9490890062743403,0.02148728558965851,True,0.9390000000000001,0.9147113085259793,0.9380182412811677,0.02330693275518847,True
logistic_regression,2000,98,16,0.9279538904899135,2000,0.9131067150878301,0.9366276221643337,True,0.02352090707650356,full_suite,0.0,0.9131067150878301,0.9366276221643337,0.02352090707650356,True,0.9255,0.910969351653501,0.9347713500433006,0.023801998389799572,True
logistic_regression,2000,98,17,0.9279538904899135,2000,0.9072344890313738,0.9315173024368203,True,0.02428281340544647,full_suite,0.0,0.9072344890313738,0.9315173024368203,0.02428281340544647,True,0.92,0.9254461574104835,0.9472511141412829,0.021804956730799407,True
logistic_regression,2000,98,18,0.9279538904899135,2000,0.908300894121138,0.9324477347842325,True,0.02414684066309447,full_suite,0.0,0.908300894121138,0.9324477347842325,0.02414684066309447,True,0.921,0.910969351653501,0.9347713500433006,0.023801998389799572,True
logistic_regression,2000,98,19,0.9279538904899135,2000,0.9292204627311629,0.9504653327666379,False,0.02124487003547504,full_suite,0.0,0.9292204627311629,0.9504653327666379,0.02124487003547504,False,0.9405,0.9254461574104835,0.9472511141412829,0.021804956730799407,True
logistic_regression,2000,98,20,0.9279538904899135,2000,0.908300894121138,0.9324477347842325,True,0.02414684066309447,full_suite,0.0,0.908300894121138,0.9324477347842325,0.02414684066309447,True,0.921,0.9168529336390466,0.9398702129095216,0.023017279270474922,True
logistic_regression,2000,98,21,0.9279538904899135,2000,0.9200702132454988,0.9426432822445381,True,0.022573068999039325,full_suite,0.0,0.9200702132454988,0.9426432822445381,0.022573068999039325,True,0.9319999999999999,0.9200702132454988,0.9426432822445381,0.022573068999039325,True
logistic_regression,2000,98,22,0.9279538904899135,2000,0.9141762916669247,0.9375548553439291,True,0.023378563677004416,full_suite,0.0,0.9141762916669247,0.9375548553439291,0.023378563677004416,True,0.9265,0.9125721525598474,0.9361637777754377,0.02359162521559033,True
logistic_regression,2000,98,23,0.9279538904899135,2000,0.9099015434110679,0.9338423328290075,True,0.023940789417939645,full_suite,0.0,0.9099015434110679,0.9338423328290075,0.023940789417939645,True,0.9225,0.9136414276594224,0.9370913151587622,0.02344988749933985,True
logistic_regression,2000,98,24,0.9279538904899135,2000,0.9276017206846818,0.9490890062743403,True,0.02148728558965851,full_suite,0.0,0.9276017206846818,0.9490890062743403,0.02148728558965851,True,0.9390000000000001,0.9189971240893333,0.9417195948670767,0.022722470777743364,True
logistic_regression,2000,98,25,0.9279538904899135,2000,0.9249077447348574,0.9467911577685408,True,0.021883413033683463,full_suite,0.0,0.9249077447348574,0.9467911577685408,0.021883413033683463,True,0.9365,0.9249077447348574,0.9467911577685408,0.021883413033683463,True
logistic_regression,2000,98,26,0.9279538904899135,2000,0.9008471831843247,0.925923492941314,False,0.02507630975698938,full_suite,0.0,0.9008471831843247,0.925923492941314,0.02507630975698938,False,0.914,0.9077676229294764,0.9319825878332683,0.024214964903791825,True
logistic_regression,2000,98,27,0.9279538904899135,2000,0.9136414276594224,0.9370913151587622,True,0.02344988749933985,full_suite,0.0,0.9136414276594224,0.9370913151587623,0.02344988749933996,True,0.926,0.9088343037923683,0.9329127420857402,0.024078438293371862,True
logistic_regression,2000,98,28,0.9279538904899135,2000,0.9211439829758931,0.9435662822877808,True,0.022422299311887772,full_suite,0.0,0.9211439829758931,0.9435662822877808,0.022422299311887772,True,0.933,0.9061686284624859,0.9305863210307657,0.024417692568279747,True
logistic_regression,2000,98,29,0.9279538904899135,2000,0.910969351653501,0.9347713500433006,True,0.023801998389799572,full_suite,0.0,0.910969351653501,0.9347713500433006,0.023801998389799572,True,0.9235,0.9088343037923683,0.9329127420857402,0.024078438293371862,True
logistic_regression,2000,98,30,0.9279538904899135,2000,0.9238314785491434,0.9458706798994228,True,0.02203920135027937,full_suite,0.0,0.9238314785491434,0.9458706798994228,0.02203920135027937,True,0.9355,0.9232936210254108,0.9454101624918255,0.02211654146641473,True
logistic_regression,2000,98,31,0.9279538904899135,2000,0.9104353758253029,0.9343069137660465,True,0.023871537940743592,full_suite,0.0,0.9104353758253029,0.9343069137660465,0.023871537940743592,True,0.923,0.9216811274376531,0.9440275201001843,0.022346392662531245,True
logistic_regression,2000,98,32,0.9279538904899135,2000,0.9104353758253029,0.9343069137660465,True,0.023871537940743592,full_suite,0.0,0.9104353758253029,0.9343069137660465,0.023871537940743592,True,0.923,0.910969351653501,0.9347713500433006,0.023801998389799572,True
logistic_regression,2000,98,33,0.9279538904899135,2000,0.9077676229294764,0.9319825878332683,True,0.024214964903791825,full_suite,0.0,0.9077676229294764,0.9319825878332683,0.024214964903791825,True,0.9205,0.9179247019232477,0.9407952339772918,0.0228705320540441,True
logistic_regression,2000,98,34,0.9279538904899135,2000,0.908300894121138,0.9324477347842325,True,0.02414684066309447,full_suite,0.0,0.908300894121138,0.9324477347842325,0.02414684066309447,True,0.921,0.9168529336390466,0.9398702129095216,0.023017279270474922,True
logistic_regression,2000,98,35,0.9279538904899135,2000,0.9227559446019328,0.9449494620964668,True,0.02219351749453402,full_suite,0.0,0.9227559446019328,0.9449494620964668,0.02219351749453402,True,0.9345,0.9147113085259793,0.9380182412811677,0.02330693275518847,True
logistic_regression,2000,98,36,0.9279538904899135,2000,0.9131067150878301,0.9366276221643337,True,0.02352090707650356,full_suite,0.0,0.9131067150878301,0.9366276221643337,0.02352090707650356,True,0.9255,0.9276017206846818,0.9490890062743403,0.02148728558965851,True
logistic_regression,2000,98,37,0.9279538904899135,2000,0.924369519123114,0.9463310123331928,True,0.021961493210078786,full_suite,0.0,0.924369519123114,0.9463310123331928,0.021961493210078786,True,0.9359999999999999,0.9179247019232477,0.9407952339772918,0.0228705320540441,True
logistic_regression,2000,98,38,0.9279538904899135,2000,0.9029742239284394,0.9277901737470605,False,0.02481594981862112,full_suite,0.0,0.9029742239284394,0.9277901737470605,0.02481594981862112,False,0.916,0.9152464796761247,0.9384814715073682,0.023234991831243446,True
logistic_regression,2000,98,39,0.9279538904899135,2000,0.9067014912590344,0.9310518797802613,True,0.02435038852122684,full_suite,0.0,0.9067014912590344,0.9310518797802614,0.02435038852122695,True,0.9195,0.9168529336390466,0.9398702129095216,0.023017279270474922,True
logistic_regression,2000,98,40,0.9279538904899135,2000,0.9104353758253029,0.9343069137660465,True,0.023871537940743592,full_suite,0.0,0.9104353758253029,0.9343069137660465,0.023871537940743592,True,0.923,0.9357145572909712,0.9559512869808573,0.0202367296898861,False
logistic_regression,2000,98,41,0.9279538904899135,2000,0.9173887368472241,0.9403328051506415,True,0.022944068303417442,full_suite,0.0,0.9173887368472241,0.9403328051506415,0.022944068303417442,True,0.9295,0.9051033032837182,0.9296547998330024,0.024551496549284124,True
logistic_regression,2000,98,42,0.9279538904899135,2000,0.9104353758253029,0.9343069137660465,True,0.023871537940743592,full_suite,0.0,0.9104353758253029,0.9343069137660465,0.023871537940743592,True,0.923,0.9141762916669247,0.9375548553439291,0.023378563677004416,True
logistic_regression,2000,98,43,0.9279538904899135,2000,0.9099015434110679,0.9338423328290075,True,0.023940789417939645,full_suite,0.0,0.9099015434110679,0.9338423328290075,0.023940789417939645,True,0.9225,0.9216811274376531,0.9440275201001843,0.022346392662531245,True
logistic_regression,2000,98,44,0.9279538904899135,2000,0.908300894121138,0.9324477347842325,True,0.02414684066309447,full_suite,0.0,0.908300894121138,0.9324477347842325,0.02414684066309447,True,0.921,0.9157818065813662,0.9389445445343899,0.023162737953023704,True
logistic_regression,2000,98,45,0.9279538904899135,2000,0.9120377387059779,0.9356997833835491,True,0.02366204467757116,full_suite,0.0,0.9120377387059779,0.935699783383549,0.023662044677571048,True,0.9245,0.9200702132454988,0.9426432822445381,0.022573068999039325,True
logistic_regression,2000,98,46,0.9279538904899135,2000,0.9189971240893333,0.9417195948670767,True,0.022722470777743364,full_suite,0.0,0.9189971240893333,0.9417195948670767,0.022722470777743364,True,0.931,0.9173887368472241,0.9403328051506415,0.022944068303417442,True
logistic_regression,2000,98,47,0.9279538904899135,2000,0.9061686284624859,0.9305863210307657,True,0.024417692568279747,full_suite,0.0,0.9061686284624859,0.9305863210307656,0.024417692568279636,True,0.919,0.9088343037923683,0.9329127420857402,0.024078438293371862,True
logistic_regression,2000,98,48,0.9279538904899135,2000,0.9104353758253029,0.9343069137660465,True,0.023871537940743592,full_suite,0.0,0.9104353758253029,0.9343069137660465,0.023871537940743592,True,0.923,0.9104353758253029,0.9343069137660465,0.023871537940743592,True
logistic_regression,2000,98,49,0.9279538904899135,2000,0.9254461574104835,0.9472511141412829,True,0.021804956730799407,full_suite,0.0,0.9254461574104835,0.9472511141412829,0.021804956730799407,True,0.937,0.9072344890313738,0.9315173024368203,0.02428281340544647,True
logistic_regression,2000,98,50,0.9279538904899135,2000,0.9195335844560832,0.9421815235969991,True,0.022647939140915896,full_suite,0.0,0.9195335844560832,0.9421815235969991,0.022647939140915896,True,0.9315,0.9179247019232477,0.9407952339772918,0.0228705320540441,True
logistic_regression,2000,98,51,0.9279538904899135,2000,0.9077676229294764,0.9319825878332683,True,0.024214964903791825,full_suite,0.0,0.9077676229294764,0.9319825878332683,0.024214964903791825,True,0.9205,0.9216811274376531,0.9440275201001843,0.022346392662531245,True
logistic_regression,2000,98,52,0.9279538904899135,2000,0.9067014912590344,0.9310518797802613,True,0.02435038852122684,full_suite,0.0,0.9067014912590344,0.9310518797802614,0.02435038852122695,True,0.9195,0.9088343037923683,0.9329127420857402,0.024078438293371862,True
logistic_regression,2000,98,53,0.9279538904899135,2000,0.9163172907307654,0.9394074588484547,True,0.02309016811768927,full_suite,0.0,0.9163172907307654,0.9394074588484547,0.02309016811768927,True,0.9285,0.9168529336390466,0.9398702129095216,0.023017279270474922,True
logistic_regression,2000,98,54,0.9279538904899135,2000,0.908300894121138,0.9324477347842325,True,0.02414684066309447,full_suite,0.0,0.908300894121138,0.9324477347842325,0.02414684066309447,True,0.921,0.9120377387059779,0.9356997833835491,0.02366204467757116,True
logistic_regression,2000,98,55,0.9279538904899135,2000,0.9195335844560832,0.9421815235969991,True,0.022647939140915896,full_suite,0.0,0.9195335844560832,0.9421815235969991,0.022647939140915896,True,0.9315,0.9152464796761247,0.9384814715073682,0.023234991831243446,True
logistic_regression,2000,98,56,0.9279538904899135,2000,0.9077676229294764,0.9319825878332683,True,0.024214964903791825,full_suite,0.0,0.9077676229294764,0.9319825878332683,0.024214964903791825,True,0.9205,0.9125721525598474,0.9361637777754377,0.02359162521559033,True
logistic_regression,2000,98,57,0.9279538904899135,2000,0.9120377387059779,0.9356997833835491,True,0.02366204467757116,full_suite,0.0,0.9120377387059779,0.935699783383549,0.023662044677571048,True,0.9245,0.9292204627311629,0.9504653327666379,0.02124487003547504,False
logistic_regression,2000,98,58,0.9279538904899135,2000,0.9104353758253029,0.9343069137660465,True,0.023871537940743592,full_suite,0.0,0.9104353758253029,0.9343069137660465,0.023871537940743592,True,0.923,0.9195335844560832,0.9421815235969991,0.022647939140915896,True
logistic_regression,2000,98,59,0.9279538904899135,2000,0.9200702132454988,0.9426432822445381,True,0.022573068999039325,full_suite,0.0,0.9200702132454988,0.9426432822445381,0.022573068999039325,True,0.9319999999999999,0.9120377387059779,0.9356997833835491,0.02366204467757116,True
logistic_regression,2000,98,60,0.9279538904899135,2000,0.9152464796761247,0.9384814715073682,True,0.023234991831243446,full_suite,0.0,0.9152464796761247,0.9384814715073682,0.023234991831243446,True,0.9275,0.908300894121138,0.9324477347842325,0.02414684066309447,True
logistic_regression,2000,98,61,0.9279538904899135,2000,0.9029742239284394,0.9277901737470605,False,0.02481594981862112,full_suite,0.0,0.9029742239284394,0.9277901737470605,0.02481594981862112,False,0.916,0.9179247019232477,0.9407952339772918,0.0228705320540441,True
logistic_regression,2000,98,62,0.9279538904899135,2000,0.9141762916669247,0.9375548553439291,True,0.023378563677004416,full_suite,0.0,0.9141762916669247,0.9375548553439291,0.023378563677004416,True,0.9265,0.924369519123114,0.9463310123331928,0.021961493210078786,True
logistic_regression,2000,98,63,0.9279538904899135,2000,0.9270625386829527,0.9486298276248826,True,0.02156728894192983,full_suite,0.0,0.9270625386829527,0.9486298276248826,0.02156728894192983,True,0.9385,0.9200702132454988,0.9426432822445381,0.022573068999039325,True
logistic_regression,2000,98,64,0.9279538904899135,2000,0.9061686284624859,0.9305863210307657,True,0.024417692568279747,full_suite,0.0,0.9061686284624859,0.9305863210307656,0.024417692568279636,True,0.919,0.9184608304626697,0.9412574977666883,0.022796667304018636,True
logistic_regression,2000,98,65,0.9279538904899135,2000,0.9270625386829527,0.9486298276248826,True,0.02156728894192983,full_suite,0.0,0.9270625386829527,0.9486298276248826,0.02156728894192983,True,0.9385,0.92598475921574,0.9477108793465492,0.021726120130809212,True
logistic_regression,2000,98,66,0.9279538904899135,2000,0.9093678531477931,0.9333776085148061,True,0.024009755367012997,full_suite,0.0,0.9093678531477931,0.9333776085148061,0.024009755367012997,True,0.922,0.910969351653501,0.9347713500433006,0.023801998389799572,True
logistic_regression,2000,98,67,0.9279538904899135,2000,0.9200702132454988,0.9426432822445381,True,0.022573068999039325,full_suite,0.0,0.9200702132454988,0.9426432822445381,0.022573068999039325,True,0.9319999999999999,0.9254461574104835,0.9472511141412829,0.021804956730799407,True
logistic_regression,2000,98,68,0.9279538904899135,2000,0.9265235522571101,0.948170451237647,True,0.021646898980536844,full_suite,0.0,0.9265235522571101,0.9481704512376469,0.021646898980536733,True,0.938,0.9179247019232477,0.9407952339772918,0.0228705320540441,True
logistic_regression,2000,98,69,0.9279538904899135,2000,0.9147113085259793,0.9380182412811677,True,0.02330693275518847,full_suite,0.0,0.9147113085259793,0.9380182412811677,0.02330693275518847,True,0.927,0.9136414276594224,0.9370913151587622,0.02344988749933985,True
logistic_regression,2000,98,70,0.9279538904899135,2000,0.9265235522571101,0.948170451237647,True,0.021646898980536844,full_suite,0.0,0.9265235522571101,0.9481704512376469,0.021646898980536733,True,0.938,0.9141762916669247,0.9375548553439291,0.023378563677004416,True
logistic_regression,2000,98,71,0.9279538904899135,2000,0.9249077447348574,0.9467911577685408,True,0.021883413033683463,full_suite,0.0,0.9249077447348574,0.9467911577685408,0.021883413033683463,True,0.9365,0.9254461574104835,0.9472511141412829,0.021804956730799407,True
logistic_regression,2000,98,72,0.9279538904899135,2000,0.9206070121706527,0.9431048690665348,True,0.02249785689588213,full_suite,0.0,0.9206070121706527,0.9431048690665348,0.02249785689588213,True,0.9325,0.9099015434110679,0.9338423328290075,0.023940789417939645,True
logistic_regression,2000,98,73,0.9279538904899135,2000,0.9184608304626697,0.9412574977666883,True,0.022796667304018636,full_suite,0.0,0.9184608304626697,0.9412574977666883,0.022796667304018636,True,0.9305,0.9099015434110679,0.9338423328290075,0.023940789417939645,True
logistic_regression,2000,98,74,0.9279538904899135,2000,0.9179247019232477,0.9407952339772918,True,0.0228705320540441,full_suite,0.0,0.9179247019232477,0.9407952339772918,0.0228705320540441,True,0.9299999999999999,0.9061686284624859,0.9305863210307657,0.024417692568279747,True
logistic_regression,2000,98,75,0.9279538904899135,2000,0.9211439829758931,0.9435662822877808,True,0.022422299311887772,full_suite,0.0,0.9211439829758931,0.9435662822877808,0.022422299311887772,True,0.933,0.9303006442029863,0.9513818520087965,0.021081207805810243,False
logistic_regression,2000,98,76,0.9279538904899135,2000,0.9125721525598474,0.9361637777754377,True,0.02359162521559033,full_suite,0.0,0.9125721525598474,0.9361637777754377,0.02359162521559033,True,0.925,0.9168529336390466,0.9398702129095216,0.023017279270474922,True
logistic_regression,2000,98,77,0.9279538904899135,2000,0.9195335844560832,0.9421815235969991,True,0.022647939140915896,full_suite,0.0,0.9195335844560832,0.9421815235969991,0.022647939140915896,True,0.9315,0.92598475921574,0.9477108793465492,0.021726120130809212,True
logistic_regression,2000,98,78,0.9279538904899135,2000,0.9045708386873013,0.9291888396315516,True,0.024618000944250373,full_suite,0.0,0.9045708386873013,0.9291888396315515,0.024618000944250262,True,0.9175,0.9173887368472241,0.9403328051506415,0.022944068303417442,True
logistic_regression,2000,98,79,0.9279538904899135,2000,0.9249077447348574,0.9467911577685408,True,0.021883413033683463,full_suite,0.0,0.9249077447348574,0.9467911577685408,0.021883413033683463,True,0.9365,0.9088343037923683,0.9329127420857402,0.024078438293371862,True
logistic_regression,2000,98,80,0.9279538904899135,2000,0.9093678531477931,0.9333776085148061,True,0.024009755367012997,full_suite,0.0,0.9093678531477931,0.9333776085148061,0.024009755367012997,True,0.922,0.9189971240893333,0.9417195948670767,0.022722470777743364,True
logistic_regression,2000,98,81,0.9279538904899135,2000,0.9195335844560832,0.9421815235969991,True,0.022647939140915896,full_suite,0.0,0.9195335844560832,0.9421815235969991,0.022647939140915896,True,0.9315,0.9141762916669247,0.9375548553439291,0.023378563677004416,True
logistic_regression,2000,98,82,0.9279538904899135,2000,0.9141762916669247,0.9375548553439291,True,0.023378563677004416,full_suite,0.0,0.9141762916669247,0.9375548553439291,0.023378563677004416,True,0.9265,0.9093678531477931,0.9333776085148061,0.024009755367012997,True
logistic_regression,2000,98,83,0.9279538904899135,2000,0.9088343037923683,0.9329127420857402,True,0.024078438293371862,full_suite,0.0,0.9088343037923683,0.93291274208574,0.02407843829337175,True,0.9215,0.9270625386829527,0.9486298276248826,0.02156728894192983,True
logistic_regression,2000,98,84,0.9279538904899135,2000,0.9125721525598474,0.9361637777754377,True,0.02359162521559033,full_suite,0.0,0.9125721525598474,0.9361637777754377,0.02359162521559033,True,0.925,0.9168529336390466,0.9398702129095216,0.023017279270474922,True
logistic_regression,2000,98,85,0.9279538904899135,2000,0.9206070121706527,0.9431048690665348,True,0.02249785689588213,full_suite,0.0,0.9206070121706527,0.9431048690665348,0.02249785689588213,True,0.9325,0.9152464796761247,0.9384814715073682,0.023234991831243446,True
logistic_regression,2000,98,86,0.9279538904899135,2000,0.9179247019232477,0.9407952339772918,True,0.0228705320540441,full_suite,0.0,0.9179247019232477,0.9407952339772918,0.0228705320540441,True,0.9299999999999999,0.9206070121706527,0.9431048690665348,0.02249785689588213,True
logistic_regression,2000,98,87,0.9279538904899135,2000,0.92598475921574,0.9477108793465492,True,0.021726120130809212,full_suite,0.0,0.92598475921574,0.9477108793465492,0.021726120130809212,True,0.9375,0.9173887368472241,0.9403328051506415,0.022944068303417442,True
logistic_regression,2000,98,88,0.9279538904899135,2000,0.9195335844560832,0.9421815235969991,True,0.022647939140915896,full_suite,0.0,0.9195335844560832,0.9421815235969991,0.022647939140915896,True,0.9315,0.9152464796761247,0.9384814715073682,0.023234991831243446,True
logistic_regression,2000,98,89,0.9279538904899135,2000,0.9163172907307654,0.9394074588484547,True,0.02309016811768927,full_suite,0.0,0.9163172907307654,0.9394074588484547,0.02309016811768927,True,0.9285,0.9163172907307654,0.9394074588484547,0.02309016811768927,True
logistic_regression,2000,98,90,0.9279538904899135,2000,0.9189971240893333,0.9417195948670767,True,0.022722470777743364,full_suite,0.0,0.9189971240893333,0.9417195948670767,0.022722470777743364,True,0.931,0.9195335844560832,0.9421815235969991,0.022647939140915896,True
logistic_regression,2000,98,91,0.9279538904899135,2000,0.9141762916669247,0.9375548553439291,True,0.023378563677004416,full_suite,0.0,0.9141762916669247,0.9375548553439291,0.023378563677004416,True,0.9265,0.9003157339600907,0.9254565093685941,0.025140775408503457,False
logistic_regression,2000,98,92,0.9279538904899135,2000,0.9173887368472241,0.9403328051506415,True,0.022944068303417442,full_suite,0.0,0.9173887368472241,0.9403328051506415,0.022944068303417442,True,0.9295,0.9141762916669247,0.9375548553439291,0.023378563677004416,True
logistic_regression,2000,98,93,0.9279538904899135,2000,0.9238314785491434,0.9458706798994228,True,0.02203920135027937,full_suite,0.0,0.9238314785491434,0.9458706798994228,0.02203920135027937,True,0.9355,0.9286806804041159,0.9500067611955054,0.021326080791389534,False
logistic_regression,2000,98,94,0.9279538904899135,2000,0.9249077447348574,0.9467911577685408,True,0.021883413033683463,full_suite,0.0,0.9249077447348574,0.9467911577685408,0.021883413033683463,True,0.9365,0.9099015434110679,0.9338423328290075,0.023940789417939645,True
logistic_regression,2000,98,95,0.9279538904899135,2000,0.9024422751830831,0.9273236935785764,False,0.024881418395493293,full_suite,0.0,0.9024422751830831,0.9273236935785762,0.024881418395493182,False,0.9155,0.9147113085259793,0.9380182412811677,0.02330693275518847,True
logistic_regression,2000,98,96,0.9279538904899135,2000,0.9141762916669247,0.9375548553439291,True,0.023378563677004416,full_suite,0.0,0.9141762916669247,0.9375548553439291,0.023378563677004416,True,0.9265,0.9152464796761247,0.9384814715073682,0.023234991831243446,True
logistic_regression,2000,98,97,0.9279538904899135,2000,0.9195335844560832,0.9421815235969991,True,0.022647939140915896,full_suite,0.0,0.9195335844560832,0.9421815235969991,0.022647939140915896,True,0.9315,0.9136414276594224,0.9370913151587622,0.02344988749933985,True
logistic_regression,2000,98,98,0.9279538904899135,2000,0.9072344890313738,0.9315173024368203,True,0.02428281340544647,full_suite,0.0,0.9072344890313738,0.9315173024368203,0.02428281340544647,True,0.92,0.9136414276594224,0.9370913151587622,0.02344988749933985,True
logistic_regression,2000,98,99,0.9279538904899135,2000,0.9136414276594224,0.9370913151587622,True,0.02344988749933985,full_suite,0.0,0.9136414276594224,0.9370913151587623,0.02344988749933996,True,0.926,0.9051033032837182,0.9296547998330024,0.024551496549284124,True
random_forest,100,1,0,0.7902995720399429,1,0.0016780674123654167,1.0,True,0.9983219325876346,ok,0.0,0.0024313368239425423,1.0,0.9975686631760574,True,0.020000000000000018,0.0,0.975,0.975,True
random_forest,100,1,1,0.7902995720399429,1,0.00889623830234538,1.0,True,0.9911037616976546,ok,0.0,0.011004493986188198,1.0,0.9889955060138118,True,0.040000000000000036,0.025,1.0,0.975,True
random_forest,100,1,2,0.7902995720399429,1,0.013719096868313019,1.0,True,0.986280903131687,ok,0.0,0.016431879182052155,1.0,0.9835681208179479,True,0.050000000000000044,0.025,1.0,0.975,True
random_forest,100,1,3,0.7902995720399429,1,0.013719096868313019,1.0,True,0.986280903131687,ok,0.0,0.016431879182052155,1.0,0.9835681208179479,True,0.050000000000000044,0.0,0.975,0.975,True
random_forest,100,1,4,0.7902995720399429,1,0.02481360054242672,1.0,True,0.9751863994575732,ok,0.0,0.028605288907438704,1.0,0.9713947110925613,True,0.06999999999999995,0.025,1.0,0.975,True
random_forest,100,1,5,0.7902995720399429,1,0.02481360054242672,1.0,True,0.9751863994575732,ok,0.0,0.028605288907438704,1.0,0.9713947110925613,True,0.06999999999999995,0.025,1.0,0.975,True
random_forest,100,1,6,0.7902995720399429,1,0.013719096868313019,1.0,True,0.986280903131687,ok,0.0,0.016431879182052155,1.0,0.9835681208179479,True,0.050000000000000044,0.025,1.0,0.975,True
random_forest,100,1,7,0.7902995720399429,1,0.013719096868313019,1.0,True,0.986280903131687,ok,0.0,0.016431879182052155,1.0,0.9835681208179479,True,0.050000000000000044,0.025,1.0,0.975,True
random_forest,100,1,8,0.7902995720399429,1,0.019063181195878253,1.0,True,0.9809368188041218,ok,0.0,0.022334886071316368,1.0,0.9776651139286836,True,0.06000000000000005,0.025,1.0,0.975,True
random_forest,100,1,9,0.7902995720399429,1,0.00889623830234538,1.0,True,0.9911037616976546,ok,0.0,0.011004493986188198,1.0,0.9889955060138118,True,0.040000000000000036,0.025,1.0,0.975,True
random_forest,100,1,10,0.7902995720399429,1,0.00889623830234538,1.0,True,0.9911037616976546,ok,0.0,0.011004493986188198,1.0,0.9889955060138118,True,0.040000000000000036,0.025,1.0,0.975,True
random_forest,100,1,11,0.7902995720399429,1,0.030893192969126994,1.0,True,0.969106807030873,ok,0.0,0.0351715625181628,1.0,0.9648284374818372,True,0.07999999999999996,0.0,0.975,0.975,True
random_forest,100,1,12,0.7902995720399429,1,0.00889623830234538,1.0,True,0.9911037616976546,ok,0.0,0.011004493986188198,1.0,0.9889955060138118,True,0.040000000000000036,0.025,1.0,0.975,True
random_forest,100,1,13,0.7902995720399429,1,0.013719096868313019,1.0,True,0.986280903131687,ok,0.0,0.016431879182052155,1.0,0.9835681208179479,True,0.050000000000000044,0.025,1.0,0.975,True
random_forest,100,1,14,0.7902995720399429,1,0.019063181195878253,1.0,True,0.9809368188041218,ok,0.0,0.022334886071316368,1.0,0.9776651139286836,True,0.06000000000000005,0.025,1.0,0.975,True
random_forest,100,1,15,0.7902995720399429,1,0.00889623830234538,1.0,True,0.9911037616976546,ok,0.0,0.011004493986188198,1.0,0.9889955060138118,True,0.040000000000000036,0.0,0.975,0.975,True
random_forest,100,1,16,0.7902995720399429,1,0.0016780674123654167,1.0,True,0.9983219325876346,ok,0.0,0.0024313368239425423,1.0,0.9975686631760574,True,0.020000000000000018,0.025,1.0,0.975,True
random_forest,100,1,17,0.7902995720399429,1,0.013719096868313019,1.0,True,0.986280903131687,ok,0.0,0.016431879182052155,1.0,0.9835681208179479,True,0.050000000000000044,0.025,1.0,0.975,True
random_forest,100,1,18,0.7902995720399429,1,0.0016780674123654167,1.0,True,0.9983219325876346,ok,0.0,0.0024313368239425423,1.0,0.9975686631760574,True,0.020000000000000018,0.0,0.975,0.975,True
random_forest,100,1,19,0.7902995720399429,1,0.013719096868313019,1.0,True,0.986280903131687,ok,0.0,0.016431879182052155,1.0,0.9835681208179479,True,0.050000000000000044,0.025,1.0,0.975,True
random_forest,100,1,20,0.7902995720399429,1,0.019063181195878253,1.0,True,0.9809368188041218,ok,0.0,0.022334886071316368,1.0,0.9776651139286836,True,0.06000000000000005,0.0,0.975,0.975,True
random_forest,100,1,21,0.7902995720399429,1,0.013719096868313019,1.0,True,0.986280903131687,ok,0.0,0.016431879182052155,1.0,0.9835681208179479,True,0.050000000000000044,0.025,1.0,0.975,True
random_forest,100,1,22,0.7902995720399429,1,0.00889623830234538,1.0,True,0.9911037616976546,ok,0.0,0.011004493986188198,1.0,0.9889955060138118,True,0.040000000000000036,0.025,1.0,0.975,True
random_forest,100,1,23,0.7902995720399429,1,0.013719096868313019,1.0,True,0.986280903131687,ok,0.0,0.016431879182052155,1.0,0.9835681208179479,True,0.050000000000000044,0.025,1.0,0.975,True
random_forest,100,1,24,0.7902995720399429,1,0.00889623830234538,1.0,True,0.9911037616976546,ok,0.0,0.011004493986188198,1.0,0.9889955060138118,True,0.040000000000000036,0.0,0.975,0.975,True
random_forest,100,1,25,0.7902995720399429,1,0.00012577981009963694,1.0,True,0.9998742201899004,ok,0.0,0.00025314603297742064,1.0,0.9997468539670226,True,0.010000000000000009,0.025,1.0,0.975,True
random_forest,100,1,26,0.7902995720399429,1,0.04383572285288546,1.0,True,0.9561642771471145,ok,0.0,0.04900468922148595,1.0,0.9509953107785141,True,0.09999999999999998,0.0,0.975,0.975,True
random_forest,100,1,27,0.7902995720399429,1,0.019063181195878253,1.0,True,0.9809368188041218,ok,0.0,0.022334886071316368,1.0,0.9776651139286836,True,0.06000000000000005,0.025,1.0,0.975,True
random_forest,100,1,28,0.7902995720399429,1,0.00889623830234538,1.0,True,0.9911037616976546,ok,0.0,0.011004493986188198,1.0,0.9889955060138118,True,0.040000000000000036,0.025,1.0,0.975,True
random_forest,100,1,29,0.7902995720399429,1,0.004777609555181091,1.0,True,0.9952223904448189,ok,0.0,0.006229971538306395,1.0,0.9937700284616936,True,0.030000000000000027,0.025,1.0,0.975,True
random_forest,100,1,30,0.7902995720399429,1,0.019063181195878253,1.0,True,0.9809368188041218,ok,0.0,0.022334886071316368,1.0,0.9776651139286836,True,0.06000000000000005,0.025,1.0,0.975,True
random_forest,100,1,31,0.7902995720399429,1,0.004777609555181091,1.0,True,0.9952223904448189,ok,0.0,0.006229971538306395,1.0,0.9937700284616936,True,0.030000000000000027,0.0,0.975,0.975,True
random_forest,100,1,32,0.7902995720399429,1,0.00889623830234538,1.0,True,0.9911037616976546,ok,0.0,0.011004493986188198,1.0,0.9889955060138118,True,0.040000000000000036,0.025,1.0,0.975,True
random_forest,100,1,33,0.7902995720399429,1,0.00889623830234538,1.0,True,0.9911037616976546,ok,0.0,0.011004493986188198,1.0,0.9889955060138118,True,0.040000000000000036,0.025,1.0,0.975,True
random_forest,100,1,34,0.7902995720399429,1,0.004777609555181091,1.0,True,0.9952223904448189,ok,0.0,0.006229971538306395,1.0,0.9937700284616936,True,0.030000000000000027,0.025,1.0,0.975,True
random_forest,100,1,35,0.7902995720399429,1,0.013719096868313019,1.0,True,0.986280903131687,ok,0.0,0.016431879182052155,1.0,0.9835681208179479,True,0.050000000000000044,0.025,1.0,0.975,True
random_forest,100,1,36,0.7902995720399429,1,0.004777609555181091,1.0,True,0.9952223904448189,ok,0.0,0.006229971538306395,1.0,0.9937700284616936,True,0.030000000000000027,0.025,1.0,0.975,True
random_forest,100,1,37,0.7902995720399429,1,0.00012577981009963694,1.0,True,0.9998742201899004,ok,0.0,0.00025314603297742064,1.0,0.9997468539670226,True,0.010000000000000009,0.025,1.0,0.975,True
random_forest,100,1,38,0.7902995720399429,1,0.019063181195878253,1.0,True,0.9809368188041218,ok,0.0,0.022334886071316368,1.0,0.9776651139286836,True,0.06000000000000005,0.025,1.0,0.975,True
random_forest,100,1,39,0.7902995720399429,1,0.04383572285288546,1.0,True,0.9561642771471145,ok,0.0,0.04900468922148595,1.0,0.9509953107785141,True,0.09999999999999998,0.025,1.0,0.975,True
random_forest,100,1,40,0.7902995720399429,1,0.00889623830234538,1.0,True,0.9911037616976546,ok,0.0,0.011004493986188198,1.0,0.9889955060138118,True,0.040000000000000036,0.025,1.0,0.975,True
random_forest,100,1,41,0.7902995720399429,1,0.004777609555181091,1.0,True,0.9952223904448189,ok,0.0,0.006229971538306395,1.0,0.9937700284616936,True,0.030000000000000027,0.025,1.0,0.975,True
random_forest,100,1,42,0.7902995720399429,1,0.030893192969126994,1.0,True,0.969106807030873,ok,0.0,0.0351715625181628,1.0,0.9648284374818372,True,0.07999999999999996,0.025,1.0,0.975,True
random_forest,100,1,43,0.7902995720399429,1,0.013719096868313019,1.0,True,0.986280903131687,ok,0.0,0.016431879182052155,1.0,0.9835681208179479,True,0.050000000000000044,0.0,0.975,0.975,True
random_forest,100,1,44,0.7902995720399429,1,0.013719096868313019,1.0,True,0.986280903131687,ok,0.0,0.016431879182052155,1.0,0.9835681208179479,True,0.050000000000000044,0.0,0.975,0.975,True
random_forest,100,1,45,0.7902995720399429,1,0.0016780674123654167,1.0,True,0.9983219325876346,ok,0.0,0.0024313368239425423,1.0,0.9975686631760574,True,0.020000000000000018,0.025,1.0,0.975,True
random_forest,100,1,46,0.7902995720399429,1,0.013719096868313019,1.0,True,0.986280903131687,ok,0.0,0.016431879182052155,1.0,0.9835681208179479,True,0.050000000000000044,0.025,1.0,0.975,True
random_forest,100,1,47,0.7902995720399429,1,0.02481360054242672,1.0,True,0.9751863994575732,ok,0.0,0.028605288907438704,1.0,0.9713947110925613,True,0.06999999999999995,0.025,1.0,0.975,True
random_forest,100,1,48,0.7902995720399429,1,0.0016780674123654167,1.0,True,0.9983219325876346,ok,0.0,0.0024313368239425423,1.0,0.9975686631760574,True,0.020000000000000018,0.025,1.0,0.975,True
random_forest,100,1,49,0.7902995720399429,1,0.0016780674123654167,1.0,True,0.9983219325876346,ok,0.0,0.0024313368239425423,1.0,0.9975686631760574,True,0.020000000000000018,0.025,1.0,0.975,True
random_forest,100,1,50,0.7902995720399429,1,0.019063181195878253,1.0,True,0.9809368188041218,ok,0.0,0.022334886071316368,1.0,0.9776651139286836,True,0.06000000000000005,0.025,1.0,0.975,True
random_forest,100,1,51,0.7902995720399429,1,0.00889623830234538,1.0,True,0.9911037616976546,ok,0.0,0.011004493986188198,1.0,0.9889955060138118,True,0.040000000000000036,0.0,0.975,0.975,True
random_forest,100,1,52,0.7902995720399429,1,0.019063181195878253,1.0,True,0.9809368188041218,ok,0.0,0.022334886071316368,1.0,0.9776651139286836,True,0.06000000000000005,0.025,1.0,0.975,True
random_forest,100,1,53,0.7902995720399429,1,0.019063181195878253,1.0,True,0.9809368188041218,ok,0.0,0.022334886071316368,1.0,0.9776651139286836,True,0.06000000000000005,0.025,1.0,0.975,True
random_forest,100,1,54,0.7902995720399429,1,0.013719096868313019,1.0,True,0.986280903131687,ok,0.0,0.016431879182052155,1.0,0.9835681208179479,True,0.050000000000000044,0.025,1.0,0.975,True
random_forest,100,1,55,0.7902995720399429,1,0.00012577981009963694,1.0,True,0.9998742201899004,ok,0.0,0.00025314603297742064,1.0,0.9997468539670226,True,0.010000000000000009,0.025,1.0,0.975,True
random_forest,100,1,56,0.7902995720399429,1,0.0016780674123654167,1.0,True,0.9983219325876346,ok,0.0,0.0024313368239425423,1.0,0.9975686631760574,True,0.020000000000000018,0.025,1.0,0.975,True
random_forest,100,1,57,0.7902995720399429,1,0.019063181195878253,1.0,True,0.9809368188041218,ok,0.0,0.022334886071316368,1.0,0.9776651139286836,True,0.06000000000000005,0.025,1.0,0.975,True
random_forest,100,1,58,0.7902995720399429,1,0.004777609555181091,1.0,True,0.9952223904448189,ok,0.0,0.006229971538306395,1.0,0.9937700284616936,True,0.030000000000000027,0.025,1.0,0.975,True
random_forest,100,1,59,0.7902995720399429,1,0.02481360054242672,1.0,True,0.9751863994575732,ok,0.0,0.028605288907438704,1.0,0.9713947110925613,True,0.06999999999999995,0.025,1.0,0.975,True
random_forest,100,1,60,0.7902995720399429,1,0.00889623830234538,1.0,True,0.9911037616976546,ok,0.0,0.011004493986188198,1.0,0.9889955060138118,True,0.040000000000000036,0.025,1.0,0.975,True
random_forest,100,1,61,0.7902995720399429,1,0.03724733240254129,1.0,True,0.9627526675974587,ok,0.0,0.041983595628392247,1.0,0.9580164043716077,True,0.08999999999999997,0.025,1.0,0.975,True
random_forest,100,1,62,0.7902995720399429,1,0.019063181195878253,1.0,True,0.9809368188041218,ok,0.0,0.022334886071316368,1.0,0.9776651139286836,True,0.06000000000000005,0.0,0.975,0.975,True
random_forest,100,1,63,0.7902995720399429,1,0.019063181195878253,1.0,True,0.9809368188041218,ok,0.0,0.022334886071316368,1.0,0.9776651139286836,True,0.06000000000000005,0.025,1.0,0.975,True
random_forest,100,1,64,0.7902995720399429,1,0.019063181195878253,1.0,True,0.9809368188041218,ok,0.0,0.022334886071316368,1.0,0.9776651139286836,True,0.06000000000000005,0.025,1.0,0.975,True
random_forest,100,1,65,0.7902995720399429,1,0.00889623830234538,1.0,True,0.9911037616976546,ok,0.0,0.011004493986188198,1.0,0.9889955060138118,True,0.040000000000000036,0.025,1.0,0.975,True
random_forest,100,1,66,0.7902995720399429,1,0.0016780674123654167,1.0,True,0.9983219325876346,ok,0.0,0.0024313368239425423,1.0,0.9975686631760574,True,0.020000000000000018,0.025,1.0,0.975,True
random_forest,100,1,67,0.7902995720399429,1,0.00889623830234538,1.0,True,0.9911037616976546,ok,0.0,0.011004493986188198,1.0,0.9889955060138118,True,0.040000000000000036,0.025,1.0,0.975,True
random_forest,100,1,68,0.7902995720399429,1,0.0016780674123654167,1.0,True,0.9983219325876346,ok,0.0,0.0024313368239425423,1.0,0.9975686631760574,True,0.020000000000000018,0.025,1.0,0.975,True
random_forest,100,1,69,0.7902995720399429,1,0.02481360054242672,1.0,True,0.9751863994575732,ok,0.0,0.028605288907438704,1.0,0.9713947110925613,True,0.06999999999999995,0.025,1.0,0.975,True
random_forest,100,1,70,0.7902995720399429,1,0.02481360054242672,1.0,True,0.9751863994575732,ok,0.0,0.028605288907438704,1.0,0.9713947110925613,True,0.06999999999999995,0.025,1.0,0.975,True
random_forest,100,1,71,0.7902995720399429,1,0.004777609555181091,1.0,True,0.9952223904448189,ok,0.0,0.006229971538306395,1.0,0.9937700284616936,True,0.030000000000000027,0.025,1.0,0.975,True
random_forest,100,1,72,0.7902995720399429,1,0.004777609555181091,1.0,True,0.9952223904448189,ok,0.0,0.006229971538306395,1.0,0.9937700284616936,True,0.030000000000000027,0.025,1.0,0.975,True
random_forest,100,1,73,0.7902995720399429,1,0.019063181195878253,1.0,True,0.9809368188041218,ok,0.0,0.022334886071316368,1.0,0.9776651139286836,True,0.06000000000000005,0.025,1.0,0.975,True
random_forest,100,1,74,0.7902995720399429,1,0.02481360054242672,1.0,True,0.9751863994575732,ok,0.0,0.028605288907438704,1.0,0.9713947110925613,True,0.06999999999999995,0.0,0.975,0.975,True
random_forest,100,1,75,0.7902995720399429,1,0.00889623830234538,1.0,True,0.9911037616976546,ok,0.0,0.011004493986188198,1.0,0.9889955060138118,True,0.040000000000000036,0.025,1.0,0.975,True
random_forest,100,1,76,0.7902995720399429,1,0.013719096868313019,1.0,True,0.986280903131687,ok,0.0,0.016431879182052155,1.0,0.9835681208179479,True,0.050000000000000044,0.0,0.975,0.975,True
random_forest,100,1,77,0.7902995720399429,1,0.00889623830234538,1.0,True,0.9911037616976546,ok,0.0,0.011004493986188198,1.0,0.9889955060138118,True,0.040000000000000036,0.025,1.0,0.975,True
random_forest,100,1,78,0.7902995720399429,1,0.00889623830234538,1.0,True,0.9911037616976546,ok,0.0,0.011004493986188198,1.0,0.9889955060138118,True,0.040000000000000036,0.025,1.0,0.975,True
random_forest,100,1,79,0.7902995720399429,1,0.019063181195878253,1.0,True,0.9809368188041218,ok,0.0,0.022334886071316368,1.0,0.9776651139286836,True,0.06000000000000005,0.025,1.0,0.975,True
random_forest,100,1,80,0.7902995720399429,1,0.013719096868313019,1.0,True,0.986280903131687,ok,0.0,0.016431879182052155,1.0,0.9835681208179479,True,0.050000000000000044,0.025,1.0,0.975,True
random_forest,100,1,81,0.7902995720399429,1,0.0016780674123654167,1.0,True,0.9983219325876346,ok,0.0,0.0024313368239425423,1.0,0.9975686631760574,True,0.020000000000000018,0.0,0.975,0.975,True
random_forest,100,1,82,0.7902995720399429,1,0.00889623830234538,1.0,True,0.9911037616976546,ok,0.0,0.011004493986188198,1.0,0.9889955060138118,True,0.040000000000000036,0.025,1.0,0.975,True
random_forest,100,1,83,0.7902995720399429,1,0.013719096868313019,1.0,True,0.986280903131687,ok,0.0,0.016431879182052155,1.0,0.9835681208179479,True,0.050000000000000044,0.0,0.975,0.975,True
random_forest,100,1,84,0.7902995720399429,1,0.030893192969126994,1.0,True,0.969106807030873,ok,0.0,0.0351715625181628,1.0,0.9648284374818372,True,0.07999999999999996,0.025,1.0,0.975,True
random_forest,100,1,85,0.7902995720399429,1,0.013719096868313019,1.0,True,0.986280903131687,ok,0.0,0.016431879182052155,1.0,0.9835681208179479,True,0.050000000000000044,0.0,0.975,0.975,True
random_forest,100,1,86,0.7902995720399429,1,0.00889623830234538,1.0,True,0.9911037616976546,ok,0.0,0.011004493986188198,1.0,0.9889955060138118,True,0.040000000000000036,0.0,0.975,0.975,True
random_forest,100,1,87,0.7902995720399429,1,0.019063181195878253,1.0,True,0.9809368188041218,ok,0.0,0.022334886071316368,1.0,0.9776651139286836,True,0.06000000000000005,0.025,1.0,0.975,True
random_forest,100,1,88,0.7902995720399429,1,0.004777609555181091,1.0,True,0.9952223904448189,ok,0.0,0.006229971538306395,1.0,0.9937700284616936,True,0.030000000000000027,0.0,0.975,0.975,True
random_forest,100,1,89,0.7902995720399429,1,0.00012577981009963694,1.0,True,0.9998742201899004,ok,0.0,0.00025314603297742064,1.0,0.9997468539670226,True,0.010000000000000009,0.025,1.0,0.975,True
random_forest,100,1,90,0.7902995720399429,1,0.00889623830234538,1.0,True,0.9911037616976546,ok,0.0,0.011004493986188198,1.0,0.9889955060138118,True,0.040000000000000036,0.025,1.0,0.975,True
random_forest,100,1,91,0.7902995720399429,1,0.019063181195878253,1.0,True,0.9809368188041218,ok,0.0,0.022334886071316368,1.0,0.9776651139286836,True,0.06000000000000005,0.025,1.0,0.975,True
random_forest,100,1,92,0.7902995720399429,1,0.019063181195878253,1.0,True,0.9809368188041218,ok,0.0,0.022334886071316368,1.0,0.9776651139286836,True,0.06000000000000005,0.025,1.0,0.975,True
random_forest,100,1,93,0.7902995720399429,1,0.0016780674123654167,1.0,True,0.9983219325876346,ok,0.0,0.0024313368239425423,1.0,0.9975686631760574,True,0.020000000000000018,0.025,1.0,0.975,True
random_forest,100,1,94,0.7902995720399429,1,0.019063181195878253,1.0,True,0.9809368188041218,ok,0.0,0.022334886071316368,1.0,0.9776651139286836,True,0.06000000000000005,0.025,1.0,0.975,True
random_forest,100,1,95,0.7902995720399429,1,0.00012577981009963694,1.0,True,0.9998742201899004,ok,0.0,0.00025314603297742064,1.0,0.9997468539670226,True,0.010000000000000009,0.0,0.975,0.975,True
random_forest,100,1,96,0.7902995720399429,1,0.013719096868313019,1.0,True,0.986280903131687,ok,0.0,0.016431879182052155,1.0,0.9835681208179479,True,0.050000000000000044,0.025,1.0,0.975,True
random_forest,100,1,97,0.7902995720399429,1,0.030893192969126994,1.0,True,0.969106807030873,ok,0.0,0.0351715625181628,1.0,0.9648284374818372,True,0.07999999999999996,0.025,1.0,0.975,True
random_forest,100,1,98,0.7902995720399429,1,0.03724733240254129,1.0,True,0.9627526675974587,ok,0.0,0.041983595628392247,1.0,0.9580164043716077,True,0.08999999999999997,0.025,1.0,0.975,True
random_forest,100,1,99,0.7902995720399429,1,0.00889623830234538,1.0,True,0.9911037616976546,ok,0.0,0.011004493986188198,1.0,0.9889955060138118,True,0.040000000000000036,0.025,1.0,0.975,True
random_forest,100,4,0,0.7902995720399429,4,0.1701580082067385,1.0,True,0.8298419917932616,ok,0.0,0.10226491003552825,1.0,0.8977350899644717,True,0.17000000000000004,0.19412044968324338,0.9936905367902902,0.7995700871070468,True
random_forest,100,4,1,0.7902995720399429,4,0.20295465948122826,1.0,True,0.7970453405187717,ok,0.0,0.14330357674981445,1.0,0.8566964232501856,True,0.21999999999999997,0.3976353643835253,1.0,0.6023646356164747,True
random_forest,100,4,2,0.7902995720399429,4,0.12357348637323298,1.0,True,0.876426513626767,ok,1.3877787807814457e-17,0.09431028997394623,1.0,0.9056897100260538,True,0.16000000000000003,0.19412044968324338,0.9936905367902902,0.7995700871070468,True
random_forest,100,4,3,0.7902995720399429,4,0.05072593289279918,1.0,True,0.9492740671072009,ok,0.0,0.04900468922148595,1.0,0.9509953107785141,True,0.09999999999999998,0.19412044968324338,0.9936905367902902,0.7995700871070468,True
random_forest,100,4,4,0.7902995720399429,4,0.1093194828535271,1.0,True,0.8906805171464729,ok,1.1102230246251565e-16,0.08645438564164859,1.0,0.9135456143583514,True,0.15000000000000002,0.3976353643835253,1.0,0.6023646356164747,True
random_forest,100,4,5,0.7902995720399429,4,0.13862747336047448,1.0,True,0.8613725266395256,ok,0.0,0.07870540492696577,1.0,0.9212945950730342,True,0.14,0.3976353643835253,1.0,0.6023646356164747,True
random_forest,100,4,6,0.7902995720399429,4,0.15422222881374187,1.0,True,0.8457777711862582,ok,0.0,0.09431028997394623,1.0,0.9056897100260538,True,0.16000000000000003,0.3976353643835253,1.0,0.6023646356164747,True
random_forest,100,4,7,0.7902995720399429,4,0.15422222881374187,1.0,True,0.8457777711862582,ok,2.220446049250313e-16,0.11031122915326058,1.0,0.8896887708467394,True,0.18000000000000005,0.3976353643835253,1.0,0.6023646356164747,True
random_forest,100,4,8,0.7902995720399429,4,0.10858601416902229,1.0,True,0.8914139858309778,ok,0.0,0.07870540492696577,1.0,0.9212945950730342,True,0.14,0.3976353643835253,1.0,0.6023646356164747,True
random_forest,100,4,9,0.7902995720399429,4,0.09423416728749605,1.0,True,0.905765832712504,ok,1.1102230246251565e-16,0.07107304618542953,1.0,0.9289269538145705,True,0.13,0.19412044968324338,0.9936905367902902,0.7995700871070468,True
random_forest,100,4,10,0.7902995720399429,4,0.1346204529107633,1.0,True,0.8653795470892367,ok,0.0,0.12665555210195584,1.0,0.8733444478980441,True,0.19999999999999996,0.3976353643835253,1.0,0.6023646356164747,True
random_forest,100,4,11,0.7902995720399429,4,0.20295465948122826,1.0,True,0.7970453405187717,ok,0.0,0.12665555210195584,1.0,0.8733444478980441,True,0.19999999999999996,0.06758598648854294,0.932414013511457,0.8648280270229141,True
random_forest,100,4,12,0.7902995720399429,4,0.12357348637323298,1.0,True,0.876426513626767,ok,1.3877787807814457e-17,0.09431028997394623,1.0,0.9056897100260538,True,0.16000000000000003,0.3976353643835253,1.0,0.6023646356164747,True
random_forest,100,4,13,0.7902995720399429,4,0.15422222881374187,1.0,True,0.8457777711862582,ok,0.0,0.11031122915326058,1.0,0.8896887708467394,True,0.18000000000000005,0.3976353643835253,1.0,0.6023646356164747,True
random_forest,100,4,14,0.7902995720399429,4,0.03633719227513553,1.0,True,0.9636628077248645,ok,0.0,0.0351715625181628,1.0,0.9648284374818372,True,0.07999999999999996,0.19412044968324338,0.9936905367902902,0.7995700871070468,True
random_forest,100,4,15,0.7902995720399429,4,0.12357348637323298,1.0,True,0.876426513626767,ok,1.3877787807814457e-17,0.09431028997394623,1.0,0.9056897100260538,True,0.16000000000000003,0.3976353643835253,1.0,0.6023646356164747,True
random_forest,100,4,16,0.7902995720399429,4,0.06800402705015691,1.0,True,0.931995972949843,ok,1.1102230246251565e-16,0.05620702028548746,1.0,0.9437929797145126,True,0.10999999999999999,0.06758598648854294,0.932414013511457,0.8648280270229141,True
random_forest,100,4,17,0.7902995720399429,4,0.1701580082067385,1.0,True,0.8298419917932616,ok,0.0,0.10226491003552825,1.0,0.8977350899644717,True,0.17000000000000004,0.3976353643835253,1.0,0.6023646356164747,True
random_forest,100,4,18,0.7902995720399429,4,0.20295465948122826,1.0,True,0.7970453405187717,ok,0.0,0.14330357674981445,1.0,0.8566964232501856,True,0.21999999999999997,0.3976353643835253,1.0,0.6023646356164747,True
random_forest,100,4,19,0.7902995720399429,4,0.15422222881374187,1.0,True,0.8457777711862582,ok,1.1102230246251565e-16,0.08645438564164859,1.0,0.9135456143583514,True,0.15000000000000002,0.06758598648854294,0.932414013511457,0.8648280270229141,True
random_forest,100,4,20,0.7902995720399429,4,0.04584834476033262,1.0,True,0.9541516552396674,ok,6.938893903907228e-18,0.041983595628392247,1.0,0.9580164043716077,True,0.08999999999999997,0.19412044968324338,0.9936905367902902,0.7995700871070468,True
random_forest,100,4,21,0.7902995720399429,4,0.1701580082067385,1.0,True,0.8298419917932616,ok,0.0,0.11031122915326058,1.0,0.8896887708467394,True,0.18000000000000005,0.3976353643835253,1.0,0.6023646356164747,True
random_forest,100,4,22,0.7902995720399429,4,0.12956347056647632,1.0,True,0.8704365294335237,ok,0.0,0.11031122915326058,1.0,0.8896887708467394,True,0.18000000000000005,0.3976353643835253,1.0,0.6023646356164747,True
random_forest,100,4,23,0.7902995720399429,4,0.18640941999672425,1.0,True,0.8135905800032758,ok,0.0,0.1184431961325436,1.0,0.8815568038674564,True,0.18999999999999995,0.19412044968324338,0.9936905367902902,0.7995700871070468,True
random_forest,100,4,24,0.7902995720399429,4,0.0959022471573842,1.0,True,0.9040977528426158,ok,1.3877787807814457e-17,0.07870540492696577,1.0,0.9212945950730342,True,0.14,0.3976353643835253,1.0,0.6023646356164747,True
random_forest,100,4,25,0.7902995720399429,4,0.12956347056647632,1.0,True,0.8704365294335237,ok,0.0,0.11031122915326058,1.0,0.8896887708467394,True,0.18000000000000005,0.3976353643835253,1.0,0.6023646356164747,True
random_forest,100,4,26,0.7902995720399429,4,0.18640941999672425,1.0,True,0.8135905800032758,ok,0.0,0.12665555210195584,1.0,0.8733444478980441,True,0.19999999999999996,0.19412044968324338,0.9936905367902902,0.7995700871070468,True
random_forest,100,4,27,0.7902995720399429,4,0.13862747336047448,1.0,True,0.8613725266395256,ok,1.1102230246251565e-16,0.08645438564164859,1.0,0.9135456143583514,True,0.15000000000000002,0.3976353643835253,1.0,0.6023646356164747,True
random_forest,100,4,28,0.7902995720399429,4,0.2198029055451778,1.0,True,0.7801970944548222,ok,0.0,0.16022461317144718,1.0,0.8397753868285528,True,0.24,0.3976353643835253,1.0,0.6023646356164747,True
random_forest,100,4,29,0.7902995720399429,4,0.15422222881374187,1.0,True,0.8457777711862582,ok,2.220446049250313e-16,0.11031122915326058,1.0,0.8896887708467394,True,0.18000000000000005,0.19412044968324338,0.9936905367902902,0.7995700871070468,True
random_forest,100,4,30,0.7902995720399429,4,0.13862747336047448,1.0,True,0.8613725266395256,ok,0.0,0.09431028997394623,1.0,0.9056897100260538,True,0.16000000000000003,0.19412044968324338,0.9936905367902902,0.7995700871070468,True
random_forest,100,4,31,0.7902995720399429,4,0.08332285207084733,1.0,True,0.9166771479291527,ok,1.1102230246251565e-16,0.07107304618542953,1.0,0.9289269538145705,True,0.13,0.19412044968324338,0.9936905367902902,0.7995700871070468,True
random_forest,100,4,32,0.7902995720399429,4,0.09318373001706033,1.0,True,0.9068162699829396,ok,1.1102230246251565e-16,0.08645438564164859,1.0,0.9135456143583514,True,0.15000000000000002,0.19412044968324338,0.9936905367902902,0.7995700871070468,True
random_forest,100,4,33,0.7902995720399429,4,0.08332285207084733,1.0,True,0.9166771479291527,ok,1.1102230246251565e-16,0.07107304618542953,1.0,0.9289269538145705,True,0.13,0.3976353643835253,1.0,0.6023646356164747,True
random_forest,100,4,34,0.7902995720399429,4,0.12357348637323298,1.0,True,0.876426513626767,ok,1.3877787807814457e-17,0.09431028997394623,1.0,0.9056897100260538,True,0.16000000000000003,0.19412044968324338,0.9936905367902902,0.7995700871070468,True
random_forest,100,4,35,0.7902995720399429,4,0.15422222881374187,1.0,True,0.8457777711862582,ok,0.0,0.10226491003552825,1.0,0.8977350899644717,True,0.17000000000000004,0.19412044968324338,0.9936905367902902,0.7995700871070468,True
random_forest,100,4,36,0.7902995720399429,4,0.15422222881374187,1.0,True,0.8457777711862582,ok,0.0,0.11031122915326058,1.0,0.8896887708467394,True,0.18000000000000005,0.19412044968324338,0.9936905367902902,0.7995700871070468,True
random_forest,100,4,37,0.7902995720399429,4,0.20295465948122826,1.0,True,0.7970453405187717,ok,0.0,0.1349436957053291,1.0,0.8650563042946708,True,0.20999999999999996,0.3976353643835253,1.0,0.6023646356164747,True
random_forest,100,4,38,0.7902995720399429,4,0.0670473253172229,1.0,True,0.9329526746827771,ok,3.469446951953614e-18,0.04900468922148595,1.0,0.9509953107785141,True,0.09999999999999998,0.19412044968324338,0.9936905367902902,0.7995700871070468,True
random_forest,100,4,39,0.7902995720399429,4,0.10858601416902229,1.0,True,0.8914139858309778,ok,0.0,0.07870540492696577,1.0,0.9212945950730342,True,0.14,0.3976353643835253,1.0,0.6023646356164747,True
random_forest,100,4,40,0.7902995720399429,4,0.1093194828535271,1.0,True,0.8906805171464729,ok,1.1102230246251565e-16,0.08645438564164859,1.0,0.9135456143583514,True,0.15000000000000002,0.19412044968324338,0.9936905367902902,0.7995700871070468,True
random_forest,100,4,41,0.7902995720399429,4,0.13862747336047448,1.0,True,0.8613725266395256,ok,0.0,0.09431028997394623,1.0,0.9056897100260538,True,0.16000000000000003,0.006309463209709866,0.8058795503167565,0.7995700871070467,True
random_forest,100,4,42,0.7902995720399429,4,0.13862747336047448,1.0,True,0.8613725266395256,ok,0.0,0.09431028997394623,1.0,0.9056897100260538,True,0.16000000000000003,0.3976353643835253,1.0,0.6023646356164747,True
random_forest,100,4,43,0.7902995720399429,4,0.15422222881374187,1.0,True,0.8457777711862582,ok,0.0,0.09431028997394623,1.0,0.9056897100260538,True,0.16000000000000003,0.3976353643835253,1.0,0.6023646356164747,True
random_forest,100,4,44,0.7902995720399429,4,0.09968037884720955,1.0,True,0.9003196211527904,ok,1.1102230246251565e-16,0.08645438564164859,1.0,0.9135456143583514,True,0.15000000000000002,0.19412044968324338,0.9936905367902902,0.7995700871070468,True
random_forest,100,4,45,0.7902995720399429,4,0.15422222881374187,1.0,True,0.8457777711862582,ok,0.0,0.10226491003552825,1.0,0.8977350899644717,True,0.17000000000000004,0.06758598648854294,0.932414013511457,0.8648280270229141,True
random_forest,100,4,46,0.7902995720399429,4,0.15422222881374187,1.0,True,0.8457777711862582,ok,0.0,0.09431028997394623,1.0,0.9056897100260538,True,0.16000000000000003,0.3976353643835253,1.0,0.6023646356164747,True
random_forest,100,4,47,0.7902995720399429,4,0.054397570708808234,1.0,True,0.9456024292911918,ok,0.0,0.041983595628392247,1.0,0.9580164043716077,True,0.08999999999999997,0.06758598648854294,0.932414013511457,0.8648280270229141,True
random_forest,100,4,48,0.7902995720399429,4,0.0959022471573842,1.0,True,0.9040977528426158,ok,1.3877787807814457e-17,0.07870540492696577,1.0,0.9212945950730342,True,0.14,0.3976353643835253,1.0,0.6023646356164747,True
random_forest,100,4,49,0.7902995720399429,4,0.09421738425946251,1.0,True,0.9057826157405375,ok,0.0,0.06356890256115931,1.0,0.9364310974388407,True,0.12,0.19412044968324338,0.9936905367902902,0.7995700871070468,True
random_forest,100,4,50,0.7902995720399429,4,0.18640941999672425,1.0,True,0.8135905800032758,ok,0.0,0.12665555210195584,1.0,0.8733444478980441,True,0.19999999999999996,0.3976353643835253,1.0,0.6023646356164747,True
random_forest,100,4,51,0.7902995720399429,4,0.13863112769831418,1.0,True,0.8613688723016858,ok,1.3877787807814457e-17,0.10226491003552825,1.0,0.8977350899644717,True,0.17000000000000004,0.19412044968324338,0.9936905367902902,0.7995700871070468,True
random_forest,100,4,52,0.7902995720399429,4,0.13863112769831418,1.0,True,0.8613688723016858,ok,1.3877787807814457e-17,0.10226491003552825,1.0,0.8977350899644717,True,0.17000000000000004,0.19412044968324338,0.9936905367902902,0.7995700871070468,True
random_forest,100,4,53,0.7902995720399429,4,0.0670473253172229,1.0,True,0.9329526746827771,ok,3.469446951953614e-18,0.04900468922148595,1.0,0.9509953107785141,True,0.09999999999999998,0.3976353643835253,1.0,0.6023646356164747,True
random_forest,100,4,54,0.7902995720399429,4,0.23685352801086726,1.0,True,0.7631464719891328,ok,0.0,0.1517316113010475,1.0,0.8482683886989525,True,0.22999999999999998,0.06758598648854294,0.932414013511457,0.8648280270229141,True
random_forest,100,4,55,0.7902995720399429,4,0.1093194828535271,1.0,True,0.8906805171464729,ok,1.1102230246251565e-16,0.08645438564164859,1.0,0.9135456143583514,True,0.15000000000000002,0.3976353643835253,1.0,0.6023646356164747,True
random_forest,100,4,56,0.7902995720399429,4,0.08034967504935958,1.0,True,0.9196503249506405,ok,1.1102230246251565e-16,0.05620702028548746,1.0,0.9437929797145126,True,0.10999999999999999,0.06758598648854294,0.932414013511457,0.8648280270229141,True
random_forest,100,4,57,0.7902995720399429,4,0.09423416728749605,1.0,True,0.905765832712504,ok,1.1102230246251565e-16,0.07107304618542953,1.0,0.9289269538145705,True,0.13,0.19412044968324338,0.9936905367902902,0.7995700871070468,True
random_forest,100,4,58,0.7902995720399429,4,0.09968037884720955,1.0,True,0.9003196211527904,ok,1.1102230246251565e-16,0.08645438564164859,1.0,0.9135456143583514,True,0.15000000000000002,0.19412044968324338,0.9936905367902902,0.7995700871070468,True
random_forest,100,4,59,0.7902995720399429,4,0.15707742886183493,1.0,True,0.842922571138165,ok,0.0,0.12665555210195584,1.0,0.8733444478980441,True,0.19999999999999996,0.19412044968324338,0.9936905367902902,0.7995700871070468,True
random_forest,100,4,60,0.7902995720399429,4,0.18640941999672425,1.0,True,0.8135905800032758,ok,0.0,0.10226491003552825,1.0,0.8977350899644717,True,0.17000000000000004,0.19412044968324338,0.9936905367902902,0.7995700871070468,True
random_forest,100,4,61,0.7902995720399429,4,0.1093194828535271,1.0,True,0.8906805171464729,ok,1.1102230246251565e-16,0.08645438564164859,1.0,0.9135456143583514,True,0.15000000000000002,0.19412044968324338,0.9936905367902902,0.7995700871070468,True
random_forest,100,4,62,0.7902995720399429,4,0.1701580082067385,1.0,True,0.8298419917932616,ok,0.0,0.1184431961325436,1.0,0.8815568038674564,True,0.18999999999999995,0.3976353643835253,1.0,0.6023646356164747,True
random_forest,100,4,63,0.7902995720399429,4,0.07657541966714229,1.0,True,0.9234245803328577,ok,1.1102230246251565e-16,0.07107304618542953,1.0,0.9289269538145705,True,0.13,0.19412044968324338,0.9936905367902902,0.7995700871070468,True
random_forest,100,4,64,0.7902995720399429,4,0.09423416728749605,1.0,True,0.905765832712504,ok,1.1102230246251565e-16,0.07107304618542953,1.0,0.9289269538145705,True,0.13,0.19412044968324338,0.9936905367902902,0.7995700871070468,True
random_forest,100,4,65,0.7902995720399429,4,0.09421738425946251,1.0,True,0.9057826157405375,ok,0.0,0.06356890256115931,1.0,0.9364310974388407,True,0.12,0.3976353643835253,1.0,0.6023646356164747,True
random_forest,100,4,66,0.7902995720399429,4,0.10858601416902229,1.0,True,0.8914139858309778,ok,0.0,0.07870540492696577,1.0,0.9212945950730342,True,0.14,0.19412044968324338,0.9936905367902902,0.7995700871070468,True
random_forest,100,4,67,0.7902995720399429,4,0.15422222881374187,1.0,True,0.8457777711862582,ok,0.0,0.09431028997394623,1.0,0.9056897100260538,True,0.16000000000000003,0.3976353643835253,1.0,0.6023646356164747,True
random_forest,100,4,68,0.7902995720399429,4,0.20295465948122826,1.0,True,0.7970453405187717,ok,0.0,0.1184431961325436,1.0,0.8815568038674564,True,0.18999999999999995,0.19412044968324338,0.9936905367902902,0.7995700871070468,True
random_forest,100,4,69,0.7902995720399429,4,0.09421738425946251,1.0,True,0.9057826157405375,ok,0.0,0.06356890256115931,1.0,0.9364310974388407,True,0.12,0.3976353643835253,1.0,0.6023646356164747,True
random_forest,100,4,70,0.7902995720399429,4,0.15422222881374187,1.0,True,0.8457777711862582,ok,0.0,0.10226491003552825,1.0,0.8977350899644717,True,0.17000000000000004,0.19412044968324338,0.9936905367902902,0.7995700871070468,True
random_forest,100,4,71,0.7902995720399429,4,0.09421738425946251,1.0,True,0.9057826157405375,ok,0.0,0.06356890256115931,1.0,0.9364310974388407,True,0.12,0.19412044968324338,0.9936905367902902,0.7995700871070468,True
random_forest,100,4,72,0.7902995720399429,4,0.10858601416902229,1.0,True,0.8914139858309778,ok,0.0,0.07870540492696577,1.0,0.9212945950730342,True,0.14,0.19412044968324338,0.9936905367902902,0.7995700871070468,True
random_forest,100,4,73,0.7902995720399429,4,0.11668513250257657,1.0,True,0.8833148674974234,ok,0.0,0.11031122915326058,1.0,0.8896887708467394,True,0.18000000000000005,0.3976353643835253,1.0,0.6023646356164747,True
random_forest,100,4,74,0.7902995720399429,4,0.0806073231621917,1.0,True,0.9193926768378083,ok,0.0,0.06356890256115931,1.0,0.9364310974388407,True,0.12,0.19412044968324338,0.9936905367902902,0.7995700871070468,True
random_forest,100,4,75,0.7902995720399429,4,0.13862747336047448,1.0,True,0.8613725266395256,ok,2.220446049250313e-16,0.09431028997394623,1.0,0.9056897100260538,True,0.16000000000000003,0.3976353643835253,1.0,0.6023646356164747,True
random_forest,100,4,76,0.7902995720399429,4,0.13863112769831418,1.0,True,0.8613688723016858,ok,1.3877787807814457e-17,0.10226491003552825,1.0,0.8977350899644717,True,0.17000000000000004,0.19412044968324338,0.9936905367902902,0.7995700871070468,True
random_forest,100,4,77,0.7902995720399429,4,0.20295465948122826,1.0,True,0.7970453405187717,ok,0.0,0.1184431961325436,1.0,0.8815568038674564,True,0.18999999999999995,0.3976353643835253,1.0,0.6023646356164747,True
random_forest,100,4,78,0.7902995720399429,4,0.21977484914776443,1.0,True,0.7802251508522355,ok,0.0,0.14330357674981445,1.0,0.8566964232501856,True,0.21999999999999997,0.3976353643835253,1.0,0.6023646356164747,True
random_forest,100,4,79,0.7902995720399429,4,0.1701580082067385,1.0,True,0.8298419917932616,ok,0.0,0.11031122915326058,1.0,0.8896887708467394,True,0.18000000000000005,0.3976353643835253,1.0,0.6023646356164747,True
random_forest,100,4,80,0.7902995720399429,4,0.1093194828535271,1.0,True,0.8906805171464729,ok,1.1102230246251565e-16,0.08645438564164859,1.0,0.9135456143583514,True,0.15000000000000002,0.19412044968324338,0.9936905367902902,0.7995700871070468,True
random_forest,100,4,81,0.7902995720399429,4,0.06800402705015691,1.0,True,0.931995972949843,ok,1.1102230246251565e-16,0.05620702028548746,1.0,0.9437929797145126,True,0.10999999999999999,0.3976353643835253,1.0,0.6023646356164747,True
random_forest,100,4,82,0.7902995720399429,4,0.13862747336047448,1.0,True,0.8613725266395256,ok,1.1102230246251565e-16,0.08645438564164859,1.0,0.9135456143583514,True,0.15000000000000002,0.19412044968324338,0.9936905367902902,0.7995700871070468,True
random_forest,100,4,83,0.7902995720399429,4,0.20295465948122826,1.0,True,0.7970453405187717,ok,0.0,0.14330357674981445,1.0,0.8566964232501856,True,0.21999999999999997,0.06758598648854294,0.932414013511457,0.8648280270229141,True
random_forest,100,4,84,0.7902995720399429,4,0.12956347056647632,1.0,True,0.8704365294335237,ok,0.0,0.11031122915326058,1.0,0.8896887708467394,True,0.18000000000000005,0.06758598648854294,0.932414013511457,0.8648280270229141,True
random_forest,100,4,85,0.7902995720399429,4,0.12340358533756701,1.0,True,0.876596414662433,ok,1.1102230246251565e-16,0.08645438564164859,1.0,0.9135456143583514,True,0.15000000000000002,0.3976353643835253,1.0,0.6023646356164747,True
random_forest,100,4,86,0.7902995720399429,4,0.0959022471573842,1.0,True,0.9040977528426158,ok,1.3877787807814457e-17,0.07870540492696577,1.0,0.9212945950730342,True,0.14,0.19412044968324338,0.9936905367902902,0.7995700871070468,True
random_forest,100,4,87,0.7902995720399429,4,0.12340358533756701,1.0,True,0.876596414662433,ok,1.1102230246251565e-16,0.08645438564164859,1.0,0.9135456143583514,True,0.15000000000000002,0.3976353643835253,1.0,0.6023646356164747,True
random_forest,100,4,88,0.7902995720399429,4,0.1701580082067385,1.0,True,0.8298419917932616,ok,0.0,0.10226491003552825,1.0,0.8977350899644717,True,0.17000000000000004,0.3976353643835253,1.0,0.6023646356164747,True
random_forest,100,4,89,0.7902995720399429,4,0.15422222881374187,1.0,True,0.8457777711862582,ok,0.0,0.10226491003552825,1.0,0.8977350899644717,True,0.17000000000000004,0.3976353643835253,1.0,0.6023646356164747,True
random_forest,100,4,90,0.7902995720399429,4,0.12572255513115183,1.0,True,0.8742774448688482,ok,0.0,0.10226491003552825,1.0,0.8977350899644717,True,0.17000000000000004,0.06758598648854294,0.932414013511457,0.8648280270229141,True
random_forest,100,4,91,0.7902995720399429,4,0.11232127889516365,1.0,True,0.8876787211048364,ok,0.0,0.09431028997394623,1.0,0.9056897100260538,True,0.16000000000000003,0.3976353643835253,1.0,0.6023646356164747,True
random_forest,100,4,92,0.7902995720399429,4,0.08776162257395384,1.0,True,0.9122383774260462,ok,0.0,0.07870540492696577,1.0,0.9212945950730342,True,0.14,0.06758598648854294,0.932414013511457,0.8648280270229141,True
random_forest,100,4,93,0.7902995720399429,4,0.20295465948122826,1.0,True,0.7970453405187717,ok,0.0,0.1349436957053291,1.0,0.8650563042946708,True,0.20999999999999996,0.3976353643835253,1.0,0.6023646356164747,True
random_forest,100,4,94,0.7902995720399429,4,0.18640941999672425,1.0,True,0.8135905800032758,ok,0.0,0.12665555210195584,1.0,0.8733444478980441,True,0.19999999999999996,0.3976353643835253,1.0,0.6023646356164747,True
random_forest,100,4,95,0.7902995720399429,4,0.10858601416902229,1.0,True,0.8914139858309778,ok,0.0,0.07870540492696577,1.0,0.9212945950730342,True,0.14,0.06758598648854294,0.932414013511457,0.8648280270229141,True
random_forest,100,4,96,0.7902995720399429,4,0.13862747336047448,1.0,True,0.8613725266395256,ok,0.0,0.07870540492696577,1.0,0.9212945950730342,True,0.14,0.3976353643835253,1.0,0.6023646356164747,True
random_forest,100,4,97,0.7902995720399429,4,0.13863112769831418,1.0,True,0.8613688723016858,ok,1.3877787807814457e-17,0.10226491003552825,1.0,0.8977350899644717,True,0.17000000000000004,0.06758598648854294,0.932414013511457,0.8648280270229141,True
random_forest,100,4,98,0.7902995720399429,4,0.09423416728749605,1.0,True,0.905765832712504,ok,1.1102230246251565e-16,0.07107304618542953,1.0,0.9289269538145705,True,0.13,0.19412044968324338,0.9936905367902902,0.7995700871070468,True
random_forest,100,4,99,0.7902995720399429,4,0.13862747336047448,1.0,True,0.8613725266395256,ok,2.220446049250313e-16,0.09431028997394623,1.0,0.9056897100260538,True,0.16000000000000003,0.19412044968324338,0.9936905367902902,0.7995700871070468,True
random_forest,100,16,0,0.7902995720399429,16,0.26748165943828456,1.0,True,0.7325183405617155,ok,2.8216318170848353e-13,0.24822350154484418,1.0,0.7517764984551558,True,0.33999999999999997,0.5435434537683883,0.9595262660940541,0.4159828123256658,True
random_forest,100,16,1,0.7902995720399429,16,0.2858778853793872,1.0,True,0.7141221146206128,ok,1.4432899320127035e-15,0.25729377853145113,1.0,0.7427062214685489,True,0.35,0.697679261565468,0.9984188882772341,0.30073962671176613,True
random_forest,100,16,2,0.7902995720399429,16,0.3213645303657192,1.0,True,0.6786354696342808,ok,1.3877787807814457e-17,0.3032947687028774,1.0,0.6967052312971226,True,0.4,0.4762291801038727,0.9273379617471178,0.4511087816432451,True
random_forest,100,16,3,0.7902995720399429,16,0.352454893314389,1.0,True,0.647545106685611,ok,4.440892098500626e-16,0.28476747614147957,1.0,0.7152325238585204,True,0.38,0.35434609430207814,0.8480163249188779,0.49367023061679977,True
random_forest,100,16,4,0.7902995720399429,16,0.25071042444894276,1.0,True,0.7492895755510572,ok,4.440892098500626e-16,0.2391985346226018,1.0,0.7608014653773982,True,0.32999999999999996,0.6165237631507364,0.9844863961845861,0.3679626330338497,True
random_forest,100,16,5,0.7902995720399429,16,0.37179558987477795,1.0,True,0.628204410125222,ok,0.0,0.31261997656757085,1.0,0.6873800234324292,True,0.41000000000000003,0.35434609430207814,0.8480163249188779,0.49367023061679977,True
random_forest,100,16,6,0.7902995720399429,16,0.3523721562466151,1.0,True,0.6476278437533849,ok,1.2212453270876722e-15,0.3219855393547969,1.0,0.6780144606452031,True,0.42000000000000004,0.41337936354864135,0.8898300452828825,0.4764506817342411,True
random_forest,100,16,7,0.7902995720399429,16,0.38625597263829803,1.0,True,0.613744027361702,ok,4.440892098500626e-16,0.34083602372345834,1.0,0.6591639762765417,True,0.43999999999999995,0.5435434537683883,0.9595262660940541,0.4159828123256658,True
random_forest,100,16,8,0.7902995720399429,16,0.34739864692512407,1.0,True,0.652601353074876,ok,2.220446049250313e-16,0.2755665796145515,1.0,0.7244334203854486,True,0.37,0.5435434537683883,0.9595262660940541,0.4159828123256658,True
random_forest,100,16,9,0.7902995720399429,16,0.2964208515328617,1.0,True,0.7035791484671383,ok,6.661338147750939e-16,0.2755665796145515,1.0,0.7244334203854486,True,0.37,0.6165237631507364,0.9844863961845861,0.3679626330338497,True
random_forest,100,16,10,0.7902995720399429,16,0.5494692228458851,1.0,True,0.45053077715411494,ok,0.0,0.4275814848900452,1.0,0.5724185151099548,True,0.53,0.4762291801038727,0.9273379617471178,0.4511087816432451,True
random_forest,100,16,11,0.7902995720399429,16,0.30129677670446753,1.0,True,0.6987032232955325,ok,5.551115123125783e-16,0.2755665796145515,1.0,0.7244334203854486,True,0.37,0.6165237631507364,0.9844863961845861,0.3679626330338497,True
random_forest,100,16,12,0.7902995720399429,16,0.431314735456486,1.0,True,0.568685264543514,ok,1.1102230246251565e-16,0.3694051641943945,1.0,0.6305948358056055,True,0.47,0.5435434537683883,0.9595262660940541,0.4159828123256658,True
random_forest,100,16,13,0.7902995720399429,16,0.34199975563549795,1.0,True,0.6580002443645021,ok,4.3154368967179835e-13,0.294010414853417,1.0,0.7059895851465829,True,0.39,0.2465101114905753,0.7534898885094247,0.5069797770188493,False
random_forest,100,16,14,0.7902995720399429,16,0.31760782246565755,1.0,True,0.6823921775343424,ok,8.881784197001252e-16,0.294010414853417,1.0,0.7059895851465829,True,0.39,0.6165237631507364,0.9844863961845861,0.3679626330338497,True
random_forest,100,16,15,0.7902995720399429,16,0.3512997276289793,1.0,True,0.6487002723710207,ok,2.265465592898863e-12,0.3313910166313832,1.0,0.6686089833686168,True,0.43000000000000005,0.697679261565468,0.9984188882772341,0.30073962671176613,True
random_forest,100,16,16,0.7902995720399429,16,0.4922761038580746,1.0,True,0.5077238961419255,ok,1.1102230246251565e-16,0.41778976540630663,1.0,0.5822102345936934,True,0.52,0.4762291801038727,0.9273379617471178,0.4511087816432451,True
random_forest,100,16,17,0.7902995720399429,16,0.2918879165260854,1.0,True,0.7081120834739145,ok,1.3070655668911968e-12,0.2755665796145515,1.0,0.7244334203854486,True,0.37,0.6165237631507364,0.9844863961845861,0.3679626330338497,True
random_forest,100,16,18,0.7902995720399429,16,0.3523721562466151,1.0,True,0.6476278437533849,ok,6.661338147750939e-16,0.3219855393547969,1.0,0.6780144606452031,True,0.42000000000000004,0.41337936354864135,0.8898300452828825,0.4764506817342411,True
random_forest,100,16,19,0.7902995720399429,16,0.441869689965414,1.0,True,0.558130310034586,ok,1.1102230246251565e-16,0.35984335297941195,1.0,0.640156647020588,True,0.45999999999999996,0.697679261565468,0.9984188882772341,0.30073962671176613,True
random_forest,100,16,20,0.7902995720399429,16,0.37438841155014296,1.0,True,0.625611588449857,ok,0.0,0.34083602372345834,1.0,0.6591639762765417,True,0.43999999999999995,0.7940927857921772,1.0,0.20590721420782276,False
random_forest,100,16,21,0.7902995720399429,16,0.36530954603322074,1.0,True,0.6346904539667793,ok,6.661338147750939e-16,0.3032947687028774,1.0,0.6967052312971226,True,0.4,0.41337936354864135,0.8898300452828825,0.4764506817342411,True
random_forest,100,16,22,0.7902995720399429,16,0.4804534621140133,1.0,True,0.5195465378859867,ok,1.1102230246251565e-16,0.38864416516163774,1.0,0.6113558348383623,True,0.49,0.4762291801038727,0.9273379617471178,0.4511087816432451,True
random_forest,100,16,23,0.7902995720399429,16,0.4804534621140133,1.0,True,0.5195465378859867,ok,2.220446049250313e-16,0.38864416516163774,1.0,0.6113558348383623,True,0.49,0.5435434537683883,0.9595262660940541,0.4159828123256658,True
random_forest,100,16,24,0.7902995720399429,16,0.356635835705013,1.0,True,0.643364164294987,ok,4.440892098500626e-16,0.31261997656757085,1.0,0.6873800234324292,True,0.41000000000000003,0.4762291801038727,0.9273379617471178,0.4511087816432451,True
random_forest,100,16,25,0.7902995720399429,16,0.3565567600119355,1.0,True,0.6434432399880645,ok,0.0,0.3032947687028774,1.0,0.6967052312971226,True,0.4,0.5435434537683883,0.9595262660940541,0.4159828123256658,True
random_forest,100,16,26,0.7902995720399429,16,0.36424121441127794,1.0,True,0.6357587855887221,ok,1.7763568394002505e-15,0.34083602372345834,1.0,0.6591639762765417,True,0.43999999999999995,0.4762291801038727,0.9273379617471178,0.4511087816432451,True
random_forest,100,16,27,0.7902995720399429,16,0.44009973353821513,1.0,True,0.5599002664617849,ok,6.661338147750939e-16,0.38864416516163774,1.0,0.6113558348383623,True,0.49,0.4762291801038727,0.9273379617471178,0.4511087816432451,True
random_forest,100,16,28,0.7902995720399429,16,0.4162285467840449,1.0,True,0.583771453215955,ok,1.3322676295501878e-15,0.35032022923967193,1.0,0.6496797707603281,True,0.44999999999999996,0.6165237631507364,0.9844863961845861,0.3679626330338497,True
random_forest,100,16,29,0.7902995720399429,16,0.2858741771571146,1.0,True,0.7141258228428854,ok,3.3306690738754696e-16,0.25729377853145113,1.0,0.7427062214685489,True,0.35,0.5435434537683883,0.9595262660940541,0.4159828123256658,True
random_forest,100,16,30,0.7902995720399429,16,0.32236676785674256,1.0,True,0.6776332321432574,ok,1.1102230246251565e-15,0.31261997656757085,1.0,0.6873800234324292,True,0.41000000000000003,0.6165237631507364,0.9844863961845861,0.3679626330338497,True
random_forest,100,16,31,0.7902995720399429,16,0.2993313706125504,1.0,True,0.7006686293874496,ok,1.3061635106836889e-12,0.2664084227332345,1.0,0.7335915772667655,True,0.36,0.6165237631507364,0.9844863961845861,0.3679626330338497,True
random_forest,100,16,32,0.7902995720399429,16,0.3426821823608974,1.0,True,0.6573178176391026,ok,6.000477892342815e-13,0.3219855393547969,1.0,0.6780144606452031,True,0.42000000000000004,0.35434609430207814,0.8480163249188779,0.49367023061679977,True
random_forest,100,16,33,0.7902995720399429,16,0.3471221407137975,1.0,True,0.6528778592862026,ok,1.1102230246251565e-15,0.3313910166313832,1.0,0.6686089833686168,True,0.43000000000000005,0.6165237631507364,0.9844863961845861,0.3679626330338497,True
random_forest,100,16,34,0.7902995720399429,16,0.4806171895064638,1.0,True,0.5193828104935362,ok,1.1102230246251565e-16,0.3694051641943945,1.0,0.6305948358056055,True,0.47,0.35434609430207814,0.8480163249188779,0.49367023061679977,True
random_forest,100,16,35,0.7902995720399429,16,0.3943067478447332,1.0,True,0.6056932521552668,ok,4.440892098500626e-16,0.35032022923967193,1.0,0.6496797707603281,True,0.44999999999999996,0.4762291801038727,0.9273379617471178,0.4511087816432451,True
random_forest,100,16,36,0.7902995720399429,16,0.37213956995773384,1.0,True,0.6278604300422661,ok,1.1102230246251565e-16,0.3313910166313832,1.0,0.6686089833686168,True,0.43000000000000005,0.6165237631507364,0.9844863961845861,0.3679626330338497,True
random_forest,100,16,37,0.7902995720399429,16,0.4414141510210363,1.0,True,0.5585858489789637,ok,8.881784197001252e-16,0.35984335297941195,1.0,0.640156647020588,True,0.45999999999999996,0.6165237631507364,0.9844863961845861,0.3679626330338497,True
random_forest,100,16,38,0.7902995720399429,16,0.46415007951463894,1.0,True,0.5358499204853611,ok,2.7755575615628914e-17,0.41778976540630663,1.0,0.5822102345936934,True,0.52,0.4762291801038727,0.9273379617471178,0.4511087816432451,True
random_forest,100,16,39,0.7902995720399429,16,0.29642362784891335,1.0,True,0.7035763721510866,ok,6.661338147750939e-16,0.2755665796145515,1.0,0.7244334203854486,True,0.37,0.4762291801038727,0.9273379617471178,0.4511087816432451,True
random_forest,100,16,40,0.7902995720399429,16,0.27255877731104083,1.0,True,0.7274412226889592,ok,2.220446049250313e-16,0.24822350154484418,1.0,0.7517764984551558,True,0.33999999999999997,0.697679261565468,0.9984188882772341,0.30073962671176613,True
random_forest,100,16,41,0.7902995720399429,16,0.275493822658883,1.0,True,0.724506177341117,ok,8.881784197001252e-16,0.25729377853145113,1.0,0.7427062214685489,True,0.35,0.697679261565468,0.9984188882772341,0.30073962671176613,True
random_forest,100,16,42,0.7902995720399429,16,0.393468277530522,1.0,True,0.606531722469478,ok,2.220446049250313e-16,0.34083602372345834,1.0,0.6591639762765417,True,0.43999999999999995,0.4762291801038727,0.9273379617471178,0.4511087816432451,True
random_forest,100,16,43,0.7902995720399429,16,0.48062970094999113,1.0,True,0.5193702990500089,ok,1.1102230246251565e-16,0.3694051641943945,1.0,0.6305948358056055,True,0.47,0.41337936354864135,0.8898300452828825,0.4764506817342411,True
random_forest,100,16,44,0.7902995720399429,16,0.3502053567688127,1.0,True,0.6497946432311873,ok,1.1102230246251565e-16,0.31261997656757085,1.0,0.6873800234324292,True,0.41000000000000003,0.4762291801038727,0.9273379617471178,0.4511087816432451,True
random_forest,100,16,45,0.7902995720399429,16,0.30129677670446753,1.0,True,0.6987032232955325,ok,6.905032101656161e-13,0.2755665796145515,1.0,0.7244334203854486,True,0.37,0.4762291801038727,0.9273379617471178,0.4511087816432451,True
random_forest,100,16,46,0.7902995720399429,16,0.3298951751277573,1.0,True,0.6701048248722428,ok,1.6334156249797616e-12,0.31261997656757085,1.0,0.6873800234324292,True,0.41000000000000003,0.41337936354864135,0.8898300452828825,0.4764506817342411,True
random_forest,100,16,47,0.7902995720399429,16,0.37378125487950625,1.0,True,0.6262187451204937,ok,2.220446049250313e-16,0.35984335297941195,1.0,0.640156647020588,True,0.45999999999999996,0.5435434537683883,0.9595262660940541,0.4159828123256658,True
random_forest,100,16,48,0.7902995720399429,16,0.31760782246565755,1.0,True,0.6823921775343424,ok,0.0,0.294010414853417,1.0,0.7059895851465829,True,0.39,0.6165237631507364,0.9844863961845861,0.3679626330338497,True
random_forest,100,16,49,0.7902995720399429,16,0.3926996145914584,1.0,True,0.6073003854085416,ok,4.440892098500626e-16,0.294010414853417,1.0,0.7059895851465829,True,0.39,0.697679261565468,0.9984188882772341,0.30073962671176613,True
random_forest,100,16,50,0.7902995720399429,16,0.4030231458403372,1.0,True,0.5969768541596627,ok,3.5385999685999536e-12,0.3313910166313832,1.0,0.6686089833686168,True,0.43000000000000005,0.6165237631507364,0.9844863961845861,0.3679626330338497,True
random_forest,100,16,51,0.7902995720399429,16,0.378620286942344,1.0,True,0.6213797130576559,ok,1.1102230246251565e-16,0.3219855393547969,1.0,0.6780144606452031,True,0.42000000000000004,0.4762291801038727,0.9273379617471178,0.4511087816432451,True
random_forest,100,16,52,0.7902995720399429,16,0.4188435002635506,1.0,True,0.5811564997364493,ok,3.3306690738754696e-16,0.34083602372345834,1.0,0.6591639762765417,True,0.43999999999999995,0.41337936354864135,0.8898300452828825,0.4764506817342411,True
random_forest,100,16,53,0.7902995720399429,16,0.4330671236877101,1.0,True,0.5669328763122898,ok,1.3877787807814457e-17,0.38864416516163774,1.0,0.6113558348383623,True,0.49,0.4762291801038727,0.9273379617471178,0.4511087816432451,True
random_forest,100,16,54,0.7902995720399429,16,0.34235888287563543,1.0,True,0.6576411171243646,ok,3.3306690738754696e-16,0.2664084227332345,1.0,0.7335915772667655,True,0.36,0.41337936354864135,0.8898300452828825,0.4764506817342411,True
random_forest,100,16,55,0.7902995720399429,16,0.28026276394061345,1.0,True,0.7197372360593866,ok,3.3306690738754696e-16,0.25729377853145113,1.0,0.7427062214685489,True,0.35,0.41337936354864135,0.8898300452828825,0.4764506817342411,True
random_forest,100,16,56,0.7902995720399429,16,0.2993313706125504,1.0,True,0.7006686293874496,ok,7.771561172376096e-16,0.2664084227332345,1.0,0.7335915772667655,True,0.36,0.5435434537683883,0.9595262660940541,0.4159828123256658,True
random_forest,100,16,57,0.7902995720399429,16,0.2554122439841734,1.0,True,0.7445877560158266,ok,7.771561172376096e-16,0.24822350154484418,1.0,0.7517764984551558,True,0.33999999999999997,0.6165237631507364,0.9844863961845861,0.3679626330338497,True
random_forest,100,16,58,0.7902995720399429,16,0.4193587942084396,1.0,True,0.5806412057915604,ok,0.0,0.34083602372345834,1.0,0.6591639762765417,True,0.43999999999999995,0.41337936354864135,0.8898300452828825,0.4764506817342411,True
random_forest,100,16,59,0.7902995720399429,16,0.33077342669738263,1.0,True,0.6692265733026174,ok,6.661338147750939e-16,0.3032947687028774,1.0,0.6967052312971226,True,0.4,0.6165237631507364,0.9844863961845861,0.3679626330338497,True
random_forest,100,16,60,0.7902995720399429,16,0.37861367410389934,1.0,True,0.6213863258961007,ok,4.440892098500626e-16,0.3219855393547969,1.0,0.6780144606452031,True,0.42000000000000004,0.4762291801038727,0.9273379617471178,0.4511087816432451,True
random_forest,100,16,61,0.7902995720399429,16,0.2894712517287798,1.0,True,0.7105287482712201,ok,8.881784197001252e-16,0.23021991676157702,1.0,0.769780083238423,True,0.31999999999999995,0.4762291801038727,0.9273379617471178,0.4511087816432451,True
random_forest,100,16,62,0.7902995720399429,16,0.3581434566221736,1.0,True,0.6418565433778264,ok,4.440892098500626e-16,0.3219855393547969,1.0,0.6780144606452031,True,0.42000000000000004,0.5435434537683883,0.9595262660940541,0.4159828123256658,True
random_forest,100,16,63,0.7902995720399429,16,0.3390462600497696,1.0,True,0.6609537399502303,ok,2.220446049250313e-16,0.31261997656757085,1.0,0.6873800234324292,True,0.41000000000000003,0.5435434537683883,0.9595262660940541,0.4159828123256658,True
random_forest,100,16,64,0.7902995720399429,16,0.3213623083834331,1.0,True,0.6786376916165668,ok,1.9502455206321656e-13,0.3032947687028774,1.0,0.6967052312971226,True,0.4,0.35434609430207814,0.8480163249188779,0.49367023061679977,True
random_forest,100,16,65,0.7902995720399429,16,0.3076127708740741,1.0,True,0.6923872291259259,ok,5.551115123125783e-16,0.25729377853145113,1.0,0.7427062214685489,True,0.35,0.4762291801038727,0.9273379617471178,0.4511087816432451,True
random_forest,100,16,66,0.7902995720399429,16,0.3132833296554415,1.0,True,0.6867166703445585,ok,1.3322676295501878e-15,0.2755665796145515,1.0,0.7244334203854486,True,0.37,0.4762291801038727,0.9273379617471178,0.4511087816432451,True
random_forest,100,16,67,0.7902995720399429,16,0.378675867968787,1.0,True,0.6213241320312131,ok,4.440892098500626e-16,0.3313910166313832,1.0,0.6686089833686168,True,0.43000000000000005,0.41337936354864135,0.8898300452828825,0.4764506817342411,True
random_forest,100,16,68,0.7902995720399429,16,0.30706389979008547,1.0,True,0.6929361002099146,ok,4.410777298957669e-13,0.2755665796145515,1.0,0.7244334203854486,True,0.37,0.697679261565468,0.9984188882772341,0.30073962671176613,True
random_forest,100,16,69,0.7902995720399429,16,0.3191955310898584,1.0,True,0.6808044689101416,ok,2.220446049250313e-16,0.31261997656757085,1.0,0.6873800234324292,True,0.41000000000000003,0.6165237631507364,0.9844863961845861,0.3679626330338497,True
random_forest,100,16,70,0.7902995720399429,16,0.3346880600261752,1.0,True,0.6653119399738248,ok,1.5543122344752192e-15,0.3219855393547969,1.0,0.6780144606452031,True,0.42000000000000004,0.5435434537683883,0.9595262660940541,0.4159828123256658,True
random_forest,100,16,71,0.7902995720399429,16,0.3729418202545884,1.0,True,0.6270581797454116,ok,1.7165435739485702e-13,0.35032022923967193,1.0,0.6496797707603281,True,0.44999999999999996,0.41337936354864135,0.8898300452828825,0.4764506817342411,True
random_forest,100,16,72,0.7902995720399429,16,0.2608419812748719,1.0,True,0.7391580187251281,ok,1.734723475976807e-18,0.25729377853145113,1.0,0.7427062214685489,True,0.35,0.4762291801038727,0.9273379617471178,0.4511087816432451,True
random_forest,100,16,73,0.7902995720399429,16,0.3638933263972313,1.0,True,0.6361066736027687,ok,1.3322676295501878e-15,0.31261997656757085,1.0,0.6873800234324292,True,0.41000000000000003,0.35434609430207814,0.8480163249188779,0.49367023061679977,True
random_forest,100,16,74,0.7902995720399429,16,0.35020894278521686,1.0,True,0.6497910572147831,ok,8.470329472543003e-22,0.31261997656757085,1.0,0.6873800234324292,True,0.41000000000000003,0.5435434537683883,0.9595262660940541,0.4159828123256658,True
random_forest,100,16,75,0.7902995720399429,16,0.3348356666233852,1.0,True,0.6651643333766148,ok,8.881784197001252e-16,0.294010414853417,1.0,0.7059895851465829,True,0.39,0.35434609430207814,0.8480163249188779,0.49367023061679977,True
random_forest,100,16,76,0.7902995720399429,16,0.4186883603241325,1.0,True,0.5813116396758675,ok,1.1102230246251565e-16,0.37900548017795854,1.0,0.6209945198220415,True,0.48,0.4762291801038727,0.9273379617471178,0.4511087816432451,True
random_forest,100,16,77,0.7902995720399429,16,0.33847061234605014,1.0,True,0.6615293876539499,ok,4.440892098500626e-16,0.3219855393547969,1.0,0.6780144606452031,True,0.42000000000000004,0.35434609430207814,0.8480163249188779,0.49367023061679977,True
random_forest,100,16,78,0.7902995720399429,16,0.32034988316560825,1.0,True,0.6796501168343918,ok,2.220446049250313e-16,0.2755665796145515,1.0,0.7244334203854486,True,0.37,0.6165237631507364,0.9844863961845861,0.3679626330338497,True
random_forest,100,16,79,0.7902995720399429,16,0.3939029710123254,1.0,True,0.6060970289876746,ok,8.470329472543003e-22,0.3313910166313832,1.0,0.6686089833686168,True,0.43000000000000005,0.35434609430207814,0.8480163249188779,0.49367023061679977,True
random_forest,100,16,80,0.7902995720399429,16,0.27116314319222573,1.0,True,0.7288368568077743,ok,1.3877787807814457e-17,0.25729377853145113,1.0,0.7427062214685489,True,0.35,0.5435434537683883,0.9595262660940541,0.4159828123256658,True
random_forest,100,16,81,0.7902995720399429,16,0.5371872521846327,1.0,True,0.4628127478153673,ok,1.1102230246251565e-16,0.4275814848900452,1.0,0.5724185151099548,True,0.53,0.4762291801038727,0.9273379617471178,0.4511087816432451,True
random_forest,100,16,82,0.7902995720399429,16,0.40517689344654473,1.0,True,0.5948231065534553,ok,9.28507271069634e-13,0.3694051641943945,1.0,0.6305948358056055,True,0.47,0.6165237631507364,0.9844863961845861,0.3679626330338497,True
random_forest,100,16,83,0.7902995720399429,16,0.3868875506590111,1.0,True,0.613112449340989,ok,0.0,0.2755665796145515,1.0,0.7244334203854486,True,0.37,0.35434609430207814,0.8480163249188779,0.49367023061679977,True
random_forest,100,16,84,0.7902995720399429,16,0.2935642475269325,1.0,True,0.7064357524730676,ok,2.220446049250313e-16,0.2664084227332345,1.0,0.7335915772667655,True,0.36,0.5435434537683883,0.9595262660940541,0.4159828123256658,True
random_forest,100,16,85,0.7902995720399429,16,0.33847061234605014,1.0,True,0.6615293876539499,ok,0.0,0.3219855393547969,1.0,0.6780144606452031,True,0.42000000000000004,0.5435434537683883,0.9595262660940541,0.4159828123256658,True
random_forest,100,16,86,0.7902995720399429,16,0.4480899385272833,1.0,True,0.5519100614727167,ok,0.0,0.3694051641943945,1.0,0.6305948358056055,True,0.47,0.35434609430207814,0.8480163249188779,0.49367023061679977,True
random_forest,100,16,87,0.7902995720399429,16,0.31357587621170935,1.0,True,0.6864241237882907,ok,1.1102230246251565e-16,0.2664084227332345,1.0,0.7335915772667655,True,0.36,0.2987768990831778,0.8024658594673321,0.5036889603841543,True
random_forest,100,16,88,0.7902995720399429,16,0.3962938315093877,1.0,True,0.6037061684906123,ok,6.430689314385063e-13,0.35984335297941195,1.0,0.640156647020588,True,0.45999999999999996,0.5435434537683883,0.9595262660940541,0.4159828123256658,True
random_forest,100,16,89,0.7902995720399429,16,0.32265340410159815,1.0,True,0.6773465958984018,ok,2.220446049250313e-16,0.294010414853417,1.0,0.7059895851465829,True,0.39,0.5435434537683883,0.9595262660940541,0.4159828123256658,True
random_forest,100,16,90,0.7902995720399429,16,0.3148381368169878,1.0,True,0.6851618631830122,ok,1.3044426649955199e-12,0.28476747614147957,1.0,0.7152325238585204,True,0.38,0.41337936354864135,0.8898300452828825,0.4764506817342411,True
random_forest,100,16,91,0.7902995720399429,16,0.4806171895064638,1.0,True,0.5193828104935362,ok,1.1102230246251565e-16,0.3694051641943945,1.0,0.6305948358056055,True,0.47,0.6165237631507364,0.9844863961845861,0.3679626330338497,True
random_forest,100,16,92,0.7902995720399429,16,0.38625597263829803,1.0,True,0.613744027361702,ok,2.220446049250313e-16,0.34083602372345834,1.0,0.6591639762765417,True,0.43999999999999995,0.6165237631507364,0.9844863961845861,0.3679626330338497,True
random_forest,100,16,93,0.7902995720399429,16,0.36525864562616844,1.0,True,0.6347413543738316,ok,4.440892098500626e-16,0.3219855393547969,1.0,0.6780144606452031,True,0.42000000000000004,0.5435434537683883,0.9595262660940541,0.4159828123256658,True
random_forest,100,16,94,0.7902995720399429,16,0.38889643243125954,1.0,True,0.6111035675687404,ok,4.440892098500626e-16,0.35032022923967193,1.0,0.6496797707603281,True,0.44999999999999996,0.697679261565468,0.9984188882772341,0.30073962671176613,True
random_forest,100,16,95,0.7902995720399429,16,0.36424121441127794,1.0,True,0.6357587855887221,ok,4.440892098500626e-16,0.34083602372345834,1.0,0.6591639762765417,True,0.43999999999999995,0.7940927857921772,1.0,0.20590721420782276,False
random_forest,100,16,96,0.7902995720399429,16,0.32265340410159815,1.0,True,0.6773465958984018,ok,2.220446049250313e-16,0.294010414853417,1.0,0.7059895851465829,True,0.39,0.35434609430207814,0.8480163249188779,0.49367023061679977,True
random_forest,100,16,97,0.7902995720399429,16,0.37179558987477795,1.0,True,0.628204410125222,ok,2.220446049250313e-16,0.31261997656757085,1.0,0.6873800234324292,True,0.41000000000000003,0.41337936354864135,0.8898300452828825,0.4764506817342411,True
random_forest,100,16,98,0.7902995720399429,16,0.4972619838309063,1.0,True,0.5027380161690937,ok,0.0,0.39832112950330095,1.0,0.6016788704966991,True,0.5,0.41337936354864135,0.8898300452828825,0.4764506817342411,True
random_forest,100,16,99,0.7902995720399429,16,0.3499323628915931,1.0,True,0.6500676371084069,ok,1.1102230246251565e-16,0.294010414853417,1.0,0.7059895851465829,True,0.39,0.41337936354864135,0.8898300452828825,0.4764506817342411,True
random_forest,100,64,0,0.7902995720399429,65,0.7086913935282535,1.0,True,0.2913086064717465,ok,0.0,0.7081573109113719,1.0,0.2918426890886281,True,0.8,0.6823120281183095,0.8889841651132548,0.20667213699494535,True
random_forest,100,64,1,0.7902995720399429,65,0.6205334209730843,1.0,True,0.3794665790269157,ok,2.220446049250313e-16,0.6213329952827327,1.0,0.37866700471726733,True,0.72,0.6823120281183095,0.8889841651132548,0.20667213699494535,True
random_forest,100,64,2,0.7902995720399429,65,0.6856363698535025,1.0,True,0.3143636301464975,ok,1.1102230246251565e-16,0.686080346213682,1.0,0.31391965378631803,True,0.78,0.6997163826053059,0.90080033981516,0.20108395720985406,True
random_forest,100,64,3,0.7902995720399429,65,0.6666430310785784,1.0,True,0.33335696892142164,ok,1.1102230246251565e-16,0.6751412672248971,1.0,0.3248587327751029,True,0.77,0.7533617146788831,0.9346803759921305,0.18131866131324736,True
random_forest,100,64,4,0.7902995720399429,65,0.5540710718511941,0.9358416222205725,True,0.38177055036937846,ok,1.6237011735142914e-15,0.5584667322490411,1.0,0.4415332677509589,True,0.6599999999999999,0.7352164914005872,0.9236784215999996,0.18846193019941238,True
random_forest,100,64,5,0.7902995720399429,65,0.5174200147223638,0.8775741450335136,True,0.36015413031114984,ok,1.1102230246251565e-16,0.527648359448317,1.0,0.472351640551683,True,0.63,0.7533617146788831,0.9346803759921305,0.18131866131324736,True
random_forest,100,64,6,0.7902995720399429,65,0.6060654421263686,0.988495722905461,True,0.38243028077909236,ok,0.0,0.6107340410925517,1.0,0.3892659589074483,True,0.71,0.6651126854524476,0.87694692475782,0.21183423930537237,True
random_forest,100,64,7,0.7902995720399429,65,0.5861656016511657,0.976876095954866,True,0.3907104943037003,ok,1.1102230246251565e-16,0.5896854458398009,1.0,0.41031455416019913,True,0.69,0.6481033437257786,0.8647062868093746,0.21660294308359596,True
random_forest,100,64,8,0.7902995720399429,65,0.653236576992414,1.0,True,0.346763423007586,ok,3.469446951953614e-18,0.6534475042411916,1.0,0.3465524957588084,True,0.75,0.6481033437257786,0.8647062868093746,0.21660294308359596,True
random_forest,100,64,9,0.7902995720399429,65,0.4921989728810838,0.8861511036541349,True,0.3939521307730511,ok,1.1102230246251565e-16,0.4972091504223347,1.0,0.5027908495776653,True,0.6,0.6823120281183095,0.8889841651132548,0.20667213699494535,True
random_forest,100,64,10,0.7902995720399429,65,0.5945659910345672,0.9740229682122425,True,0.37945697717767535,ok,0.0,0.6001853238201958,1.0,0.39981467617980415,True,0.7,0.6481033437257786,0.8647062868093746,0.21660294308359596,True
random_forest,100,64,11,0.7902995720399429,65,0.6156850321431411,0.990252591110281,True,0.3745675589671399,ok,2.498001805406602e-16,0.6213329952827327,1.0,0.37866700471726733,True,0.72,0.6481033437257786,0.8647062868093746,0.21660294308359596,True
random_forest,100,64,12,0.7902995720399429,65,0.5735310049295909,0.9560744978068664,True,0.3825434928772755,ok,3.259059688787147e-13,0.5792331383683775,1.0,0.42076686163162247,True,0.6799999999999999,0.6481033437257786,0.8647062868093746,0.21660294308359596,True
random_forest,100,64,13,0.7902995720399429,65,0.6581720048699761,1.0,True,0.34182799513002393,ok,1.1102230246251565e-16,0.6534475042411916,1.0,0.3465524957588084,True,0.75,0.7906184007420958,0.9555913430791529,0.16497294233705717,False
random_forest,100,64,14,0.7902995720399429,65,0.5747538563567577,0.9618763727517093,True,0.38712251639495165,ok,2.710505431213761e-20,0.5792331383683775,1.0,0.42076686163162247,True,0.6799999999999999,0.7352164914005872,0.9236784215999996,0.18846193019941238,True
random_forest,100,64,15,0.7902995720399429,65,0.6155047823260007,0.9912539186051059,True,0.3757491362791052,ok,1.1102230246251565e-16,0.6213329952827327,1.0,0.37866700471726733,True,0.72,0.7352164914005872,0.9236784215999996,0.18846193019941238,True
random_forest,100,64,16,0.7902995720399429,65,0.5323112401522097,0.9218742273981029,True,0.3895629872458932,ok,2.710505431213761e-20,0.5378781066725769,1.0,0.46212189332742315,True,0.64,0.6823120281183095,0.8889841651132548,0.20667213699494535,True
random_forest,100,64,17,0.7902995720399429,65,0.5436342659313576,0.9362871631632887,True,0.3926528972319312,ok,6.861178292183467e-14,0.5481506381760306,1.0,0.4518493618239694,True,0.65,0.6146062633703777,0.8396712447265422,0.22506498135616448,True
random_forest,100,64,18,0.7902995720399429,65,0.6366669110132457,1.0,True,0.3633330889867543,ok,1.1102230246251565e-16,0.6426879368998963,1.0,0.35731206310010366,True,0.74,0.6312714174061589,0.8522769454002582,0.22100552799409934,True
random_forest,100,64,19,0.7902995720399429,65,0.5992015348400838,0.9911325923731603,True,0.39193105753307655,ok,5.745404152435185e-15,0.6001853238201958,1.0,0.39981467617980415,True,0.7,0.6481033437257786,0.8647062868093746,0.21660294308359596,True
random_forest,100,64,20,0.7902995720399429,65,0.5423468627448363,0.9283610633340583,True,0.386014200589222,ok,1.1102230246251565e-16,0.5481506381760306,1.0,0.4518493618239694,True,0.65,0.7718141059386241,0.945336898398113,0.17352279245948887,True
random_forest,100,64,21,0.7902995720399429,65,0.6340538744932923,0.9878030846755895,True,0.3537492101822972,ok,2.220446049250313e-16,0.6426879368998963,1.0,0.35731206310010366,True,0.74,0.5494504329002265,0.7876723930606071,0.23822196016038055,False
random_forest,100,64,22,0.7902995720399429,65,0.6464976145753235,1.0,True,0.3535023854246765,ok,1.1102230246251565e-16,0.6534475042411916,1.0,0.3465524957588084,True,0.75,0.6481033437257786,0.8647062868093746,0.21660294308359596,True
random_forest,100,64,23,0.7902995720399429,65,0.5406974800745588,0.9175625065972294,True,0.3768650265226706,ok,2.220446049250313e-16,0.5481506381760306,1.0,0.4518493618239694,True,0.65,0.6651126854524476,0.87694692475782,0.21183423930537237,True
random_forest,100,64,24,0.7902995720399429,65,0.6046836300325358,0.9821757229897548,True,0.37749209295721897,ok,1.1102230246251565e-16,0.6107340410925517,1.0,0.3892659589074483,True,0.71,0.7533617146788831,0.9346803759921305,0.18131866131324736,True
random_forest,100,64,25,0.7902995720399429,65,0.6797244722096573,1.0,True,0.32027552779034274,ok,2.220446049250313e-16,0.6751412672248971,1.0,0.3248587327751029,True,0.77,0.7906184007420958,0.9555913430791529,0.16497294233705717,False
random_forest,100,64,26,0.7902995720399429,65,0.6397700929297522,1.0,True,0.3602299070702478,ok,1.1102230246251565e-16,0.6426879368998963,1.0,0.35731206310010366,True,0.74,0.5980988186506566,0.8268996405978064,0.2288008219471498,True
random_forest,100,64,27,0.7902995720399429,65,0.7030859063377953,1.0,True,0.29691409366220467,ok,2.220446049250313e-16,0.6970846206494593,1.0,0.3029153793505407,True,0.79,0.7533617146788831,0.9346803759921305,0.18131866131324736,True
random_forest,100,64,28,0.7902995720399429,65,0.6610289649959499,1.0,True,0.3389710350040501,ok,1.1102230246251565e-16,0.6642645107290014,1.0,0.3357354892709986,True,0.76,0.7352164914005872,0.9236784215999996,0.18846193019941238,True
random_forest,100,64,29,0.7902995720399429,65,0.6241614153394922,0.9825499628040842,True,0.35838854746459203,ok,8.382183835919932e-15,0.6319837270910251,1.0,0.3680162729089749,True,0.73,0.6997163826053059,0.90080033981516,0.20108395720985406,True
random_forest,100,64,30,0.7902995720399429,65,0.6343702933760237,1.0,True,0.3656297066239763,ok,6.026845689177662e-12,0.6213329952827327,1.0,0.37866700471726733,True,0.72,0.5655271109662937,0.8008931080792977,0.235365997113004,True
random_forest,100,64,31,0.7902995720399429,65,0.603609588180093,0.9739915105922676,True,0.3703819224121746,ok,2.7422508708241367e-14,0.6107340410925517,1.0,0.3892659589074483,True,0.71,0.6823120281183095,0.8889841651132548,0.20667213699494535,True
random_forest,100,64,32,0.7902995720399429,65,0.5622906505220431,0.9391087322545584,True,0.3768180817325153,ok,1.1102230246251565e-16,0.5688272492224368,1.0,0.43117275077756323,True,0.6699999999999999,0.7352164914005872,0.9236784215999996,0.18846193019941238,True
random_forest,100,64,33,0.7902995720399429,65,0.4960049951348927,0.9256815531552499,True,0.4296765580203572,ok,2.220446049250313e-16,0.48714420376677076,1.0,0.5128557962332292,True,0.5900000000000001,0.7173438415040521,0.9123739451185258,0.1950301036144737,True
random_forest,100,64,34,0.7902995720399429,65,0.7003397411910001,1.0,True,0.29966025880899994,ok,2.220446049250313e-16,0.6970846206494593,1.0,0.3029153793505407,True,0.79,0.6481033437257786,0.8647062868093746,0.21660294308359596,True
random_forest,100,64,35,0.7902995720399429,65,0.5763338934509256,0.9702952686155087,True,0.3939613751645832,ok,1.1102230246251565e-16,0.5792331383683775,1.0,0.42076686163162247,True,0.6799999999999999,0.6146062633703777,0.8396712447265422,0.22506498135616448,True
random_forest,100,64,36,0.7902995720399429,65,0.630594840530625,1.0,True,0.369405159469375,ok,1.3877787807814457e-17,0.6319837270910251,1.0,0.3680162729089749,True,0.73,0.7352164914005872,0.9236784215999996,0.18846193019941238,True
random_forest,100,64,37,0.7902995720399429,65,0.6464917225789162,1.0,True,0.3535082774210838,ok,2.220446049250313e-16,0.6534475042411916,1.0,0.3465524957588084,True,0.75,0.6997163826053059,0.90080033981516,0.20108395720985406,True
random_forest,100,64,38,0.7902995720399429,65,0.675973588995074,1.0,True,0.324026411004926,ok,0.0,0.6642645107290014,1.0,0.3357354892709986,True,0.76,0.5494504329002265,0.7876723930606071,0.23822196016038055,False
random_forest,100,64,39,0.7902995720399429,65,0.6378434207118276,1.0,True,0.36215657928817235,ok,8.409939411535561e-15,0.6426879368998963,1.0,0.35731206310010366,True,0.74,0.7718141059386241,0.945336898398113,0.17352279245948887,True
random_forest,100,64,40,0.7902995720399429,65,0.5780348584075752,0.9198874683276556,True,0.3418526099200804,ok,1.1102230246251565e-16,0.5896854458398009,1.0,0.41031455416019913,True,0.69,0.6651126854524476,0.87694692475782,0.21183423930537237,True
random_forest,100,64,41,0.7902995720399429,65,0.5785646249447376,0.9813910782279501,True,0.40282645328321254,ok,1.1102230246251565e-16,0.5792331383683775,1.0,0.42076686163162247,True,0.6799999999999999,0.5494504329002265,0.7876723930606071,0.23822196016038055,False
random_forest,100,64,42,0.7902995720399429,65,0.6249713111950929,0.9941831130444893,True,0.3692118018493964,ok,1.1102230246251565e-16,0.6319837270910251,1.0,0.3680162729089749,True,0.73,0.7718141059386241,0.945336898398113,0.17352279245948887,True
random_forest,100,64,43,0.7902995720399429,65,0.6645635871284482,1.0,True,0.3354364128715518,ok,8.646694471536875e-13,0.6642645107290014,1.0,0.3357354892709986,True,0.76,0.6651126854524476,0.87694692475782,0.21183423930537237,True
random_forest,100,64,44,0.7902995720399429,65,0.5704776411308575,0.9384935810153574,True,0.3680159398844999,ok,1.3862633263528323e-11,0.5792331383683775,1.0,0.42076686163162247,True,0.6799999999999999,0.6823120281183095,0.8889841651132548,0.20667213699494535,True
random_forest,100,64,45,0.7902995720399429,65,0.5655253481919833,0.9607679215591803,True,0.39524257336719704,ok,5.551115123125783e-17,0.5688272492224368,1.0,0.43117275077756323,True,0.6699999999999999,0.6481033437257786,0.8647062868093746,0.21660294308359596,True
random_forest,100,64,46,0.7902995720399429,65,0.5173703410071748,0.8753971898558907,True,0.35802684884871583,ok,1.1102230246251565e-16,0.527648359448317,1.0,0.472351640551683,True,0.63,0.6481033437257786,0.8647062868093746,0.21660294308359596,True
random_forest,100,64,47,0.7902995720399429,65,0.6098663451990359,1.0,True,0.39013365480096407,ok,1.1102230246251565e-16,0.6107340410925517,1.0,0.3892659589074483,True,0.71,0.5817413241612237,0.8139710481632012,0.2322297240019775,True
random_forest,100,64,48,0.7902995720399429,65,0.640091473631903,1.0,True,0.359908526368097,ok,1.1102230246251565e-16,0.6319837270910251,1.0,0.3680162729089749,True,0.73,0.6146062633703777,0.8396712447265422,0.22506498135616448,True
random_forest,100,64,49,0.7902995720399429,65,0.6352938212719501,1.0,True,0.3647061787280499,ok,1.1102230246251565e-16,0.6319837270910251,1.0,0.3680162729089749,True,0.73,0.6823120281183095,0.8889841651132548,0.20667213699494535,True
random_forest,100,64,50,0.7902995720399429,65,0.5326317592232053,0.9560321467103986,True,0.42340038748719333,ok,2.942091015256665e-15,0.527648359448317,1.0,0.472351640551683,True,0.63,0.6146062633703777,0.8396712447265422,0.22506498135616448,True
random_forest,100,64,51,0.7902995720399429,65,0.6553897318510907,1.0,True,0.34461026814890927,ok,2.710505431213761e-20,0.6534475042411916,1.0,0.3465524957588084,True,0.75,0.6312714174061589,0.8522769454002582,0.22100552799409934,True
random_forest,100,64,52,0.7902995720399429,65,0.5957715682050816,0.978766130734953,True,0.3829945625298714,ok,1.3156142841808105e-14,0.6001853238201958,1.0,0.39981467617980415,True,0.7,0.7352164914005872,0.9236784215999996,0.18846193019941238,True
random_forest,100,64,53,0.7902995720399429,65,0.6012464879922063,0.9555387764073595,True,0.35429228841515326,ok,1.1102230246251565e-16,0.6107340410925517,1.0,0.3892659589074483,True,0.71,0.6651126854524476,0.87694692475782,0.21183423930537237,True
random_forest,100,64,54,0.7902995720399429,65,0.5403036318346661,0.9185440292746709,True,0.3782403974400048,ok,1.1102230246251565e-16,0.5481506381760306,1.0,0.4518493618239694,True,0.65,0.7352164914005872,0.9236784215999996,0.18846193019941238,True
random_forest,100,64,55,0.7902995720399429,65,0.5696664434858589,0.9294588207576477,True,0.3597923772717888,ok,1.1102230246251565e-16,0.5792331383683775,1.0,0.42076686163162247,True,0.6799999999999999,0.6823120281183095,0.8889841651132548,0.20667213699494535,True
random_forest,100,64,56,0.7902995720399429,65,0.5631904377661424,0.9454794272993227,True,0.38228898953318025,ok,1.1102230246251565e-16,0.5688272492224368,1.0,0.43117275077756323,True,0.6699999999999999,0.6146062633703777,0.8396712447265422,0.22506498135616448,True
random_forest,100,64,57,0.7902995720399429,65,0.6153938756023667,0.9912416242630713,True,0.3758477486607046,ok,1.1102230246251565e-16,0.6213329952827327,1.0,0.37866700471726733,True,0.72,0.7533617146788831,0.9346803759921305,0.18131866131324736,True
random_forest,100,64,58,0.7902995720399429,65,0.6580091054717531,1.0,True,0.34199089452824694,ok,1.1102230246251565e-16,0.6534475042411916,1.0,0.3465524957588084,True,0.75,0.7352164914005872,0.9236784215999996,0.18846193019941238,True
random_forest,100,64,59,0.7902995720399429,65,0.6287733141257389,1.0,True,0.3712266858742611,ok,4.884981308350689e-15,0.6319837270910251,1.0,0.3680162729089749,True,0.73,0.7352164914005872,0.9236784215999996,0.18846193019941238,True
random_forest,100,64,60,0.7902995720399429,65,0.5212053367941771,0.9032024522728773,True,0.3819971154787002,ok,8.104628079763643e-15,0.527648359448317,1.0,0.472351640551683,True,0.63,0.6481033437257786,0.8647062868093746,0.21660294308359596,True
random_forest,100,64,61,0.7902995720399429,65,0.653819180253555,1.0,True,0.346180819746445,ok,1.1102230246251565e-16,0.6534475042411916,1.0,0.3465524957588084,True,0.75,0.7718141059386241,0.945336898398113,0.17352279245948887,True
random_forest,100,64,62,0.7902995720399429,65,0.6565195678025205,1.0,True,0.3434804321974795,ok,1.1102230246251565e-16,0.6642645107290014,1.0,0.3357354892709986,True,0.76,0.6312714174061589,0.8522769454002582,0.22100552799409934,True
random_forest,100,64,63,0.7902995720399429,65,0.6348421900938263,0.9943669879293349,True,0.3595247978355086,ok,2.220446049250313e-16,0.6426879368998963,1.0,0.35731206310010366,True,0.74,0.6823120281183095,0.8889841651132548,0.20667213699494535,True
random_forest,100,64,64,0.7902995720399429,65,0.6237504703368877,1.0,True,0.3762495296631123,ok,5.440092820663267e-15,0.6213329952827327,1.0,0.37866700471726733,True,0.72,0.7173438415040521,0.9123739451185258,0.1950301036144737,True
random_forest,100,64,65,0.7902995720399429,65,0.6206854081369826,1.0,True,0.3793145918630174,ok,1.1102230246251565e-16,0.6213329952827327,1.0,0.37866700471726733,True,0.72,0.6312714174061589,0.8522769454002582,0.22100552799409934,True
random_forest,100,64,66,0.7902995720399429,65,0.5954816123167652,0.9798424071985004,True,0.38436079488173513,ok,1.1102230246251565e-16,0.6001853238201958,1.0,0.39981467617980415,True,0.7,0.6823120281183095,0.8889841651132548,0.20667213699494535,True
random_forest,100,64,67,0.7902995720399429,65,0.5794373251590812,0.929601000828739,True,0.3501636756696578,ok,5.551115123125783e-16,0.5896854458398009,1.0,0.41031455416019913,True,0.69,0.5980988186506566,0.8268996405978064,0.2288008219471498,True
random_forest,100,64,68,0.7902995720399429,65,0.5312434438115659,0.9145998607723183,True,0.3833564169607524,ok,2.4424906541753444e-15,0.5378781066725769,1.0,0.46212189332742315,True,0.64,0.6481033437257786,0.8647062868093746,0.21660294308359596,True
random_forest,100,64,69,0.7902995720399429,65,0.673542682469399,1.0,True,0.32645731753060103,ok,3.3306690738754696e-16,0.6642645107290014,1.0,0.3357354892709986,True,0.76,0.6823120281183095,0.8889841651132548,0.20667213699494535,True
random_forest,100,64,70,0.7902995720399429,65,0.6351316116037139,0.9902331538645026,True,0.3551015422607887,ok,9.992007221626409e-16,0.6426879368998963,1.0,0.35731206310010366,True,0.74,0.5817413241612237,0.8139710481632012,0.2322297240019775,True
random_forest,100,64,71,0.7902995720399429,65,0.628711068340957,1.0,True,0.371288931659043,ok,1.1102230246251565e-16,0.6319837270910251,1.0,0.3680162729089749,True,0.73,0.7173438415040521,0.9123739451185258,0.1950301036144737,True
random_forest,100,64,72,0.7902995720399429,65,0.6060090580047859,0.9894435567399112,True,0.38343449873512536,ok,2.220446049250313e-16,0.6107340410925517,1.0,0.3892659589074483,True,0.71,0.7173438415040521,0.9123739451185258,0.1950301036144737,True
random_forest,100,64,73,0.7902995720399429,65,0.7139326858784963,1.0,True,0.28606731412150366,ok,1.6653345369377348e-16,0.7193020420263876,1.0,0.2806979579736124,True,0.81,0.7173438415040521,0.9123739451185258,0.1950301036144737,True
random_forest,100,64,74,0.7902995720399429,65,0.6312383312529929,0.9593659773737468,True,0.32812764612075396,ok,1.1102230246251565e-16,0.6426879368998963,1.0,0.35731206310010366,True,0.74,0.7906184007420958,0.9555913430791529,0.16497294233705717,False
random_forest,100,64,75,0.7902995720399429,65,0.6715846192339024,1.0,True,0.32841538076609755,ok,6.994405055138486e-15,0.6751412672248971,1.0,0.3248587327751029,True,0.77,0.5817413241612237,0.8139710481632012,0.2322297240019775,True
random_forest,100,64,76,0.7902995720399429,65,0.6258787703356687,0.9982208734950717,True,0.37234210315940297,ok,1.1102230246251565e-16,0.6319837270910251,1.0,0.3680162729089749,True,0.73,0.5817413241612237,0.8139710481632012,0.2322297240019775,True
random_forest,100,64,77,0.7902995720399429,65,0.5747743959528828,0.9604511507544518,True,0.38567675480156893,ok,0.0,0.5792331383683775,1.0,0.42076686163162247,True,0.6799999999999999,0.5335063341340532,0.774314570056555,0.24080823592250178,False
random_forest,100,64,78,0.7902995720399429,65,0.5682385475039917,0.9734683205356925,True,0.4052297730317008,ok,1.1102230246251565e-16,0.5688272492224368,1.0,0.43117275077756323,True,0.6699999999999999,0.6481033437257786,0.8647062868093746,0.21660294308359596,True
random_forest,100,64,79,0.7902995720399429,65,0.6449947919377151,1.0,True,0.35500520806228486,ok,1.1102230246251565e-16,0.6426879368998963,1.0,0.35731206310010366,True,0.74,0.6481033437257786,0.8647062868093746,0.21660294308359596,True
random_forest,100,64,80,0.7902995720399429,65,0.6381909787781406,1.0,True,0.36180902122185943,ok,4.235164736271502e-22,0.6319837270910251,1.0,0.3680162729089749,True,0.73,0.6312714174061589,0.8522769454002582,0.22100552799409934,True
random_forest,100,64,81,0.7902995720399429,65,0.641298255002771,1.0,True,0.35870174499722896,ok,9.159339953157541e-16,0.6426879368998963,1.0,0.35731206310010366,True,0.74,0.7533617146788831,0.9346803759921305,0.18131866131324736,True
random_forest,100,64,82,0.7902995720399429,65,0.5450126426836315,0.9408541524499955,True,0.395841509766364,ok,6.661338147750939e-16,0.5481506381760306,1.0,0.4518493618239694,True,0.65,0.5817413241612237,0.8139710481632012,0.2322297240019775,True
random_forest,100,64,83,0.7902995720399429,65,0.6077694456434489,0.9936845432184676,True,0.38591509757501863,ok,1.1102230246251565e-16,0.6107340410925517,1.0,0.3892659589074483,True,0.71,0.5655271109662937,0.8008931080792977,0.235365997113004,True
random_forest,100,64,84,0.7902995720399429,65,0.537519151949663,0.946298388733074,True,0.408779236783411,ok,0.0,0.5378781066725769,1.0,0.46212189332742315,True,0.64,0.7173438415040521,0.9123739451185258,0.1950301036144737,True
random_forest,100,64,85,0.7902995720399429,65,0.6250774318639705,0.9918448273989363,True,0.36676739553496585,ok,2.220446049250313e-16,0.6319837270910251,1.0,0.3680162729089749,True,0.73,0.6997163826053059,0.90080033981516,0.20108395720985406,True
random_forest,100,64,86,0.7902995720399429,65,0.5671287824042985,0.9669355253024466,True,0.3998067428981481,ok,1.1102230246251565e-16,0.5688272492224368,1.0,0.43117275077756323,True,0.6699999999999999,0.7533617146788831,0.9346803759921305,0.18131866131324736,True
random_forest,100,64,87,0.7902995720399429,65,0.55805437475028,0.9641692517023341,True,0.40611487695205417,ok,1.1102230246251565e-16,0.5584667322490411,1.0,0.4415332677509589,True,0.6599999999999999,0.6651126854524476,0.87694692475782,0.21183423930537237,True
random_forest,100,64,88,0.7902995720399429,65,0.5788903221874098,0.9818570955958661,True,0.4029667734084563,ok,2.220446049250313e-16,0.5792331383683775,1.0,0.42076686163162247,True,0.6799999999999999,0.7718141059386241,0.945336898398113,0.17352279245948887,True
random_forest,100,64,89,0.7902995720399429,65,0.6006935410664321,1.0,True,0.39930645893356786,ok,1.1102230246251565e-16,0.6001853238201958,1.0,0.39981467617980415,True,0.7,0.7352164914005872,0.9236784215999996,0.18846193019941238,True
random_forest,100,64,90,0.7902995720399429,65,0.6691731681270306,1.0,True,0.33082683187296935,ok,1.1102230246251565e-16,0.6751412672248971,1.0,0.3248587327751029,True,0.77,0.7718141059386241,0.945336898398113,0.17352279245948887,True
random_forest,100,64,91,0.7902995720399429,65,0.5139496711202305,0.9111166844320694,True,0.3971670133118389,ok,3.3306690738754696e-15,0.5174606942491935,1.0,0.4825393057508065,True,0.62,0.7352164914005872,0.9236784215999996,0.18846193019941238,True
random_forest,100,64,92,0.7902995720399429,65,0.6441200320157777,0.9877600768812546,True,0.34364004486547683,ok,5.750955267558311e-14,0.6534475042411916,1.0,0.3465524957588084,True,0.75,0.6312714174061589,0.8522769454002582,0.22100552799409934,True
random_forest,100,64,93,0.7902995720399429,65,0.5527570488731083,0.9383993452942117,True,0.38564229642110337,ok,1.1102230246251565e-16,0.5584667322490411,1.0,0.4415332677509589,True,0.6599999999999999,0.7173438415040521,0.9123739451185258,0.1950301036144737,True
random_forest,100,64,94,0.7902995720399429,65,0.5450009894077401,0.9386525623249001,True,0.39365157291716,ok,1.1102230246251565e-16,0.5481506381760306,1.0,0.4518493618239694,True,0.65,0.5019993897009798,0.7472064848379922,0.24520709513701244,False
random_forest,100,64,95,0.7902995720399429,65,0.5975726439989647,0.9865749311473233,True,0.3890022871483586,ok,1.1102230246251565e-16,0.6001853238201958,1.0,0.39981467617980415,True,0.7,0.7352164914005872,0.9236784215999996,0.18846193019941238,True
random_forest,100,64,96,0.7902995720399429,65,0.6588622995204394,1.0,True,0.3411377004795606,ok,1.6986412276764895e-14,0.6642645107290014,1.0,0.3357354892709986,True,0.76,0.7173438415040521,0.9123739451185258,0.1950301036144737,True
random_forest,100,64,97,0.7902995720399429,65,0.6404821581107559,1.0,True,0.35951784188924407,ok,1.1102230246251565e-16,0.6426879368998963,1.0,0.35731206310010366,True,0.74,0.6823120281183095,0.8889841651132548,0.20667213699494535,True
random_forest,100,64,98,0.7902995720399429,65,0.6369503587497658,1.0,True,0.3630496412502342,ok,1.7430501486614958e-14,0.6426879368998963,1.0,0.35731206310010366,True,0.74,0.7718141059386241,0.945336898398113,0.17352279245948887,True
random_forest,100,64,99,0.7902995720399429,65,0.585214892527447,0.9711436343909389,True,0.3859287418634919,ok,1.1102230246251565e-16,0.5896854458398009,1.0,0.41031455416019913,True,0.69,0.6823120281183095,0.8889841651132548,0.20667213699494535,True
random_forest,100,98,0,0.7902995720399429,100,0.6970846206494593,0.8650563042946708,True,0.16797168364521153,full_suite,0.0,0.6970846206494593,0.8650563042946708,0.16797168364521153,True,0.79,0.6970846206494593,0.8650563042946708,0.16797168364521153,True
random_forest,100,98,1,0.7902995720399429,100,0.686080346213682,0.8566964232501856,True,0.1706160770365036,full_suite,0.0,0.686080346213682,0.8566964232501856,0.1706160770365036,True,0.78,0.7305229140331881,0.8896887708467394,0.15916585681355122,True
random_forest,100,98,2,0.7902995720399429,100,0.6534475042411916,0.8312202619006582,True,0.17777275765946665,full_suite,0.0,0.6534475042411916,0.8312202619006582,0.17777275765946665,True,0.75,0.7646924998510451,0.9135456143583515,0.14885311450730632,True
random_forest,100,98,3,0.7902995720399429,100,0.7081573109113719,0.8733444478980441,True,0.1651871369866722,full_suite,0.0,0.7081573109113719,0.8733444478980441,0.1651871369866722,True,0.8,0.6213329952827327,0.8052063725088184,0.18387337722608577,True
random_forest,100,98,4,0.7902995720399429,100,0.7305229140331881,0.8896887708467394,True,0.15916585681355122,full_suite,0.0,0.7305229140331881,0.8896887708467394,0.15916585681355122,True,0.8200000000000001,0.6642645107290014,0.8397753868285529,0.17551087609955152,True
random_forest,100,98,5,0.7902995720399429,100,0.7646924998510451,0.9135456143583515,True,0.14885311450730632,full_suite,0.0,0.7646924998510451,0.9135456143583515,0.14885311450730632,True,0.85,0.7532124025891377,0.9056897100260538,0.15247730743691612,True
random_forest,100,98,6,0.7902995720399429,100,0.6426879368998963,0.8226055621323475,True,0.17991762523245114,full_suite,0.0,0.6426879368998963,0.8226055621323476,0.17991762523245125,True,0.74,0.6751412672248971,0.8482683886989525,0.1731271214740554,True
random_forest,100,98,7,0.7902995720399429,100,0.8237774022599773,0.9509953107785141,False,0.12721790851853676,full_suite,0.0,0.8237774022599773,0.9509953107785141,0.12721790851853676,False,0.9,0.7081573109113719,0.8733444478980441,0.1651871369866722,True
random_forest,100,98,8,0.7902995720399429,100,0.7997643163800312,0.9364310974388407,False,0.13666678105880947,full_suite,0.0,0.7997643163800312,0.9364310974388407,0.13666678105880947,False,0.88,0.7081573109113719,0.8733444478980441,0.1651871369866722,True
random_forest,100,98,9,0.7902995720399429,100,0.7081573109113719,0.8733444478980441,True,0.1651871369866722,full_suite,0.0,0.7081573109113719,0.8733444478980441,0.1651871369866722,True,0.8,0.6534475042411916,0.8312202619006582,0.17777275765946665,True
random_forest,100,98,10,0.7902995720399429,100,0.7081573109113719,0.8733444478980441,True,0.1651871369866722,full_suite,0.0,0.7081573109113719,0.8733444478980441,0.1651871369866722,True,0.8,0.7305229140331881,0.8896887708467394,0.15916585681355122,True
random_forest,100,98,11,0.7902995720399429,100,0.6001853238201958,0.7875935795104634,False,0.18740825569026753,full_suite,0.0,0.6001853238201958,0.7875935795104634,0.18740825569026753,False,0.7,0.6751412672248971,0.8482683886989525,0.1731271214740554,True
random_forest,100,98,12,0.7902995720399429,100,0.7646924998510451,0.9135456143583515,True,0.14885311450730632,full_suite,0.0,0.7646924998510451,0.9135456143583515,0.14885311450730632,True,0.85,0.6970846206494593,0.8650563042946708,0.16797168364521153,True
random_forest,100,98,13,0.7902995720399429,100,0.6970846206494593,0.8650563042946708,True,0.16797168364521153,full_suite,0.0,0.6970846206494593,0.8650563042946708,0.16797168364521153,True,0.79,0.686080346213682,0.8566964232501856,0.1706160770365036,True
random_forest,100,98,14,0.7902995720399429,100,0.7418245893678412,0.8977350899644717,True,0.15591050059663047,full_suite,0.0,0.7418245893678412,0.8977350899644716,0.15591050059663036,True,0.83,0.7081573109113719,0.8733444478980441,0.1651871369866722,True
random_forest,100,98,15,0.7902995720399429,100,0.7646924998510451,0.9135456143583515,True,0.14885311450730632,full_suite,0.0,0.7646924998510451,0.9135456143583515,0.14885311450730632,True,0.85,0.6970846206494593,0.8650563042946708,0.16797168364521153,True
random_forest,100,98,16,0.7902995720399429,100,0.7081573109113719,0.8733444478980441,True,0.1651871369866722,full_suite,0.0,0.7081573109113719,0.8733444478980441,0.1651871369866722,True,0.8,0.6319837270910251,0.8139335777092593,0.1819498506182342,True
random_forest,100,98,17,0.7902995720399429,100,0.6213329952827327,0.8052063725088184,True,0.18387337722608577,full_suite,0.0,0.6213329952827327,0.8052063725088184,0.18387337722608577,True,0.72,0.6534475042411916,0.8312202619006582,0.17777275765946665,True
random_forest,100,98,18,0.7902995720399429,100,0.6751412672248971,0.8482683886989525,True,0.1731271214740554,full_suite,0.0,0.6751412672248971,0.8482683886989525,0.1731271214740554,True,0.77,0.6970846206494593,0.8650563042946708,0.16797168364521153,True
random_forest,100,98,19,0.7902995720399429,100,0.7418245893678412,0.8977350899644717,True,0.15591050059663047,full_suite,0.0,0.7418245893678412,0.8977350899644716,0.15591050059663036,True,0.83,0.7081573109113719,0.8733444478980441,0.1651871369866722,True
random_forest,100,98,20,0.7902995720399429,100,0.7646924998510451,0.9135456143583515,True,0.14885311450730632,full_suite,0.0,0.7646924998510451,0.9135456143583515,0.14885311450730632,True,0.85,0.6970846206494593,0.8650563042946708,0.16797168364521153,True
random_forest,100,98,21,0.7902995720399429,100,0.6426879368998963,0.8226055621323475,True,0.17991762523245114,full_suite,0.0,0.6426879368998963,0.8226055621323476,0.17991762523245125,True,0.74,0.6642645107290014,0.8397753868285529,0.17551087609955152,True
random_forest,100,98,22,0.7902995720399429,100,0.6751412672248971,0.8482683886989525,True,0.1731271214740554,full_suite,0.0,0.6751412672248971,0.8482683886989525,0.1731271214740554,True,0.77,0.7081573109113719,0.8733444478980441,0.1651871369866722,True
random_forest,100,98,23,0.7902995720399429,100,0.6213329952827327,0.8052063725088184,True,0.18387337722608577,full_suite,0.0,0.6213329952827327,0.8052063725088184,0.18387337722608577,True,0.72,0.6534475042411916,0.8312202619006582,0.17777275765946665,True
random_forest,100,98,24,0.7902995720399429,100,0.7081573109113719,0.8733444478980441,True,0.1651871369866722,full_suite,0.0,0.7081573109113719,0.8733444478980441,0.1651871369866722,True,0.8,0.6107340410925517,0.7964258107492681,0.1856917696567164,True
random_forest,100,98,25,0.7902995720399429,100,0.5896854458398009,0.778711207869329,False,0.18902576202952814,full_suite,0.0,0.5896854458398009,0.7787112078693291,0.18902576202952825,False,0.69,0.6642645107290014,0.8397753868285529,0.17551087609955152,True
random_forest,100,98,26,0.7902995720399429,100,0.7305229140331881,0.8896887708467394,True,0.15916585681355122,full_suite,0.0,0.7305229140331881,0.8896887708467394,0.15916585681355122,True,0.8200000000000001,0.8237774022599773,0.9509953107785141,0.12721790851853676,False
random_forest,100,98,27,0.7902995720399429,100,0.6107340410925517,0.7964258107492681,True,0.1856917696567164,full_suite,0.0,0.6107340410925517,0.7964258107492681,0.1856917696567164,True,0.71,0.6426879368998963,0.8226055621323475,0.17991762523245114,True
random_forest,100,98,28,0.7902995720399429,100,0.7532124025891377,0.9056897100260538,True,0.15247730743691612,full_suite,0.0,0.7532124025891377,0.9056897100260538,0.15247730743691612,True,0.84,0.7646924998510451,0.9135456143583515,0.14885311450730632,True
random_forest,100,98,29,0.7902995720399429,100,0.7193020420263876,0.8815568038674564,True,0.1622547618410688,full_suite,0.0,0.7193020420263876,0.8815568038674564,0.1622547618410688,True,0.81,0.7879593229125502,0.9289269538145705,0.14096763090202025,True
random_forest,100,98,30,0.7902995720399429,100,0.6751412672248971,0.8482683886989525,True,0.1731271214740554,full_suite,0.0,0.6751412672248971,0.8482683886989525,0.1731271214740554,True,0.77,0.6426879368998963,0.8226055621323475,0.17991762523245114,True
random_forest,100,98,31,0.7902995720399429,100,0.6751412672248971,0.8482683886989525,True,0.1731271214740554,full_suite,0.0,0.6751412672248971,0.8482683886989525,0.1731271214740554,True,0.77,0.6213329952827327,0.8052063725088184,0.18387337722608577,True
random_forest,100,98,32,0.7902995720399429,100,0.7193020420263876,0.8815568038674564,True,0.1622547618410688,full_suite,0.0,0.7193020420263876,0.8815568038674564,0.1622547618410688,True,0.81,0.6751412672248971,0.8482683886989525,0.1731271214740554,True
random_forest,100,98,33,0.7902995720399429,100,0.6426879368998963,0.8226055621323475,True,0.17991762523245114,full_suite,0.0,0.6426879368998963,0.8226055621323476,0.17991762523245125,True,0.74,0.686080346213682,0.8566964232501856,0.1706160770365036,True
random_forest,100,98,34,0.7902995720399429,100,0.7646924998510451,0.9135456143583515,True,0.14885311450730632,full_suite,0.0,0.7646924998510451,0.9135456143583515,0.14885311450730632,True,0.85,0.6107340410925517,0.7964258107492681,0.1856917696567164,True
random_forest,100,98,35,0.7902995720399429,100,0.7193020420263876,0.8815568038674564,True,0.1622547618410688,full_suite,0.0,0.7193020420263876,0.8815568038674564,0.1622547618410688,True,0.81,0.7532124025891377,0.9056897100260538,0.15247730743691612,True
random_forest,100,98,36,0.7902995720399429,100,0.686080346213682,0.8566964232501856,True,0.1706160770365036,full_suite,0.0,0.686080346213682,0.8566964232501856,0.1706160770365036,True,0.78,0.6426879368998963,0.8226055621323475,0.17991762523245114,True
random_forest,100,98,37,0.7902995720399429,100,0.6970846206494593,0.8650563042946708,True,0.16797168364521153,full_suite,0.0,0.6970846206494593,0.8650563042946708,0.16797168364521153,True,0.79,0.6970846206494593,0.8650563042946708,0.16797168364521153,True
random_forest,100,98,38,0.7902995720399429,100,0.6751412672248971,0.8482683886989525,True,0.1731271214740554,full_suite,0.0,0.6751412672248971,0.8482683886989525,0.1731271214740554,True,0.77,0.7305229140331881,0.8896887708467394,0.15916585681355122,True
random_forest,100,98,39,0.7902995720399429,100,0.6970846206494593,0.8650563042946708,True,0.16797168364521153,full_suite,0.0,0.6970846206494593,0.8650563042946708,0.16797168364521153,True,0.79,0.6426879368998963,0.8226055621323475,0.17991762523245114,True
random_forest,100,98,40,0.7902995720399429,100,0.7418245893678412,0.8977350899644717,True,0.15591050059663047,full_suite,0.0,0.7418245893678412,0.8977350899644716,0.15591050059663036,True,0.83,0.686080346213682,0.8566964232501856,0.1706160770365036,True
random_forest,100,98,41,0.7902995720399429,100,0.6319837270910251,0.8139335777092593,True,0.1819498506182342,full_suite,0.0,0.6319837270910251,0.8139335777092593,0.1819498506182342,True,0.73,0.686080346213682,0.8566964232501856,0.1706160770365036,True
random_forest,100,98,42,0.7902995720399429,100,0.6319837270910251,0.8139335777092593,True,0.1819498506182342,full_suite,0.0,0.6319837270910251,0.8139335777092593,0.1819498506182342,True,0.73,0.7193020420263876,0.8815568038674564,0.1622547618410688,True
random_forest,100,98,43,0.7902995720399429,100,0.6642645107290014,0.8397753868285529,True,0.17551087609955152,full_suite,0.0,0.6642645107290014,0.8397753868285529,0.17551087609955152,True,0.76,0.7532124025891377,0.9056897100260538,0.15247730743691612,True
random_forest,100,98,44,0.7902995720399429,100,0.7193020420263876,0.8815568038674564,True,0.1622547618410688,full_suite,0.0,0.7193020420263876,0.8815568038674564,0.1622547618410688,True,0.81,0.6970846206494593,0.8650563042946708,0.16797168364521153,True
random_forest,100,98,45,0.7902995720399429,100,0.6642645107290014,0.8397753868285529,True,0.17551087609955152,full_suite,0.0,0.6642645107290014,0.8397753868285529,0.17551087609955152,True,0.76,0.6534475042411916,0.8312202619006582,0.17777275765946665,True
random_forest,100,98,46,0.7902995720399429,100,0.6642645107290014,0.8397753868285529,True,0.17551087609955152,full_suite,0.0,0.6642645107290014,0.8397753868285529,0.17551087609955152,True,0.76,0.7305229140331881,0.8896887708467394,0.15916585681355122,True
random_forest,100,98,47,0.7902995720399429,100,0.7193020420263876,0.8815568038674564,True,0.1622547618410688,full_suite,0.0,0.7193020420263876,0.8815568038674564,0.1622547618410688,True,0.81,0.686080346213682,0.8566964232501856,0.1706160770365036,True
random_forest,100,98,48,0.7902995720399429,100,0.6970846206494593,0.8650563042946708,True,0.16797168364521153,full_suite,0.0,0.6970846206494593,0.8650563042946708,0.16797168364521153,True,0.79,0.6642645107290014,0.8397753868285529,0.17551087609955152,True
random_forest,100,98,49,0.7902995720399429,100,0.7646924998510451,0.9135456143583515,True,0.14885311450730632,full_suite,0.0,0.7646924998510451,0.9135456143583515,0.14885311450730632,True,0.85,0.6751412672248971,0.8482683886989525,0.1731271214740554,True
random_forest,100,98,50,0.7902995720399429,100,0.7193020420263876,0.8815568038674564,True,0.1622547618410688,full_suite,0.0,0.7193020420263876,0.8815568038674564,0.1622547618410688,True,0.81,0.686080346213682,0.8566964232501856,0.1706160770365036,True
random_forest,100,98,51,0.7902995720399429,100,0.7646924998510451,0.9135456143583515,True,0.14885311450730632,full_suite,0.0,0.7646924998510451,0.9135456143583515,0.14885311450730632,True,0.85,0.7193020420263876,0.8815568038674564,0.1622547618410688,True
random_forest,100,98,52,0.7902995720399429,100,0.6213329952827327,0.8052063725088184,True,0.18387337722608577,full_suite,0.0,0.6213329952827327,0.8052063725088184,0.18387337722608577,True,0.72,0.7418245893678412,0.8977350899644717,0.15591050059663047,True
random_forest,100,98,53,0.7902995720399429,100,0.6970846206494593,0.8650563042946708,True,0.16797168364521153,full_suite,0.0,0.6970846206494593,0.8650563042946708,0.16797168364521153,True,0.79,0.6213329952827327,0.8052063725088184,0.18387337722608577,True
random_forest,100,98,54,0.7902995720399429,100,0.6426879368998963,0.8226055621323475,True,0.17991762523245114,full_suite,0.0,0.6426879368998963,0.8226055621323476,0.17991762523245125,True,0.74,0.7305229140331881,0.8896887708467394,0.15916585681355122,True
random_forest,100,98,55,0.7902995720399429,100,0.7418245893678412,0.8977350899644717,True,0.15591050059663047,full_suite,0.0,0.7418245893678412,0.8977350899644716,0.15591050059663036,True,0.83,0.7532124025891377,0.9056897100260538,0.15247730743691612,True
random_forest,100,98,56,0.7902995720399429,100,0.7193020420263876,0.8815568038674564,True,0.1622547618410688,full_suite,0.0,0.7193020420263876,0.8815568038674564,0.1622547618410688,True,0.81,0.7193020420263876,0.8815568038674564,0.1622547618410688,True
random_forest,100,98,57,0.7902995720399429,100,0.7762720186294323,0.9212945950730342,True,0.14502257644360195,full_suite,0.0,0.7762720186294323,0.9212945950730342,0.14502257644360195,True,0.86,0.6970846206494593,0.8650563042946708,0.16797168364521153,True
random_forest,100,98,58,0.7902995720399429,100,0.686080346213682,0.8566964232501856,True,0.1706160770365036,full_suite,0.0,0.686080346213682,0.8566964232501856,0.1706160770365036,True,0.78,0.686080346213682,0.8566964232501856,0.1706160770365036,True
random_forest,100,98,59,0.7902995720399429,100,0.686080346213682,0.8566964232501856,True,0.1706160770365036,full_suite,0.0,0.686080346213682,0.8566964232501856,0.1706160770365036,True,0.78,0.7879593229125502,0.9289269538145705,0.14096763090202025,True
random_forest,100,98,60,0.7902995720399429,100,0.686080346213682,0.8566964232501856,True,0.1706160770365036,full_suite,0.0,0.686080346213682,0.8566964232501856,0.1706160770365036,True,0.78,0.7646924998510451,0.9135456143583515,0.14885311450730632,True
random_forest,100,98,61,0.7902995720399429,100,0.6642645107290014,0.8397753868285529,True,0.17551087609955152,full_suite,0.0,0.6642645107290014,0.8397753868285529,0.17551087609955152,True,0.76,0.6970846206494593,0.8650563042946708,0.16797168364521153,True
random_forest,100,98,62,0.7902995720399429,100,0.7081573109113719,0.8733444478980441,True,0.1651871369866722,full_suite,0.0,0.7081573109113719,0.8733444478980441,0.1651871369866722,True,0.8,0.7081573109113719,0.8733444478980441,0.1651871369866722,True
random_forest,100,98,63,0.7902995720399429,100,0.6642645107290014,0.8397753868285529,True,0.17551087609955152,full_suite,0.0,0.6642645107290014,0.8397753868285529,0.17551087609955152,True,0.76,0.7081573109113719,0.8733444478980441,0.1651871369866722,True
random_forest,100,98,64,0.7902995720399429,100,0.7532124025891377,0.9056897100260538,True,0.15247730743691612,full_suite,0.0,0.7532124025891377,0.9056897100260538,0.15247730743691612,True,0.84,0.7418245893678412,0.8977350899644717,0.15591050059663047,True
random_forest,100,98,65,0.7902995720399429,100,0.7081573109113719,0.8733444478980441,True,0.1651871369866722,full_suite,0.0,0.7081573109113719,0.8733444478980441,0.1651871369866722,True,0.8,0.7532124025891377,0.9056897100260538,0.15247730743691612,True
random_forest,100,98,66,0.7902995720399429,100,0.7762720186294323,0.9212945950730342,True,0.14502257644360195,full_suite,0.0,0.7762720186294323,0.9212945950730342,0.14502257644360195,True,0.86,0.7081573109113719,0.8733444478980441,0.1651871369866722,True
random_forest,100,98,67,0.7902995720399429,100,0.6751412672248971,0.8482683886989525,True,0.1731271214740554,full_suite,0.0,0.6751412672248971,0.8482683886989525,0.1731271214740554,True,0.77,0.7193020420263876,0.8815568038674564,0.1622547618410688,True
random_forest,100,98,68,0.7902995720399429,100,0.6001853238201958,0.7875935795104634,False,0.18740825569026753,full_suite,0.0,0.6001853238201958,0.7875935795104634,0.18740825569026753,False,0.7,0.7305229140331881,0.8896887708467394,0.15916585681355122,True
random_forest,100,98,69,0.7902995720399429,100,0.7081573109113719,0.8733444478980441,True,0.1651871369866722,full_suite,0.0,0.7081573109113719,0.8733444478980441,0.1651871369866722,True,0.8,0.6534475042411916,0.8312202619006582,0.17777275765946665,True
random_forest,100,98,70,0.7902995720399429,100,0.7193020420263876,0.8815568038674564,True,0.1622547618410688,full_suite,0.0,0.7193020420263876,0.8815568038674564,0.1622547618410688,True,0.81,0.7646924998510451,0.9135456143583515,0.14885311450730632,True
random_forest,100,98,71,0.7902995720399429,100,0.7081573109113719,0.8733444478980441,True,0.1651871369866722,full_suite,0.0,0.7081573109113719,0.8733444478980441,0.1651871369866722,True,0.8,0.6970846206494593,0.8650563042946708,0.16797168364521153,True
random_forest,100,98,72,0.7902995720399429,100,0.6534475042411916,0.8312202619006582,True,0.17777275765946665,full_suite,0.0,0.6534475042411916,0.8312202619006582,0.17777275765946665,True,0.75,0.7418245893678412,0.8977350899644717,0.15591050059663047,True
random_forest,100,98,73,0.7902995720399429,100,0.7081573109113719,0.8733444478980441,True,0.1651871369866722,full_suite,0.0,0.7081573109113719,0.8733444478980441,0.1651871369866722,True,0.8,0.6107340410925517,0.7964258107492681,0.1856917696567164,True
random_forest,100,98,74,0.7902995720399429,100,0.6642645107290014,0.8397753868285529,True,0.17551087609955152,full_suite,0.0,0.6642645107290014,0.8397753868285529,0.17551087609955152,True,0.76,0.7081573109113719,0.8733444478980441,0.1651871369866722,True
random_forest,100,98,75,0.7902995720399429,100,0.6534475042411916,0.8312202619006582,True,0.17777275765946665,full_suite,0.0,0.6534475042411916,0.8312202619006582,0.17777275765946665,True,0.75,0.5896854458398009,0.778711207869329,0.18902576202952814,False
random_forest,100,98,76,0.7902995720399429,100,0.6751412672248971,0.8482683886989525,True,0.1731271214740554,full_suite,0.0,0.6751412672248971,0.8482683886989525,0.1731271214740554,True,0.77,0.7081573109113719,0.8733444478980441,0.1651871369866722,True
random_forest,100,98,77,0.7902995720399429,100,0.6751412672248971,0.8482683886989525,True,0.1731271214740554,full_suite,0.0,0.6751412672248971,0.8482683886989525,0.1731271214740554,True,0.77,0.7418245893678412,0.8977350899644717,0.15591050059663047,True
random_forest,100,98,78,0.7902995720399429,100,0.7997643163800312,0.9364310974388407,False,0.13666678105880947,full_suite,0.0,0.7997643163800312,0.9364310974388407,0.13666678105880947,False,0.88,0.6426879368998963,0.8226055621323475,0.17991762523245114,True
random_forest,100,98,79,0.7902995720399429,100,0.7418245893678412,0.8977350899644717,True,0.15591050059663047,full_suite,0.0,0.7418245893678412,0.8977350899644716,0.15591050059663036,True,0.83,0.7532124025891377,0.9056897100260538,0.15247730743691612,True
random_forest,100,98,80,0.7902995720399429,100,0.6970846206494593,0.8650563042946708,True,0.16797168364521153,full_suite,0.0,0.6970846206494593,0.8650563042946708,0.16797168364521153,True,0.79,0.7418245893678412,0.8977350899644717,0.15591050059663047,True
random_forest,100,98,81,0.7902995720399429,100,0.6642645107290014,0.8397753868285529,True,0.17551087609955152,full_suite,0.0,0.6642645107290014,0.8397753868285529,0.17551087609955152,True,0.76,0.7305229140331881,0.8896887708467394,0.15916585681355122,True
random_forest,100,98,82,0.7902995720399429,100,0.6642645107290014,0.8397753868285529,True,0.17551087609955152,full_suite,0.0,0.6642645107290014,0.8397753868285529,0.17551087609955152,True,0.76,0.6319837270910251,0.8139335777092593,0.1819498506182342,True
random_forest,100,98,83,0.7902995720399429,100,0.6107340410925517,0.7964258107492681,True,0.1856917696567164,full_suite,0.0,0.6107340410925517,0.7964258107492681,0.1856917696567164,True,0.71,0.7305229140331881,0.8896887708467394,0.15916585681355122,True
random_forest,100,98,84,0.7902995720399429,100,0.686080346213682,0.8566964232501856,True,0.1706160770365036,full_suite,0.0,0.686080346213682,0.8566964232501856,0.1706160770365036,True,0.78,0.686080346213682,0.8566964232501856,0.1706160770365036,True
random_forest,100,98,85,0.7902995720399429,100,0.6970846206494593,0.8650563042946708,True,0.16797168364521153,full_suite,0.0,0.6970846206494593,0.8650563042946708,0.16797168364521153,True,0.79,0.6751412672248971,0.8482683886989525,0.1731271214740554,True
random_forest,100,98,86,0.7902995720399429,100,0.6642645107290014,0.8397753868285529,True,0.17551087609955152,full_suite,0.0,0.6642645107290014,0.8397753868285529,0.17551087609955152,True,0.76,0.6751412672248971,0.8482683886989525,0.1731271214740554,True
random_forest,100,98,87,0.7902995720399429,100,0.6642645107290014,0.8397753868285529,True,0.17551087609955152,full_suite,0.0,0.6642645107290014,0.8397753868285529,0.17551087609955152,True,0.76,0.6534475042411916,0.8312202619006582,0.17777275765946665,True
random_forest,100,98,88,0.7902995720399429,100,0.7418245893678412,0.8977350899644717,True,0.15591050059663047,full_suite,0.0,0.7418245893678412,0.8977350899644716,0.15591050059663036,True,0.83,0.7193020420263876,0.8815568038674564,0.1622547618410688,True
random_forest,100,98,89,0.7902995720399429,100,0.7193020420263876,0.8815568038674564,True,0.1622547618410688,full_suite,0.0,0.7193020420263876,0.8815568038674564,0.1622547618410688,True,0.81,0.7081573109113719,0.8733444478980441,0.1651871369866722,True
random_forest,100,98,90,0.7902995720399429,100,0.6642645107290014,0.8397753868285529,True,0.17551087609955152,full_suite,0.0,0.6642645107290014,0.8397753868285529,0.17551087609955152,True,0.76,0.5792331383683775,0.769780083238423,0.19054694487004542,False
random_forest,100,98,91,0.7902995720399429,100,0.7879593229125502,0.9289269538145705,True,0.14096763090202025,full_suite,0.0,0.7879593229125502,0.9289269538145705,0.14096763090202025,True,0.87,0.6751412672248971,0.8482683886989525,0.1731271214740554,True
random_forest,100,98,92,0.7902995720399429,100,0.7646924998510451,0.9135456143583515,True,0.14885311450730632,full_suite,0.0,0.7646924998510451,0.9135456143583515,0.14885311450730632,True,0.85,0.6751412672248971,0.8482683886989525,0.1731271214740554,True
random_forest,100,98,93,0.7902995720399429,100,0.7081573109113719,0.8733444478980441,True,0.1651871369866722,full_suite,0.0,0.7081573109113719,0.8733444478980441,0.1651871369866722,True,0.8,0.6534475042411916,0.8312202619006582,0.17777275765946665,True
random_forest,100,98,94,0.7902995720399429,100,0.6642645107290014,0.8397753868285529,True,0.17551087609955152,full_suite,0.0,0.6642645107290014,0.8397753868285529,0.17551087609955152,True,0.76,0.686080346213682,0.8566964232501856,0.1706160770365036,True
random_forest,100,98,95,0.7902995720399429,100,0.7305229140331881,0.8896887708467394,True,0.15916585681355122,full_suite,0.0,0.7305229140331881,0.8896887708467394,0.15916585681355122,True,0.8200000000000001,0.6642645107290014,0.8397753868285529,0.17551087609955152,True
random_forest,100,98,96,0.7902995720399429,100,0.6970846206494593,0.8650563042946708,True,0.16797168364521153,full_suite,0.0,0.6970846206494593,0.8650563042946708,0.16797168364521153,True,0.79,0.7193020420263876,0.8815568038674564,0.1622547618410688,True
random_forest,100,98,97,0.7902995720399429,100,0.7081573109113719,0.8733444478980441,True,0.1651871369866722,full_suite,0.0,0.7081573109113719,0.8733444478980441,0.1651871369866722,True,0.8,0.6534475042411916,0.8312202619006582,0.17777275765946665,True
random_forest,100,98,98,0.7902995720399429,100,0.6213329952827327,0.8052063725088184,True,0.18387337722608577,full_suite,0.0,0.6213329952827327,0.8052063725088184,0.18387337722608577,True,0.72,0.6642645107290014,0.8397753868285529,0.17551087609955152,True
random_forest,100,98,99,0.7902995720399429,100,0.6426879368998963,0.8226055621323475,True,0.17991762523245114,full_suite,0.0,0.6426879368998963,0.8226055621323476,0.17991762523245125,True,0.74,0.7305229140331881,0.8896887708467394,0.15916585681355122,True
random_forest,500,1,0,0.7902995720399429,5,0.018370531672570942,1.0,True,0.981629468327429,ok,0.0,0.019928600046206307,1.0,0.9800713999537937,True,0.03400000000000003,0.4781762498950185,1.0,0.5218237501049815,True
random_forest,500,1,1,0.7902995720399429,5,0.027456091770647572,1.0,True,0.9725439082293524,ok,0.0,0.029380175392402792,1.0,0.9706198246075972,True,0.04600000000000004,0.14663279963467313,0.9472550494736831,0.80062224983901,True
random_forest,500,1,2,0.7902995720399429,5,0.021344169961331618,1.0,True,0.9786558300386684,ok,0.0,0.02303077080624761,1.0,0.9769692291937524,True,0.038000000000000034,0.2835820638819105,0.9949492366205319,0.7113671727386215,True
random_forest,500,1,3,0.7902995720399429,5,0.02285306284233449,1.0,True,0.9771469371576655,ok,0.0,0.024601312085545394,1.0,0.9753986879144546,True,0.040000000000000036,0.4781762498950185,1.0,0.5218237501049815,True
random_forest,500,1,4,0.7902995720399429,5,0.029013202088774153,1.0,True,0.9709867979112259,ok,0.0,0.03099316879350537,1.0,0.9690068312064947,True,0.04800000000000004,0.2835820638819105,0.9949492366205319,0.7113671727386215,True
random_forest,500,1,5,0.7902995720399429,5,0.04017105193826133,1.0,True,0.9598289480617387,ok,0.0,0.04251106129638552,1.0,0.9574889387036145,True,0.062000000000000055,0.2835820638819105,0.9949492366205319,0.7113671727386215,True
random_forest,500,1,6,0.7902995720399429,5,0.04179659186654345,1.0,True,0.9582034081334565,ok,0.0,0.04418421094671326,1.0,0.9558157890532868,True,0.06399999999999995,0.14663279963467313,0.9472550494736831,0.80062224983901,True
random_forest,500,1,7,0.7902995720399429,5,0.018370531672570942,1.0,True,0.981629468327429,ok,0.0,0.019928600046206307,1.0,0.9800713999537937,True,0.03400000000000003,0.2835820638819105,0.9949492366205319,0.7113671727386215,True
random_forest,500,1,8,0.7902995720399429,5,0.029013202088774153,1.0,True,0.9709867979112259,ok,0.0,0.03099316879350537,1.0,0.9690068312064947,True,0.04800000000000004,0.4781762498950185,1.0,0.5218237501049815,True
random_forest,500,1,9,0.7902995720399429,5,0.029013202088774153,1.0,True,0.9709867979112259,ok,0.0,0.03099316879350537,1.0,0.9690068312064947,True,0.04800000000000004,0.2835820638819105,0.9949492366205319,0.7113671727386215,True
random_forest,500,1,10,0.7902995720399429,5,0.027456091770647572,1.0,True,0.9725439082293524,ok,0.0,0.029380175392402792,1.0,0.9706198246075972,True,0.04600000000000004,0.4781762498950185,1.0,0.5218237501049815,True
random_forest,500,1,11,0.7902995720399429,5,0.027456091770647572,1.0,True,0.9725439082293524,ok,0.0,0.029380175392402792,1.0,0.9706198246075972,True,0.04600000000000004,0.2835820638819105,0.9949492366205319,0.7113671727386215,True
random_forest,500,1,12,0.7902995720399429,5,0.025909874258542222,1.0,True,0.9740901257414578,ok,0.0,0.027776767285571744,1.0,0.9722232327144282,True,0.04400000000000004,0.2835820638819105,0.9949492366205319,0.7113671727386215,True
random_forest,500,1,13,0.7902995720399429,5,0.021344169961331618,1.0,True,0.9786558300386684,ok,0.0,0.02303077080624761,1.0,0.9769692291937524,True,0.038000000000000034,0.4781762498950185,1.0,0.5218237501049815,True
random_forest,500,1,14,0.7902995720399429,5,0.016908282063664692,1.0,True,0.9830917179363353,ok,0.0,0.018399185323639905,1.0,0.9816008146763601,True,0.03200000000000003,0.052744950526316906,0.8533672003653268,0.8006222498390099,True
random_forest,500,1,15,0.7902995720399429,5,0.033743778149365446,1.0,True,0.9662562218506345,ok,0.0,0.03588425972193365,1.0,0.9641157402780663,True,0.05400000000000005,0.2835820638819105,0.9949492366205319,0.7113671727386215,True
random_forest,500,1,16,0.7902995720399429,5,0.027456091770647572,1.0,True,0.9725439082293524,ok,0.0,0.029380175392402792,1.0,0.9706198246075972,True,0.04600000000000004,0.052744950526316906,0.8533672003653268,0.8006222498390099,True
random_forest,500,1,17,0.7902995720399429,5,0.03533863103386511,1.0,True,0.9646613689661349,ok,0.0,0.037530444475022184,1.0,0.9624695555249778,True,0.05600000000000005,0.14663279963467313,0.9472550494736831,0.80062224983901,True
random_forest,500,1,18,0.7902995720399429,5,0.025909874258542222,1.0,True,0.9740901257414578,ok,0.0,0.027776767285571744,1.0,0.9722232327144282,True,0.04400000000000004,0.4781762498950185,1.0,0.5218237501049815,True
random_forest,500,1,19,0.7902995720399429,5,0.018370531672570942,1.0,True,0.981629468327429,ok,0.0,0.019928600046206307,1.0,0.9800713999537937,True,0.03400000000000003,0.2835820638819105,0.9949492366205319,0.7113671727386215,True
random_forest,500,1,20,0.7902995720399429,5,0.046713045159396435,1.0,True,0.9532869548406036,ok,0.0,0.0492386447203788,1.0,0.9507613552796212,True,0.06999999999999995,0.2835820638819105,0.9949492366205319,0.7113671727386215,True
random_forest,500,1,21,0.7902995720399429,5,0.027456091770647572,1.0,True,0.9725439082293524,ok,0.0,0.029380175392402792,1.0,0.9706198246075972,True,0.04600000000000004,0.2835820638819105,0.9949492366205319,0.7113671727386215,True
random_forest,500,1,22,0.7902995720399429,5,0.029013202088774153,1.0,True,0.9709867979112259,ok,0.0,0.03099316879350537,1.0,0.9690068312064947,True,0.04800000000000004,0.052744950526316906,0.8533672003653268,0.8006222498390099,True
random_forest,500,1,23,0.7902995720399429,5,0.03533863103386511,1.0,True,0.9646613689661349,ok,0.0,0.037530444475022184,1.0,0.9624695555249778,True,0.05600000000000005,0.14663279963467313,0.9472550494736831,0.80062224983901,True
random_forest,500,1,24,0.7902995720399429,5,0.025909874258542222,1.0,True,0.9740901257414578,ok,0.0,0.027776767285571744,1.0,0.9722232327144282,True,0.04400000000000004,0.2835820638819105,0.9949492366205319,0.7113671727386215,True
random_forest,500,1,25,0.7902995720399429,5,0.04017105193826133,1.0,True,0.9598289480617387,ok,0.0,0.04251106129638552,1.0,0.9574889387036145,True,0.062000000000000055,0.2835820638819105,0.9949492366205319,0.7113671727386215,True
random_forest,500,1,26,0.7902995720399429,5,0.018370531672570942,1.0,True,0.981629468327429,ok,0.0,0.019928600046206307,1.0,0.9800713999537937,True,0.03400000000000003,0.2835820638819105,0.9949492366205319,0.7113671727386215,True
random_forest,500,1,27,0.7902995720399429,5,0.033743778149365446,1.0,True,0.9662562218506345,ok,0.0,0.03588425972193365,1.0,0.9641157402780663,True,0.05400000000000005,0.2835820638819105,0.9949492366205319,0.7113671727386215,True
random_forest,500,1,28,0.7902995720399429,5,0.030580563362311523,1.0,True,0.9694194366376885,ok,0.0,0.03261518014933005,1.0,0.9673848198506699,True,0.050000000000000044,0.4781762498950185,1.0,0.5218237501049815,True
random_forest,500,1,29,0.7902995720399429,5,0.033743778149365446,1.0,True,0.9662562218506345,ok,0.0,0.03588425972193365,1.0,0.9641157402780663,True,0.05400000000000005,0.14663279963467313,0.9472550494736831,0.80062224983901,True
random_forest,500,1,30,0.7902995720399429,5,0.030580563362311523,1.0,True,0.9694194366376885,ok,0.0,0.03261518014933005,1.0,0.9673848198506699,True,0.050000000000000044,0.2835820638819105,0.9949492366205319,0.7113671727386215,True
random_forest,500,1,31,0.7902995720399429,5,0.018370531672570942,1.0,True,0.981629468327429,ok,0.0,0.019928600046206307,1.0,0.9800713999537937,True,0.03400000000000003,0.052744950526316906,0.8533672003653268,0.8006222498390099,True
random_forest,500,1,32,0.7902995720399429,5,0.027456091770647572,1.0,True,0.9725439082293524,ok,0.0,0.029380175392402792,1.0,0.9706198246075972,True,0.04600000000000004,0.2835820638819105,0.9949492366205319,0.7113671727386215,True
random_forest,500,1,33,0.7902995720399429,5,0.024375264509930945,1.0,True,0.975624735490069,ok,0.0,0.026183576776147133,1.0,0.9738164232238529,True,0.04200000000000004,0.2835820638819105,0.9949492366205319,0.7113671727386215,True
random_forest,500,1,34,0.7902995720399429,5,0.036941720753855864,1.0,True,0.9630582792461442,ok,0.0,0.039183868797187785,1.0,0.9608161312028122,True,0.05800000000000005,0.2835820638819105,0.9949492366205319,0.7113671727386215,True
random_forest,500,1,35,0.7902995720399429,5,0.036941720753855864,1.0,True,0.9630582792461442,ok,0.0,0.039183868797187785,1.0,0.9608161312028122,True,0.05800000000000005,0.2835820638819105,0.9949492366205319,0.7113671727386215,True
random_forest,500,1,36,0.7902995720399429,5,0.04017105193826133,1.0,True,0.9598289480617387,ok,0.0,0.04251106129638552,1.0,0.9574889387036145,True,0.062000000000000055,0.14663279963467313,0.9472550494736831,0.80062224983901,True
random_forest,500,1,37,0.7902995720399429,5,0.02285306284233449,1.0,True,0.9771469371576655,ok,0.0,0.024601312085545394,1.0,0.9753986879144546,True,0.040000000000000036,0.14663279963467313,0.9472550494736831,0.80062224983901,True
random_forest,500,1,38,0.7902995720399429,5,0.02285306284233449,1.0,True,0.9771469371576655,ok,0.0,0.024601312085545394,1.0,0.9753986879144546,True,0.040000000000000036,0.2835820638819105,0.9949492366205319,0.7113671727386215,True
random_forest,500,1,39,0.7902995720399429,5,0.053351783618783066,1.0,True,0.9466482163812169,ok,0.0,0.05605117377556034,1.0,0.9439488262244397,True,0.07799999999999996,0.14663279963467313,0.9472550494736831,0.80062224983901,True
random_forest,500,1,40,0.7902995720399429,5,0.02285306284233449,1.0,True,0.9771469371576655,ok,0.0,0.024601312085545394,1.0,0.9753986879144546,True,0.040000000000000036,0.2835820638819105,0.9949492366205319,0.7113671727386215,True
random_forest,500,1,41,0.7902995720399429,5,0.02285306284233449,1.0,True,0.9771469371576655,ok,0.0,0.024601312085545394,1.0,0.9753986879144546,True,0.040000000000000036,0.2835820638819105,0.9949492366205319,0.7113671727386215,True
random_forest,500,1,42,0.7902995720399429,5,0.024375264509930945,1.0,True,0.975624735490069,ok,0.0,0.026183576776147133,1.0,0.9738164232238529,True,0.04200000000000004,0.2835820638819105,0.9949492366205319,0.7113671727386215,True
random_forest,500,1,43,0.7902995720399429,5,0.014040688525277192,1.0,True,0.9859593114747228,ok,1.1102230246251565e-16,0.01539060067383811,1.0,0.9846093993261619,True,0.028000000000000025,0.4781762498950185,1.0,0.5218237501049815,True
random_forest,500,1,44,0.7902995720399429,5,0.025909874258542222,1.0,True,0.9740901257414578,ok,0.0,0.027776767285571744,1.0,0.9722232327144282,True,0.04400000000000004,0.14663279963467313,0.9472550494736831,0.80062224983901,True
random_forest,500,1,45,0.7902995720399429,5,0.027456091770647572,1.0,True,0.9725439082293524,ok,0.0,0.029380175392402792,1.0,0.9706198246075972,True,0.04600000000000004,0.2835820638819105,0.9949492366205319,0.7113671727386215,True
random_forest,500,1,46,0.7902995720399429,5,0.024375264509930945,1.0,True,0.975624735490069,ok,0.0,0.026183576776147133,1.0,0.9738164232238529,True,0.04200000000000004,0.052744950526316906,0.8533672003653268,0.8006222498390099,True
random_forest,500,1,47,0.7902995720399429,5,0.021344169961331618,1.0,True,0.9786558300386684,ok,0.0,0.02303077080624761,1.0,0.9769692291937524,True,0.038000000000000034,0.14663279963467313,0.9472550494736831,0.80062224983901,True
random_forest,500,1,48,0.7902995720399429,5,0.018370531672570942,1.0,True,0.981629468327429,ok,0.0,0.019928600046206307,1.0,0.9800713999537937,True,0.03400000000000003,0.14663279963467313,0.9472550494736831,0.80062224983901,True
random_forest,500,1,49,0.7902995720399429,5,0.025909874258542222,1.0,True,0.9740901257414578,ok,0.0,0.027776767285571744,1.0,0.9722232327144282,True,0.04400000000000004,0.14663279963467313,0.9472550494736831,0.80062224983901,True
random_forest,500,1,50,0.7902995720399429,5,0.016908282063664692,1.0,True,0.9830917179363353,ok,0.0,0.018399185323639905,1.0,0.9816008146763601,True,0.03200000000000003,0.2835820638819105,0.9949492366205319,0.7113671727386215,True
random_forest,500,1,51,0.7902995720399429,5,0.025909874258542222,1.0,True,0.9740901257414578,ok,0.0,0.027776767285571744,1.0,0.9722232327144282,True,0.04400000000000004,0.4781762498950185,1.0,0.5218237501049815,True
random_forest,500,1,52,0.7902995720399429,5,0.012639273665107401,1.0,True,0.9873607263348926,ok,0.0,0.013914930062859742,1.0,0.9860850699371403,True,0.026000000000000023,0.2835820638819105,0.9949492366205319,0.7113671727386215,True
random_forest,500,1,53,0.7902995720399429,5,0.033743778149365446,1.0,True,0.9662562218506345,ok,0.0,0.03588425972193365,1.0,0.9641157402780663,True,0.05400000000000005,0.14663279963467313,0.9472550494736831,0.80062224983901,True
random_forest,500,1,54,0.7902995720399429,5,0.025909874258542222,1.0,True,0.9740901257414578,ok,0.0,0.027776767285571744,1.0,0.9722232327144282,True,0.04400000000000004,0.14663279963467313,0.9472550494736831,0.80062224983901,True
random_forest,500,1,55,0.7902995720399429,5,0.024375264509930945,1.0,True,0.975624735490069,ok,0.0,0.026183576776147133,1.0,0.9738164232238529,True,0.04200000000000004,0.2835820638819105,0.9949492366205319,0.7113671727386215,True
random_forest,500,1,56,0.7902995720399429,5,0.030580563362311523,1.0,True,0.9694194366376885,ok,0.0,0.03261518014933005,1.0,0.9673848198506699,True,0.050000000000000044,0.2835820638819105,0.9949492366205319,0.7113671727386215,True
random_forest,500,1,57,0.7902995720399429,5,0.019849605571598136,1.0,True,0.9801503944284019,ok,0.0,0.021472856586093284,1.0,0.9785271434139067,True,0.03600000000000003,0.2835820638819105,0.9949492366205319,0.7113671727386215,True
random_forest,500,1,58,0.7902995720399429,5,0.030580563362311523,1.0,True,0.9694194366376885,ok,0.0,0.03261518014933005,1.0,0.9673848198506699,True,0.050000000000000044,0.14663279963467313,0.9472550494736831,0.80062224983901,True
random_forest,500,1,59,0.7902995720399429,5,0.033743778149365446,1.0,True,0.9662562218506345,ok,0.0,0.03588425972193365,1.0,0.9641157402780663,True,0.05400000000000005,0.2835820638819105,0.9949492366205319,0.7113671727386215,True
random_forest,500,1,60,0.7902995720399429,5,0.027456091770647572,1.0,True,0.9725439082293524,ok,0.0,0.029380175392402792,1.0,0.9706198246075972,True,0.04600000000000004,0.2835820638819105,0.9949492366205319,0.7113671727386215,True
random_forest,500,1,61,0.7902995720399429,5,0.025909874258542222,1.0,True,0.9740901257414578,ok,0.0,0.027776767285571744,1.0,0.9722232327144282,True,0.04400000000000004,0.4781762498950185,1.0,0.5218237501049815,True
random_forest,500,1,62,0.7902995720399429,5,0.02285306284233449,1.0,True,0.9771469371576655,ok,0.0,0.024601312085545394,1.0,0.9753986879144546,True,0.040000000000000036,0.4781762498950185,1.0,0.5218237501049815,True
random_forest,500,1,63,0.7902995720399429,5,0.046713045159396435,1.0,True,0.9532869548406036,ok,0.0,0.0492386447203788,1.0,0.9507613552796212,True,0.06999999999999995,0.14663279963467313,0.9472550494736831,0.80062224983901,True
random_forest,500,1,64,0.7902995720399429,5,0.025909874258542222,1.0,True,0.9740901257414578,ok,0.0,0.027776767285571744,1.0,0.9722232327144282,True,0.04400000000000004,0.14663279963467313,0.9472550494736831,0.80062224983901,True
random_forest,500,1,65,0.7902995720399429,5,0.03533863103386511,1.0,True,0.9646613689661349,ok,0.0,0.037530444475022184,1.0,0.9624695555249778,True,0.05600000000000005,0.4781762498950185,1.0,0.5218237501049815,True
random_forest,500,1,66,0.7902995720399429,5,0.032157596767788864,1.0,True,0.9678424032322112,ok,0.0,0.03424569808276793,1.0,0.9657543019172321,True,0.052000000000000046,0.052744950526316906,0.8533672003653268,0.8006222498390099,True
random_forest,500,1,67,0.7902995720399429,5,0.021344169961331618,1.0,True,0.9786558300386684,ok,0.0,0.02303077080624761,1.0,0.9769692291937524,True,0.038000000000000034,0.2835820638819105,0.9949492366205319,0.7113671727386215,True
random_forest,500,1,68,0.7902995720399429,5,0.024375264509930945,1.0,True,0.975624735490069,ok,0.0,0.026183576776147133,1.0,0.9738164232238529,True,0.04200000000000004,0.052744950526316906,0.8533672003653268,0.8006222498390099,True
random_forest,500,1,69,0.7902995720399429,5,0.018370531672570942,1.0,True,0.981629468327429,ok,0.0,0.019928600046206307,1.0,0.9800713999537937,True,0.03400000000000003,0.2835820638819105,0.9949492366205319,0.7113671727386215,True
random_forest,500,1,70,0.7902995720399429,5,0.019849605571598136,1.0,True,0.9801503944284019,ok,0.0,0.021472856586093284,1.0,0.9785271434139067,True,0.03600000000000003,0.052744950526316906,0.8533672003653268,0.8006222498390099,True
random_forest,500,1,71,0.7902995720399429,5,0.030580563362311523,1.0,True,0.9694194366376885,ok,0.0,0.03261518014933005,1.0,0.9673848198506699,True,0.050000000000000044,0.2835820638819105,0.9949492366205319,0.7113671727386215,True
random_forest,500,1,72,0.7902995720399429,5,0.027456091770647572,1.0,True,0.9725439082293524,ok,0.0,0.029380175392402792,1.0,0.9706198246075972,True,0.04600000000000004,0.2835820638819105,0.9949492366205319,0.7113671727386215,True
random_forest,500,1,73,0.7902995720399429,5,0.024375264509930945,1.0,True,0.975624735490069,ok,0.0,0.026183576776147133,1.0,0.9738164232238529,True,0.04200000000000004,0.0050507633794680575,0.7164179361180895,0.7113671727386214,False
random_forest,500,1,74,0.7902995720399429,5,0.04017105193826133,1.0,True,0.9598289480617387,ok,0.0,0.04251106129638552,1.0,0.9574889387036145,True,0.062000000000000055,0.14663279963467313,0.9472550494736831,0.80062224983901,True
random_forest,500,1,75,0.7902995720399429,5,0.024375264509930945,1.0,True,0.975624735490069,ok,0.0,0.026183576776147133,1.0,0.9738164232238529,True,0.04200000000000004,0.14663279963467313,0.9472550494736831,0.80062224983901,True
random_forest,500,1,76,0.7902995720399429,5,0.030580563362311523,1.0,True,0.9694194366376885,ok,0.0,0.03261518014933005,1.0,0.9673848198506699,True,0.050000000000000044,0.4781762498950185,1.0,0.5218237501049815,True
random_forest,500,1,77,0.7902995720399429,5,0.033743778149365446,1.0,True,0.9662562218506345,ok,0.0,0.03588425972193365,1.0,0.9641157402780663,True,0.05400000000000005,0.2835820638819105,0.9949492366205319,0.7113671727386215,True
random_forest,500,1,78,0.7902995720399429,5,0.030580563362311523,1.0,True,0.9694194366376885,ok,0.0,0.03261518014933005,1.0,0.9673848198506699,True,0.050000000000000044,0.14663279963467313,0.9472550494736831,0.80062224983901,True
random_forest,500,1,79,0.7902995720399429,5,0.021344169961331618,1.0,True,0.9786558300386684,ok,0.0,0.02303077080624761,1.0,0.9769692291937524,True,0.038000000000000034,0.4781762498950185,1.0,0.5218237501049815,True
random_forest,500,1,80,0.7902995720399429,5,0.02285306284233449,1.0,True,0.9771469371576655,ok,0.0,0.024601312085545394,1.0,0.9753986879144546,True,0.040000000000000036,0.2835820638819105,0.9949492366205319,0.7113671727386215,True
random_forest,500,1,81,0.7902995720399429,5,0.027456091770647572,1.0,True,0.9725439082293524,ok,0.0,0.029380175392402792,1.0,0.9706198246075972,True,0.04600000000000004,0.2835820638819105,0.9949492366205319,0.7113671727386215,True
random_forest,500,1,82,0.7902995720399429,5,0.032157596767788864,1.0,True,0.9678424032322112,ok,0.0,0.03424569808276793,1.0,0.9657543019172321,True,0.052000000000000046,0.4781762498950185,1.0,0.5218237501049815,True
random_forest,500,1,83,0.7902995720399429,5,0.032157596767788864,1.0,True,0.9678424032322112,ok,0.0,0.03424569808276793,1.0,0.9657543019172321,True,0.052000000000000046,0.14663279963467313,0.9472550494736831,0.80062224983901,True
random_forest,500,1,84,0.7902995720399429,5,0.027456091770647572,1.0,True,0.9725439082293524,ok,0.0,0.029380175392402792,1.0,0.9706198246075972,True,0.04600000000000004,0.4781762498950185,1.0,0.5218237501049815,True
random_forest,500,1,85,0.7902995720399429,5,0.027456091770647572,1.0,True,0.9725439082293524,ok,0.0,0.029380175392402792,1.0,0.9706198246075972,True,0.04600000000000004,0.4781762498950185,1.0,0.5218237501049815,True
random_forest,500,1,86,0.7902995720399429,5,0.030580563362311523,1.0,True,0.9694194366376885,ok,0.0,0.03261518014933005,1.0,0.9673848198506699,True,0.050000000000000044,0.2835820638819105,0.9949492366205319,0.7113671727386215,True
random_forest,500,1,87,0.7902995720399429,5,0.029013202088774153,1.0,True,0.9709867979112259,ok,0.0,0.03099316879350537,1.0,0.9690068312064947,True,0.04800000000000004,0.2835820638819105,0.9949492366205319,0.7113671727386215,True
random_forest,500,1,88,0.7902995720399429,5,0.029013202088774153,1.0,True,0.9709867979112259,ok,0.0,0.03099316879350537,1.0,0.9690068312064947,True,0.04800000000000004,0.4781762498950185,1.0,0.5218237501049815,True
random_forest,500,1,89,0.7902995720399429,5,0.030580563362311523,1.0,True,0.9694194366376885,ok,0.0,0.03261518014933005,1.0,0.9673848198506699,True,0.050000000000000044,0.2835820638819105,0.9949492366205319,0.7113671727386215,True
random_forest,500,1,90,0.7902995720399429,5,0.036941720753855864,1.0,True,0.9630582792461442,ok,0.0,0.039183868797187785,1.0,0.9608161312028122,True,0.05800000000000005,0.14663279963467313,0.9472550494736831,0.80062224983901,True
random_forest,500,1,91,0.7902995720399429,5,0.029013202088774153,1.0,True,0.9709867979112259,ok,0.0,0.03099316879350537,1.0,0.9690068312064947,True,0.04800000000000004,0.2835820638819105,0.9949492366205319,0.7113671727386215,True
random_forest,500,1,92,0.7902995720399429,5,0.024375264509930945,1.0,True,0.975624735490069,ok,0.0,0.026183576776147133,1.0,0.9738164232238529,True,0.04200000000000004,0.2835820638819105,0.9949492366205319,0.7113671727386215,True
random_forest,500,1,93,0.7902995720399429,5,0.036941720753855864,1.0,True,0.9630582792461442,ok,0.0,0.039183868797187785,1.0,0.9608161312028122,True,0.05800000000000005,0.2835820638819105,0.9949492366205319,0.7113671727386215,True
random_forest,500,1,94,0.7902995720399429,5,0.04017105193826133,1.0,True,0.9598289480617387,ok,0.0,0.04251106129638552,1.0,0.9574889387036145,True,0.062000000000000055,0.4781762498950185,1.0,0.5218237501049815,True
random_forest,500,1,95,0.7902995720399429,5,0.018370531672570942,1.0,True,0.981629468327429,ok,0.0,0.019928600046206307,1.0,0.9800713999537937,True,0.03400000000000003,0.2835820638819105,0.9949492366205319,0.7113671727386215,True
random_forest,500,1,96,0.7902995720399429,5,0.02285306284233449,1.0,True,0.9771469371576655,ok,0.0,0.024601312085545394,1.0,0.9753986879144546,True,0.040000000000000036,0.2835820638819105,0.9949492366205319,0.7113671727386215,True
random_forest,500,1,97,0.7902995720399429,5,0.04017105193826133,1.0,True,0.9598289480617387,ok,0.0,0.04251106129638552,1.0,0.9574889387036145,True,0.062000000000000055,0.4781762498950185,1.0,0.5218237501049815,True
random_forest,500,1,98,0.7902995720399429,5,0.025909874258542222,1.0,True,0.9740901257414578,ok,0.0,0.027776767285571744,1.0,0.9722232327144282,True,0.04400000000000004,0.052744950526316906,0.8533672003653268,0.8006222498390099,True
random_forest,500,1,99,0.7902995720399429,5,0.021344169961331618,1.0,True,0.9786558300386684,ok,0.0,0.02303077080624761,1.0,0.9769692291937524,True,0.038000000000000034,0.14663279963467313,0.9472550494736831,0.80062224983901,True
random_forest,500,4,0,0.7902995720399429,20,0.2434278464504258,1.0,True,0.7565721535495742,ok,2.220446049250313e-16,0.1436185949226613,1.0,0.8563814050773387,True,0.17600000000000005,0.621073173454686,0.9679290628145363,0.34685588935985023,True
random_forest,500,4,1,0.7902995720399429,20,0.21154707113898452,1.0,True,0.7884529288610155,ok,0.0,0.12166634388137551,1.0,0.8783336561186245,True,0.15200000000000002,0.621073173454686,0.9679290628145363,0.34685588935985023,True
random_forest,500,4,2,0.7902995720399429,20,0.25951085801703044,1.0,True,0.7404891419829696,ok,2.220446049250313e-16,0.1546829244656348,1.0,0.8453170755343652,True,0.18799999999999994,0.621073173454686,0.9679290628145363,0.34685588935985023,True
random_forest,500,4,3,0.7902995720399429,20,0.27164753367014843,1.0,True,0.7283524663298515,ok,0.0,0.16580012584383289,1.0,0.8341998741561671,True,0.19999999999999996,0.5633859970033317,0.9426660029499672,0.37928000594663547,True
random_forest,500,4,4,0.7902995720399429,20,0.17241590853369754,1.0,True,0.8275840914663024,ok,1.0658141036401503e-14,0.12166634388137551,1.0,0.8783336561186245,True,0.15200000000000002,0.45721081772371086,0.8810684095942722,0.4238575918705614,True
random_forest,500,4,5,0.7902995720399429,20,0.18406017449890233,1.0,True,0.8159398255010977,ok,0.0,0.11984862265152986,1.0,0.8801513773484702,True,0.15000000000000002,0.621073173454686,0.9679290628145363,0.34685588935985023,True
random_forest,500,4,6,0.7902995720399429,20,0.24055289608005131,1.0,True,0.7594471039199486,ok,2.220446049250313e-16,0.13444175114700052,1.0,0.8655582488529995,True,0.16600000000000004,0.5089541282920425,0.9134285308985653,0.4044744026065229,True
random_forest,500,4,7,0.7902995720399429,20,0.3246034003093378,1.0,True,0.6753965996906621,ok,2.220446049250313e-16,0.16023515532152668,1.0,0.8397648446784733,True,0.19399999999999995,0.5633859970033317,0.9426660029499672,0.37928000594663547,True
random_forest,500,4,8,0.7902995720399429,20,0.20365327487762597,1.0,True,0.796346725122374,ok,1.1102230246251565e-16,0.11984862265152986,1.0,0.8801513773484702,True,0.15000000000000002,0.5633859970033317,0.9426660029499672,0.37928000594663547,True
random_forest,500,4,9,0.7902995720399429,20,0.18016720294085112,1.0,True,0.8198327970591489,ok,1.1102230246251565e-16,0.10537896426139438,1.0,0.8946210357386056,True,0.134,0.5633859970033317,0.9426660029499672,0.37928000594663547,True
random_forest,500,4,10,0.7902995720399429,20,0.21550544419036205,1.0,True,0.7844945558096379,ok,0.0,0.12713074193628213,1.0,0.8728692580637178,True,0.15800000000000003,0.40781146546717184,0.8460907952154588,0.438279329748287,True
random_forest,500,4,11,0.7902995720399429,20,0.30670062488147853,1.0,True,0.6932993751185215,ok,1.1102230246251565e-16,0.16208875205626722,1.0,0.8379112479437327,True,0.19599999999999995,0.621073173454686,0.9679290628145363,0.34685588935985023,True
random_forest,500,4,12,0.7902995720399429,20,0.22445360588371513,1.0,True,0.7755463941162849,ok,1.1102230246251565e-16,0.1289558551042261,1.0,0.8710441448957739,True,0.16000000000000003,0.45721081772371086,0.8810684095942722,0.4238575918705614,True
random_forest,500,4,13,0.7902995720399429,20,0.21550544419036205,1.0,True,0.7844945558096379,ok,0.0,0.1362738159051291,1.0,0.8637261840948709,True,0.16800000000000004,0.5633859970033317,0.9426660029499672,0.37928000594663547,True
random_forest,500,4,14,0.7902995720399429,20,0.26936153201369384,1.0,True,0.7306384679863062,ok,1.1102230246251565e-16,0.1362738159051291,1.0,0.8637261840948709,True,0.16800000000000004,0.5633859970033317,0.9426660029499672,0.37928000594663547,True
random_forest,500,4,15,0.7902995720399429,20,0.3229775120838863,1.0,True,0.6770224879161137,ok,2.7755575615628914e-17,0.18443670806164195,1.0,0.8155632919383581,True,0.21999999999999997,0.45721081772371086,0.8810684095942722,0.4238575918705614,True
random_forest,500,4,16,0.7902995720399429,20,0.2558608577636333,1.0,True,0.7441391422363667,ok,1.3877787807814457e-17,0.149143901724103,1.0,0.850856098275897,True,0.18200000000000005,0.5633859970033317,0.9426660029499672,0.37928000594663547,True
random_forest,500,4,17,0.7902995720399429,20,0.3341768079282771,1.0,True,0.6658231920717229,ok,0.0,0.18069913602366122,1.0,0.8193008639763388,True,0.21599999999999997,0.5089541282920425,0.9134285308985653,0.4044744026065229,True
random_forest,500,4,18,0.7902995720399429,20,0.20365327487762597,1.0,True,0.796346725122374,ok,0.0,0.12348595750678984,1.0,0.8765140424932102,True,0.15400000000000003,0.6830172859809177,0.9876514728297052,0.3046341868487875,True
random_forest,500,4,19,0.7902995720399429,20,0.2234444096716102,1.0,True,0.7765555903283898,ok,0.0,0.13444175114700052,1.0,0.8655582488529995,True,0.16600000000000004,0.5633859970033317,0.9426660029499672,0.37928000594663547,True
random_forest,500,4,20,0.7902995720399429,20,0.13422138640351317,1.0,True,0.8657786135964869,ok,5.551115123125783e-16,0.08749490287996965,1.0,0.9125050971200304,True,0.11399999999999999,0.621073173454686,0.9679290628145363,0.34685588935985023,True
random_forest,500,4,21,0.7902995720399429,20,0.2127363201319548,1.0,True,0.7872636798680452,ok,0.0,0.11803282506874807,1.0,0.8819671749312519,True,0.14800000000000002,0.36054258730748967,0.8088099392746928,0.44826735196720313,True
random_forest,500,4,22,0.7902995720399429,20,0.22742472586532111,1.0,True,0.7725752741346789,ok,0.0,0.13444175114700052,1.0,0.8655582488529995,True,0.16600000000000004,0.40781146546717184,0.8460907952154588,0.438279329748287,True
random_forest,500,4,23,0.7902995720399429,20,0.25951085801703044,1.0,True,0.7404891419829696,ok,0.0,0.15653222441841275,1.0,0.8434677755815873,True,0.18999999999999995,0.7512672372279722,0.9987349105020502,0.24746767327407804,True
random_forest,500,4,24,0.7902995720399429,20,0.1919668808331509,1.0,True,0.8080331191668491,ok,0.0,0.10898386246231194,1.0,0.891016137537688,True,0.138,0.621073173454686,0.9679290628145363,0.34685588935985023,True
random_forest,500,4,25,0.7902995720399429,20,0.21007269515485583,1.0,True,0.7899273048451442,ok,0.0,0.11440713117916827,1.0,0.8855928688208318,True,0.14400000000000002,0.5089541282920425,0.9134285308985653,0.4044744026065229,True
random_forest,500,4,26,0.7902995720399429,20,0.21550544419036205,1.0,True,0.7844945558096379,ok,0.0,0.12348595750678984,1.0,0.8765140424932102,True,0.15400000000000003,0.621073173454686,0.9679290628145363,0.34685588935985023,True
random_forest,500,4,27,0.7902995720399429,20,0.21550544419036205,1.0,True,0.7844945558096379,ok,1.1102230246251565e-16,0.1289558551042261,1.0,0.8710441448957739,True,0.16000000000000003,0.5633859970033317,0.9426660029499672,0.37928000594663547,True
random_forest,500,4,28,0.7902995720399429,20,0.2740227612272899,1.0,True,0.7259772387727101,ok,0.0,0.14177996798943104,1.0,0.858220032010569,True,0.17400000000000004,0.621073173454686,0.9679290628145363,0.34685588935985023,True
random_forest,500,4,29,0.7902995720399429,20,0.24210830487501087,1.0,True,0.7578916951249891,ok,0.0,0.1362738159051291,1.0,0.8637261840948709,True,0.16800000000000004,0.5089541282920425,0.9134285308985653,0.4044744026065229,True
random_forest,500,4,30,0.7902995720399429,20,0.24210830487501087,1.0,True,0.7578916951249891,ok,0.0,0.13078274531378534,1.0,0.8692172546862147,True,0.16200000000000003,0.5089541282920425,0.9134285308985653,0.4044744026065229,True
random_forest,500,4,31,0.7902995720399429,20,0.21766415058256702,1.0,True,0.782335849417433,ok,2.220446049250313e-16,0.11259730285774493,1.0,0.8874026971422551,True,0.14200000000000002,0.45721081772371086,0.8810684095942722,0.4238575918705614,True
random_forest,500,4,32,0.7902995720399429,20,0.2234444096716102,1.0,True,0.7765555903283898,ok,0.0,0.1362738159051291,1.0,0.8637261840948709,True,0.16800000000000004,0.40781146546717184,0.8460907952154588,0.438279329748287,True
random_forest,500,4,33,0.7902995720399429,20,0.2704013653300187,1.0,True,0.7295986346699813,ok,0.0,0.14545880675990358,1.0,0.8545411932400964,True,0.17800000000000005,0.45721081772371086,0.8810684095942722,0.4238575918705614,True
random_forest,500,4,34,0.7902995720399429,20,0.2466265699429529,1.0,True,0.7533734300570472,ok,0.0,0.13444175114700052,1.0,0.8655582488529995,True,0.16600000000000004,0.7512672372279722,0.9987349105020502,0.24746767327407804,True
random_forest,500,4,35,0.7902995720399429,20,0.20774817093253067,1.0,True,0.7922518290674694,ok,0.0,0.11803282506874807,1.0,0.8819671749312519,True,0.14800000000000002,0.6830172859809177,0.9876514728297052,0.3046341868487875,True
random_forest,500,4,36,0.7902995720399429,20,0.2545625965052168,1.0,True,0.7454374034947833,ok,1.3877787807814457e-17,0.12348595750678984,1.0,0.8765140424932102,True,0.15400000000000003,0.6830172859809177,0.9876514728297052,0.3046341868487875,True
random_forest,500,4,37,0.7902995720399429,20,0.2234444096716102,1.0,True,0.7765555903283898,ok,0.0,0.13444175114700052,1.0,0.8655582488529995,True,0.16600000000000004,0.45721081772371086,0.8810684095942722,0.4238575918705614,True
random_forest,500,4,38,0.7902995720399429,20,0.23196900064756826,1.0,True,0.7680309993524317,ok,1.1102230246251565e-16,0.13078274531378534,1.0,0.8692172546862147,True,0.16200000000000003,0.5089541282920425,0.9134285308985653,0.4044744026065229,True
random_forest,500,4,39,0.7902995720399429,20,0.19187232204159702,1.0,True,0.808127677958403,ok,0.0,0.12348595750678984,1.0,0.8765140424932102,True,0.15400000000000003,0.6830172859809177,0.9876514728297052,0.3046341868487875,True
random_forest,500,4,40,0.7902995720399429,20,0.2840541462902378,1.0,True,0.7159458537097623,ok,2.7755575615628914e-17,0.15838297381485142,1.0,0.8416170261851486,True,0.19199999999999995,0.621073173454686,0.9679290628145363,0.34685588935985023,True
random_forest,500,4,41,0.7902995720399429,20,0.19187232204159702,1.0,True,0.808127677958403,ok,0.0,0.1326113859349345,1.0,0.8673886140650655,True,0.16400000000000003,0.5633859970033317,0.9426660029499672,0.37928000594663547,True
random_forest,500,4,42,0.7902995720399429,20,0.23052710733401813,1.0,True,0.7694728926659818,ok,0.0,0.12713074193628213,1.0,0.8728692580637178,True,0.15800000000000003,0.5633859970033317,0.9426660029499672,0.37928000594663547,True
random_forest,500,4,43,0.7902995720399429,20,0.22445360588371513,1.0,True,0.7755463941162849,ok,1.1102230246251565e-16,0.1289558551042261,1.0,0.8710441448957739,True,0.16000000000000003,0.6830172859809177,0.9876514728297052,0.3046341868487875,True
random_forest,500,4,44,0.7902995720399429,20,0.18796194520930237,1.0,True,0.8120380547906976,ok,0.0,0.11621898344025816,1.0,0.8837810165597418,True,0.14600000000000002,0.7512672372279722,0.9987349105020502,0.24746767327407804,True
random_forest,500,4,45,0.7902995720399429,20,0.2234444096716102,1.0,True,0.7765555903283898,ok,0.0,0.13810755590853357,1.0,0.8618924440914664,True,0.17000000000000004,0.6830172859809177,0.9876514728297052,0.3046341868487875,True
random_forest,500,4,46,0.7902995720399429,20,0.22872690939887708,1.0,True,0.7712730906011229,ok,1.1102230246251565e-16,0.1289558551042261,1.0,0.8710441448957739,True,0.16000000000000003,0.6830172859809177,0.9876514728297052,0.3046341868487875,True
random_forest,500,4,47,0.7902995720399429,20,0.2759077052262734,1.0,True,0.7240922947737266,ok,1.1102230246251565e-16,0.16023515532152668,1.0,0.8397648446784733,True,0.19399999999999995,0.6830172859809177,0.9876514728297052,0.3046341868487875,True
random_forest,500,4,48,0.7902995720399429,20,0.2513176666712582,1.0,True,0.7486823333287418,ok,0.0,0.13810755590853357,1.0,0.8618924440914664,True,0.17000000000000004,0.40781146546717184,0.8460907952154588,0.438279329748287,True
random_forest,500,4,49,0.7902995720399429,20,0.24341521498697027,1.0,True,0.7565847850130297,ok,1.1102230246251565e-16,0.14177996798943104,1.0,0.858220032010569,True,0.17400000000000004,0.5089541282920425,0.9134285308985653,0.4044744026065229,True
random_forest,500,4,50,0.7902995720399429,20,0.22742472586532111,1.0,True,0.7725752741346789,ok,0.0,0.13078274531378534,1.0,0.8692172546862147,True,0.16200000000000003,0.5089541282920425,0.9134285308985653,0.4044744026065229,True
random_forest,500,4,51,0.7902995720399429,20,0.20365327487762597,1.0,True,0.796346725122374,ok,0.0,0.12713074193628213,1.0,0.8728692580637178,True,0.15800000000000003,0.36054258730748967,0.8088099392746928,0.44826735196720313,True
random_forest,500,4,52,0.7902995720399429,20,0.21712535802871707,1.0,True,0.7828746419712829,ok,1.1102230246251565e-16,0.1107895342640659,1.0,0.8892104657359341,True,0.14,0.5633859970033317,0.9426660029499672,0.37928000594663547,True
random_forest,500,4,53,0.7902995720399429,20,0.24341311075172034,1.0,True,0.7565868892482797,ok,1.1102230246251565e-16,0.11984862265152986,1.0,0.8801513773484702,True,0.15000000000000002,0.45721081772371086,0.8810684095942722,0.4238575918705614,True
random_forest,500,4,54,0.7902995720399429,20,0.23940745265724053,1.0,True,0.7605925473427595,ok,0.0,0.13994294757041295,1.0,0.8600570524295871,True,0.17200000000000004,0.5089541282920425,0.9134285308985653,0.4044744026065229,True
random_forest,500,4,55,0.7902995720399429,20,0.22742472586532111,1.0,True,0.7725752741346789,ok,0.0,0.14730058249929018,1.0,0.8526994175007099,True,0.18000000000000005,0.5633859970033317,0.9426660029499672,0.37928000594663547,True
random_forest,500,4,56,0.7902995720399429,20,0.2740227612272899,1.0,True,0.7259772387727101,ok,1.734723475976807e-18,0.13810755590853357,1.0,0.8618924440914664,True,0.17000000000000004,0.621073173454686,0.9679290628145363,0.34685588935985023,True
random_forest,500,4,57,0.7902995720399429,20,0.16816401343898954,1.0,True,0.8318359865610104,ok,0.0,0.08927195525385849,1.0,0.9107280447461416,True,0.11599999999999999,0.5633859970033317,0.9426660029499672,0.37928000594663547,True
random_forest,500,4,58,0.7902995720399429,20,0.24742954468950754,1.0,True,0.7525704553104925,ok,0.0,0.1509887445807278,1.0,0.8490112554192721,True,0.18400000000000005,0.7512672372279722,0.9987349105020502,0.24746767327407804,True
random_forest,500,4,59,0.7902995720399429,20,0.23558075788447239,1.0,True,0.7644192421155276,ok,0.0,0.13444175114700052,1.0,0.8655582488529995,True,0.16600000000000004,0.6830172859809177,0.9876514728297052,0.3046341868487875,True
random_forest,500,4,60,0.7902995720399429,20,0.20759629747047129,1.0,True,0.7924037025295287,ok,1.1102230246251565e-16,0.12530743328477195,1.0,0.8746925667152281,True,0.15600000000000003,0.621073173454686,0.9679290628145363,0.34685588935985023,True
random_forest,500,4,61,0.7902995720399429,20,0.31592040099355884,1.0,True,0.6840795990064412,ok,1.3877787807814457e-17,0.1509887445807278,1.0,0.8490112554192721,True,0.18400000000000005,0.45721081772371086,0.8810684095942722,0.4238575918705614,True
random_forest,500,4,62,0.7902995720399429,20,0.2607223747922942,1.0,True,0.7392776252077058,ok,0.0,0.13994294757041295,1.0,0.8600570524295871,True,0.17200000000000004,0.45721081772371086,0.8810684095942722,0.4238575918705614,True
random_forest,500,4,63,0.7902995720399429,20,0.21154707113898452,1.0,True,0.7884529288610155,ok,1.1102230246251565e-16,0.1289558551042261,1.0,0.8710441448957739,True,0.16000000000000003,0.6830172859809177,0.9876514728297052,0.3046341868487875,True
random_forest,500,4,64,0.7902995720399429,20,0.2567818084108538,1.0,True,0.7432181915891463,ok,0.0,0.14545880675990358,1.0,0.8545411932400964,True,0.17800000000000005,0.5633859970033317,0.9426660029499672,0.37928000594663547,True
random_forest,500,4,65,0.7902995720399429,20,0.16084170565959013,1.0,True,0.8391582943404099,ok,0.0,0.09640628315082979,1.0,0.9035937168491702,True,0.124,0.45721081772371086,0.8810684095942722,0.4238575918705614,True
random_forest,500,4,66,0.7902995720399429,20,0.21154707113898452,1.0,True,0.7884529288610155,ok,1.1102230246251565e-16,0.12530743328477195,1.0,0.8746925667152281,True,0.15600000000000003,0.5089541282920425,0.9134285308985653,0.4044744026065229,True
random_forest,500,4,67,0.7902995720399429,20,0.195791119868889,1.0,True,0.804208880131111,ok,1.1102230246251565e-16,0.1289558551042261,1.0,0.8710441448957739,True,0.16000000000000003,0.5633859970033317,0.9426660029499672,0.37928000594663547,True
random_forest,500,4,68,0.7902995720399429,20,0.26546569827679495,1.0,True,0.7345343017232051,ok,0.0,0.13994294757041295,1.0,0.8600570524295871,True,0.17200000000000004,0.40781146546717184,0.8460907952154588,0.438279329748287,True
random_forest,500,4,69,0.7902995720399429,20,0.2260094631803536,1.0,True,0.7739905368196465,ok,1.1102230246251565e-16,0.12530743328477195,1.0,0.8746925667152281,True,0.15600000000000003,0.5089541282920425,0.9134285308985653,0.4044744026065229,True
random_forest,500,4,70,0.7902995720399429,20,0.1997181610223458,1.0,True,0.8002818389776543,ok,0.0,0.11440713117916827,1.0,0.8855928688208318,True,0.14400000000000002,0.5633859970033317,0.9426660029499672,0.37928000594663547,True
random_forest,500,4,71,0.7902995720399429,20,0.18796194520930237,1.0,True,0.8120380547906976,ok,1.1102230246251565e-16,0.12530743328477195,1.0,0.8746925667152281,True,0.15600000000000003,0.31527813304054847,0.7694221032240758,0.4541439701835273,False
random_forest,500,4,72,0.7902995720399429,20,0.1762832319496404,1.0,True,0.8237167680503596,ok,0.0,0.10537896426139438,1.0,0.8946210357386056,True,0.134,0.40781146546717184,0.8460907952154588,0.438279329748287,True
random_forest,500,4,73,0.7902995720399429,20,0.20365327487762597,1.0,True,0.796346725122374,ok,0.0,0.12166634388137551,1.0,0.8783336561186245,True,0.15200000000000002,0.5633859970033317,0.9426660029499672,0.37928000594663547,True
random_forest,500,4,74,0.7902995720399429,20,0.18406017449890233,1.0,True,0.8159398255010977,ok,0.0,0.11621898344025816,1.0,0.8837810165597418,True,0.14600000000000002,0.7512672372279722,0.9987349105020502,0.24746767327407804,True
random_forest,500,4,75,0.7902995720399429,20,0.19187232204159702,1.0,True,0.808127677958403,ok,2.220446049250313e-16,0.12530743328477195,1.0,0.8746925667152281,True,0.15600000000000003,0.5633859970033317,0.9426660029499672,0.37928000594663547,True
random_forest,500,4,76,0.7902995720399429,20,0.26115372107061,1.0,True,0.7388462789293899,ok,1.3877787807814457e-17,0.14545880675990358,1.0,0.8545411932400964,True,0.17800000000000005,0.40781146546717184,0.8460907952154588,0.438279329748287,True
random_forest,500,4,77,0.7902995720399429,20,0.2740227612272899,1.0,True,0.7259772387727101,ok,0.0,0.1362738159051291,1.0,0.8637261840948709,True,0.16800000000000004,0.45721081772371086,0.8810684095942722,0.4238575918705614,True
random_forest,500,4,78,0.7902995720399429,20,0.2234444096716102,1.0,True,0.7765555903283898,ok,0.0,0.13078274531378534,1.0,0.8692172546862147,True,0.16200000000000003,0.5633859970033317,0.9426660029499672,0.37928000594663547,True
random_forest,500,4,79,0.7902995720399429,20,0.18406017449890233,1.0,True,0.8159398255010977,ok,0.0,0.12530743328477195,1.0,0.8746925667152281,True,0.15600000000000003,0.5633859970033317,0.9426660029499672,0.37928000594663547,True
random_forest,500,4,80,0.7902995720399429,20,0.1762832319496404,1.0,True,0.8237167680503596,ok,0.0,0.10718032585698824,1.0,0.8928196741430118,True,0.136,0.45721081772371086,0.8810684095942722,0.4238575918705614,True
random_forest,500,4,81,0.7902995720399429,20,0.21947127059006563,1.0,True,0.7805287294099343,ok,0.0,0.1362738159051291,1.0,0.8637261840948709,True,0.16800000000000004,0.6830172859809177,0.9876514728297052,0.3046341868487875,True
random_forest,500,4,82,0.7902995720399429,20,0.23540637128808486,1.0,True,0.7645936287119152,ok,0.0,0.1362738159051291,1.0,0.8637261840948709,True,0.16800000000000004,0.31527813304054847,0.7694221032240758,0.4541439701835273,False
random_forest,500,4,83,0.7902995720399429,20,0.23540637128808486,1.0,True,0.7645936287119152,ok,0.0,0.13994294757041295,1.0,0.8600570524295871,True,0.17200000000000004,0.45721081772371086,0.8810684095942722,0.4238575918705614,True
random_forest,500,4,84,0.7902995720399429,20,0.21154707113898452,1.0,True,0.7884529288610155,ok,0.0,0.13444175114700052,1.0,0.8655582488529995,True,0.16600000000000004,0.5633859970033317,0.9426660029499672,0.37928000594663547,True
random_forest,500,4,85,0.7902995720399429,20,0.26010106837599706,1.0,True,0.739898931624003,ok,2.220446049250313e-16,0.1546829244656348,1.0,0.8453170755343652,True,0.18799999999999994,0.5089541282920425,0.9134285308985653,0.4044744026065229,True
random_forest,500,4,86,0.7902995720399429,20,0.18796194520930237,1.0,True,0.8120380547906976,ok,0.0,0.11803282506874807,1.0,0.8819671749312519,True,0.14800000000000002,0.621073173454686,0.9679290628145363,0.34685588935985023,True
random_forest,500,4,87,0.7902995720399429,20,0.1762832319496404,1.0,True,0.8237167680503596,ok,0.0,0.11621898344025816,1.0,0.8837810165597418,True,0.14600000000000002,0.45721081772371086,0.8810684095942722,0.4238575918705614,True
random_forest,500,4,88,0.7902995720399429,20,0.27473932289879666,1.0,True,0.7252606771012033,ok,0.0,0.149143901724103,1.0,0.850856098275897,True,0.18200000000000005,0.5633859970033317,0.9426660029499672,0.37928000594663547,True
random_forest,500,4,89,0.7902995720399429,20,0.23540637128808486,1.0,True,0.7645936287119152,ok,0.0,0.13444175114700052,1.0,0.8655582488529995,True,0.16600000000000004,0.621073173454686,0.9679290628145363,0.34685588935985023,True
random_forest,500,4,90,0.7902995720399429,20,0.18406017449890233,1.0,True,0.8159398255010977,ok,0.0,0.11440713117916827,1.0,0.8855928688208318,True,0.14400000000000002,0.621073173454686,0.9679290628145363,0.34685588935985023,True
random_forest,500,4,91,0.7902995720399429,20,0.24742954468950754,1.0,True,0.7525704553104925,ok,1.1102230246251565e-16,0.1436185949226613,1.0,0.8563814050773387,True,0.17600000000000005,0.5633859970033317,0.9426660029499672,0.37928000594663547,True
random_forest,500,4,92,0.7902995720399429,20,0.20365327487762597,1.0,True,0.796346725122374,ok,1.1102230246251565e-16,0.11984862265152986,1.0,0.8801513773484702,True,0.15000000000000002,0.6830172859809177,0.9876514728297052,0.3046341868487875,True
random_forest,500,4,93,0.7902995720399429,20,0.24742954468950754,1.0,True,0.7525704553104925,ok,1.1102230246251565e-16,0.14730058249929018,1.0,0.8526994175007099,True,0.18000000000000005,0.5633859970033317,0.9426660029499672,0.37928000594663547,True
random_forest,500,4,94,0.7902995720399429,20,0.23540637128808486,1.0,True,0.7645936287119152,ok,1.1102230246251565e-16,0.14177996798943104,1.0,0.858220032010569,True,0.17400000000000004,0.7512672372279722,0.9987349105020502,0.24746767327407804,True
random_forest,500,4,95,0.7902995720399429,20,0.21947127059006563,1.0,True,0.7805287294099343,ok,0.0,0.13444175114700052,1.0,0.8655582488529995,True,0.16600000000000004,0.6830172859809177,0.9876514728297052,0.3046341868487875,True
random_forest,500,4,96,0.7902995720399429,20,0.20774817093253067,1.0,True,0.7922518290674694,ok,0.0,0.11803282506874807,1.0,0.8819671749312519,True,0.14800000000000002,0.621073173454686,0.9679290628145363,0.34685588935985023,True
random_forest,500,4,97,0.7902995720399429,20,0.195791119868889,1.0,True,0.804208880131111,ok,0.0,0.11259730285774493,1.0,0.8874026971422551,True,0.14200000000000002,0.5089541282920425,0.9134285308985653,0.4044744026065229,True
random_forest,500,4,98,0.7902995720399429,20,0.2531806947646348,1.0,True,0.7468193052353652,ok,1.3877787807814457e-17,0.1289558551042261,1.0,0.8710441448957739,True,0.16000000000000003,0.5633859970033317,0.9426660029499672,0.37928000594663547,True
random_forest,500,4,99,0.7902995720399429,20,0.21593026064009585,1.0,True,0.7840697393599041,ok,1.1102230246251565e-16,0.1289558551042261,1.0,0.8710441448957739,True,0.16000000000000003,0.5089541282920425,0.9134285308985653,0.4044744026065229,True
random_forest,500,16,0,0.7902995720399429,81,0.4321125177429438,1.0,True,0.5678874822570562,ok,3.3306690738754696e-16,0.3528578860328572,1.0,0.6471421139671427,True,0.396,0.6991372551240167,0.8826685309443846,0.18353127582036788,True
random_forest,500,16,1,0.7902995720399429,81,0.4064614877438101,1.0,True,0.5935385122561899,ok,5.342948306008566e-16,0.32755875718147925,1.0,0.6724412428185207,True,0.37,0.6853725383436553,0.8727239312648705,0.18735139292121517,True
random_forest,500,16,2,0.7902995720399429,81,0.4458537124202029,1.0,True,0.5541462875797971,ok,2.543427274348531e-12,0.3626221657483041,1.0,0.6373778342516959,True,0.406,0.6991372551240167,0.8826685309443846,0.18353127582036788,True
random_forest,500,16,3,0.7902995720399429,81,0.5279417214790986,1.0,True,0.47205827852090143,ok,1.734723475976807e-18,0.4117163240724598,1.0,0.5882836759275403,True,0.45599999999999996,0.6447397895581854,0.8421913831723888,0.1974515936142034,True
random_forest,500,16,4,0.7902995720399429,81,0.45837355114678346,1.0,True,0.5416264488532165,ok,6.8703688571591925e-12,0.3724048761713199,1.0,0.6275951238286801,True,0.41600000000000004,0.671722246202588,0.8626581079760535,0.19093586177346544,True
random_forest,500,16,5,0.7902995720399429,81,0.49008711455967574,1.0,True,0.5099128854403243,ok,3.6823495641602477e-13,0.3802441766067317,1.0,0.6197558233932683,True,0.42400000000000004,0.7555110648928534,0.9210379918660608,0.16552692697320748,True
random_forest,500,16,6,0.7902995720399429,81,0.4291792029976019,1.0,True,0.5708207970023981,ok,1.9984014443252818e-15,0.3626221657483041,1.0,0.6373778342516959,True,0.406,0.7130239103219014,0.8924833040203556,0.1794593936984542,True
random_forest,500,16,7,0.7902995720399429,81,0.4932116343777042,1.0,True,0.5067883656222958,ok,1.9081958235744878e-17,0.37632307434599316,1.0,0.6236769256540069,True,0.42000000000000004,0.7270412562776685,0.9021581614840005,0.17511690520633205,True
random_forest,500,16,8,0.7902995720399429,81,0.4765558893519076,1.0,True,0.5234441106480924,ok,5.551115123125783e-17,0.40186167893488217,1.0,0.5981383210651179,True,0.44599999999999995,0.7270412562776685,0.9021581614840005,0.17511690520633205,True
random_forest,500,16,9,0.7902995720399429,81,0.47947257900087437,1.0,True,0.5205274209991256,ok,1.1135248972893308e-11,0.37044686980532154,1.0,0.6295531301946784,True,0.41400000000000003,0.7411995748551309,0.9116811580388797,0.17048158318374884,True
random_forest,500,16,10,0.7902995720399429,81,0.45476459100603744,1.0,True,0.5452354089939626,ok,2.6887051612911606e-12,0.37632307434599316,1.0,0.6236769256540069,True,0.42000000000000004,0.7270412562776685,0.9021581614840005,0.17511690520633205,True
random_forest,500,16,11,0.7902995720399429,81,0.5252229731720842,1.0,True,0.4747770268279158,ok,2.220446049250313e-16,0.4156631315627584,1.0,0.5843368684372416,True,0.45999999999999996,0.7270412562776685,0.9021581614840005,0.17511690520633205,True
random_forest,500,16,12,0.7902995720399429,81,0.4731746306204675,1.0,True,0.5268253693795325,ok,2.220446049250313e-16,0.3724048761713199,1.0,0.6275951238286801,True,0.41600000000000004,0.7130239103219014,0.8924833040203556,0.1794593936984542,True
random_forest,500,16,13,0.7902995720399429,81,0.4378994111806259,1.0,True,0.5621005888193741,ok,4.440892098500626e-16,0.3528578860328572,1.0,0.6471421139671427,True,0.396,0.6853725383436553,0.8727239312648705,0.18735139292121517,True
random_forest,500,16,14,0.7902995720399429,81,0.41311017596289373,1.0,True,0.5868898240371063,ok,2.228311285490392e-12,0.3470082599687477,1.0,0.6529917400312524,True,0.39,0.7846553019524447,0.9391797507486828,0.15452444879623806,True
random_forest,500,16,15,0.7902995720399429,81,0.44601484858368645,1.0,True,0.5539851514163135,ok,4.1491809987803663e-13,0.37632307434599316,1.0,0.6236769256540069,True,0.42000000000000004,0.671722246202588,0.8626581079760535,0.19093586177346544,True
random_forest,500,16,16,0.7902995720399429,81,0.5070337527595545,1.0,True,0.49296624724044547,ok,3.3306690738754696e-16,0.3841681717143338,1.0,0.6158318282856662,True,0.42800000000000005,0.7130239103219014,0.8924833040203556,0.1794593936984542,True
random_forest,500,16,17,0.7902995720399429,81,0.47969865696078734,1.0,True,0.5203013430392127,ok,1.414313111069987e-12,0.38220581323214303,1.0,0.6177941867678569,True,0.42600000000000005,0.5660076312449649,0.7784821343190027,0.2124745030740378,False
random_forest,500,16,18,0.7902995720399429,81,0.4372432058794811,1.0,True,0.5627567941205189,ok,3.4738410065182634e-12,0.3528578860328572,1.0,0.6471421139671427,True,0.396,0.7699903684379342,0.9302113140128173,0.1602209455748831,True
random_forest,500,16,19,0.7902995720399429,81,0.4556254739418748,1.0,True,0.5443745260581252,ok,3.764025549579664e-12,0.3606678283492637,1.0,0.6393321716507363,True,0.404,0.7411995748551309,0.9116811580388797,0.17048158318374884,True
random_forest,500,16,20,0.7902995720399429,81,0.4220079858504302,1.0,True,0.5779920141495698,ok,2.220446049250313e-16,0.3489573855978076,1.0,0.6510426144021924,True,0.392,0.7130239103219014,0.8924833040203556,0.1794593936984542,True
random_forest,500,16,21,0.7902995720399429,81,0.47393909171634363,1.0,True,0.5260609082836564,ok,1.496880744356055e-12,0.36653305025383,1.0,0.63346694974617,True,0.41000000000000003,0.6853725383436553,0.8727239312648705,0.18735139292121517,True
random_forest,500,16,22,0.7902995720399429,81,0.4246318504899473,1.0,True,0.5753681495100527,ok,2.220446049250313e-16,0.3392193037679618,1.0,0.6607806962320382,True,0.382,0.7555110648928534,0.9210379918660608,0.16552692697320748,True
random_forest,500,16,23,0.7902995720399429,81,0.41493997962000184,1.0,True,0.5850600203799982,ok,1.1102230246251565e-15,0.32561803396100786,1.0,0.6743819660389921,True,0.368,0.671722246202588,0.8626581079760535,0.19093586177346544,True
random_forest,500,16,24,0.7902995720399429,81,0.4530930494267169,1.0,True,0.5469069505732831,ok,1.0806303768484682e-12,0.3528578860328572,1.0,0.6471421139671427,True,0.396,0.7411995748551309,0.9116811580388797,0.17048158318374884,True
random_forest,500,16,25,0.7902995720399429,81,0.486139220273415,1.0,True,0.5138607797265851,ok,1.7171264410364984e-12,0.3782832631830977,1.0,0.6217167368169023,True,0.42200000000000004,0.671722246202588,0.8626581079760535,0.19093586177346544,True
random_forest,500,16,26,0.7902995720399429,81,0.4759778685219231,1.0,True,0.5240221314780769,ok,4.440892098500626e-16,0.38220581323214303,1.0,0.6177941867678569,True,0.42600000000000005,0.7130239103219014,0.8924833040203556,0.1794593936984542,True
random_forest,500,16,27,0.7902995720399429,81,0.4644401376238454,1.0,True,0.5355598623761546,ok,1.6575144035080314e-12,0.3900595654406995,1.0,0.6099404345593005,True,0.43400000000000005,0.7270412562776685,0.9021581614840005,0.17511690520633205,True
random_forest,500,16,28,0.7902995720399429,81,0.4444827653969491,1.0,True,0.5555172346030509,ok,6.661338147750939e-16,0.35480925682264086,1.0,0.6451907431773591,True,0.398,0.6991372551240167,0.8826685309443846,0.18353127582036788,True
random_forest,500,16,29,0.7902995720399429,81,0.5008960157071838,1.0,True,0.4991039842928162,ok,2.902060536325024e-12,0.39595741120380074,1.0,0.6040425887961993,True,0.43999999999999995,0.6313970258516624,0.8318024633624657,0.2004054375108033,True
random_forest,500,16,30,0.7902995720399429,81,0.4728604848497404,1.0,True,0.5271395151502596,ok,4.254532490199914e-12,0.3724048761713199,1.0,0.6275951238286801,True,0.41600000000000004,0.7555110648928534,0.9210379918660608,0.16552692697320748,True
random_forest,500,16,31,0.7902995720399429,81,0.46916558277592757,1.0,True,0.5308344172240724,ok,2.3649918828860805e-12,0.3431122682804098,1.0,0.6568877317195903,True,0.386,0.7130239103219014,0.8924833040203556,0.1794593936984542,True
random_forest,500,16,32,0.7902995720399429,81,0.47694895891101363,1.0,True,0.5230510410889864,ok,1.1102230246251565e-16,0.3782832631830977,1.0,0.6217167368169023,True,0.42200000000000004,0.7130239103219014,0.8924833040203556,0.1794593936984542,True
random_forest,500,16,33,0.7902995720399429,81,0.486139220273415,1.0,True,0.5138607797265851,ok,7.437106486207767e-14,0.3782832631830977,1.0,0.6217167368169023,True,0.42200000000000004,0.6447397895581854,0.8421913831723888,0.1974515936142034,True
random_forest,500,16,34,0.7902995720399429,81,0.45749898306192993,1.0,True,0.5425010169380701,ok,4.440892098500626e-16,0.3626221657483041,1.0,0.6373778342516959,True,0.406,0.6581798811789474,0.8524784573573725,0.19429857617842505,True
random_forest,500,16,35,0.7902995720399429,81,0.42521043774074635,1.0,True,0.5747895622592536,ok,4.440892098500626e-16,0.35676137206011016,1.0,0.6432386279398898,True,0.4,0.7130239103219014,0.8924833040203556,0.1794593936984542,True
random_forest,500,16,36,0.7902995720399429,81,0.5116269583929279,1.0,True,0.48837304160707207,ok,2.886659661305302e-12,0.386131250747713,1.0,0.613868749252287,True,0.43000000000000005,0.7411995748551309,0.9116811580388797,0.17048158318374884,True
random_forest,500,16,37,0.7902995720399429,81,0.5111163024598557,1.0,True,0.48888369754014427,ok,7.325737239050056e-15,0.38220581323214303,1.0,0.6177941867678569,True,0.42600000000000005,0.6313970258516624,0.8318024633624657,0.2004054375108033,True
random_forest,500,16,38,0.7902995720399429,81,0.48694731855403345,1.0,True,0.5130526814459666,ok,4.440892098500626e-16,0.4097439793161811,1.0,0.5902560206838189,True,0.45399999999999996,0.6181472449245061,0.8213165814649144,0.20316933654040825,True
random_forest,500,16,39,0.7902995720399429,81,0.4919664029253334,1.0,True,0.5080335970746666,ok,1.734723475976807e-18,0.3841681717143338,1.0,0.6158318282856662,True,0.42800000000000005,0.6991372551240167,0.8826685309443846,0.18353127582036788,True
random_forest,500,16,40,0.7902995720399429,81,0.44623506392336376,1.0,True,0.5537649360766362,ok,4.440892098500626e-16,0.3626221657483041,1.0,0.6373778342516959,True,0.406,0.6991372551240167,0.8826685309443846,0.18353127582036788,True
random_forest,500,16,41,0.7902995720399429,81,0.49760997074335184,1.0,True,0.5023900292566481,ok,2.1687339424314445e-12,0.39399074764201475,1.0,0.6060092523579852,True,0.43799999999999994,0.6581798811789474,0.8524784573573725,0.19429857617842505,True
random_forest,500,16,42,0.7902995720399429,81,0.47962191740094723,1.0,True,0.5203780825990527,ok,6.938893903907228e-18,0.37044686980532154,1.0,0.6295531301946784,True,0.41400000000000003,0.6447397895581854,0.8421913831723888,0.1974515936142034,True
random_forest,500,16,43,0.7902995720399429,81,0.42354248893020113,1.0,True,0.5764575110697989,ok,0.0,0.35090726162963204,1.0,0.649092738370368,True,0.394,0.7846553019524447,0.9391797507486828,0.15452444879623806,True
random_forest,500,16,44,0.7902995720399429,81,0.45003876031517553,1.0,True,0.5499612396848245,ok,1.1024185037067369e-12,0.3470082599687477,1.0,0.6529917400312524,True,0.39,0.7130239103219014,0.8924833040203556,0.1794593936984542,True
random_forest,500,16,45,0.7902995720399429,81,0.4895005559266058,1.0,True,0.5104994440733942,ok,2.220446049250313e-16,0.3743636115202835,1.0,0.6256363884797165,True,0.41800000000000004,0.7270412562776685,0.9021581614840005,0.17511690520633205,True
random_forest,500,16,46,0.7902995720399429,81,0.5344644656826923,1.0,True,0.46553553431730765,ok,8.946975105228461e-13,0.3880950490657598,1.0,0.6119049509342402,True,0.43200000000000005,0.6991372551240167,0.8826685309443846,0.18353127582036788,True
random_forest,500,16,47,0.7902995720399429,81,0.4741845387309537,1.0,True,0.5258154612690463,ok,1.0495458668824398e-12,0.35871422985182627,1.0,0.6412857701481738,True,0.402,0.7699903684379342,0.9302113140128173,0.1602209455748831,True
random_forest,500,16,48,0.7902995720399429,81,0.46744464559317034,1.0,True,0.5325553544068297,ok,3.839935314164933e-12,0.36653305025383,1.0,0.63346694974617,True,0.41000000000000003,0.7846553019524447,0.9391797507486828,0.15452444879623806,True
random_forest,500,16,49,0.7902995720399429,81,0.4499874644974182,1.0,True,0.5500125355025818,ok,5.551115123125783e-17,0.35676137206011016,1.0,0.6432386279398898,True,0.4,0.7130239103219014,0.8924833040203556,0.1794593936984542,True
random_forest,500,16,50,0.7902995720399429,81,0.46701830196800687,1.0,True,0.5329816980319931,ok,1.3322676295501878e-15,0.38220581323214303,1.0,0.6177941867678569,True,0.42600000000000005,0.7270412562776685,0.9021581614840005,0.17511690520633205,True
random_forest,500,16,51,0.7902995720399429,81,0.43732342246657135,1.0,True,0.5626765775334286,ok,6.661338147750939e-16,0.35676137206011016,1.0,0.6432386279398898,True,0.4,0.6581798811789474,0.8524784573573725,0.19429857617842505,True
random_forest,500,16,52,0.7902995720399429,81,0.41904327168779487,1.0,True,0.5809567283122051,ok,2.220446049250313e-16,0.3626221657483041,1.0,0.6373778342516959,True,0.406,0.6991372551240167,0.8826685309443846,0.18353127582036788,True
random_forest,500,16,53,0.7902995720399429,81,0.5086464484246107,1.0,True,0.4913535515753893,ok,3.917392452090773e-12,0.3880950490657598,1.0,0.6119049509342402,True,0.43200000000000005,0.6991372551240167,0.8826685309443846,0.18353127582036788,True
random_forest,500,16,54,0.7902995720399429,81,0.4900656845994937,1.0,True,0.5099343154005063,ok,9.049930943527684e-13,0.386131250747713,1.0,0.613868749252287,True,0.43000000000000005,0.5789196420792092,0.7893176456199295,0.21039800354072025,False
random_forest,500,16,55,0.7902995720399429,81,0.4432396169937883,1.0,True,0.5567603830062118,ok,6.970058211153152e-12,0.37044686980532154,1.0,0.6295531301946784,True,0.41400000000000003,0.7555110648928534,0.9210379918660608,0.16552692697320748,True
random_forest,500,16,56,0.7902995720399429,81,0.48185884907445026,1.0,True,0.5181411509255498,ok,2.220446049250313e-16,0.36653305025383,1.0,0.63346694974617,True,0.41000000000000003,0.6447397895581854,0.8421913831723888,0.1974515936142034,True
random_forest,500,16,57,0.7902995720399429,81,0.44652237610161954,1.0,True,0.5534776238983805,ok,1.7672495411513722e-13,0.35871422985182627,1.0,0.6412857701481738,True,0.402,0.6853725383436553,0.8727239312648705,0.18735139292121517,True
random_forest,500,16,58,0.7902995720399429,81,0.49220290111777837,1.0,True,0.5077970988822216,ok,8.881784197001252e-16,0.4117163240724598,1.0,0.5882836759275403,True,0.45599999999999996,0.7270412562776685,0.9021581614840005,0.17511690520633205,True
random_forest,500,16,59,0.7902995720399429,81,0.4255693119825372,1.0,True,0.5744306880174628,ok,1.3841757601218418e-12,0.3528578860328572,1.0,0.6471421139671427,True,0.396,0.671722246202588,0.8626581079760535,0.19093586177346544,True
random_forest,500,16,60,0.7902995720399429,81,0.522233191843116,1.0,True,0.477766808156884,ok,1.6526970764152438e-11,0.40186167893488217,1.0,0.5981383210651179,True,0.44599999999999995,0.6853725383436553,0.8727239312648705,0.18735139292121517,True
random_forest,500,16,61,0.7902995720399429,81,0.5310708950647038,1.0,True,0.46892910493529616,ok,1.734723475976807e-18,0.39595741120380074,1.0,0.6040425887961993,True,0.43999999999999995,0.6853725383436553,0.8727239312648705,0.18735139292121517,True
random_forest,500,16,62,0.7902995720399429,81,0.49196365726841146,1.0,True,0.5080363427315886,ok,2.220446049250313e-16,0.38220581323214303,1.0,0.6177941867678569,True,0.42600000000000005,0.6049866152575658,0.810738031422379,0.20575141616481318,True
random_forest,500,16,63,0.7902995720399429,81,0.36920707546957815,1.0,True,0.6307929245304218,ok,2.220446049250313e-16,0.31592615207191893,1.0,0.684073847928081,True,0.358,0.6313970258516624,0.8318024633624657,0.2004054375108033,True
random_forest,500,16,64,0.7902995720399429,81,0.4345747793633185,1.0,True,0.5654252206366814,ok,1.1102230246251565e-16,0.35090726162963204,1.0,0.649092738370368,True,0.394,0.6313970258516624,0.8318024633624657,0.2004054375108033,True
random_forest,500,16,65,0.7902995720399429,81,0.5091252845032123,1.0,True,0.49087471549678774,ok,5.208125597455648e-13,0.39399074764201475,1.0,0.6060092523579852,True,0.43799999999999994,0.6853725383436553,0.8727239312648705,0.18735139292121517,True
random_forest,500,16,66,0.7902995720399429,81,0.45838016359965505,1.0,True,0.541619836400345,ok,4.149887031235089e-12,0.3684895939697724,1.0,0.6315104060302277,True,0.41200000000000003,0.7699903684379342,0.9302113140128173,0.1602209455748831,True
random_forest,500,16,67,0.7902995720399429,81,0.42029277396136,1.0,True,0.57970722603864,ok,5.152128723651117e-16,0.33338557251703493,1.0,0.6666144274829651,True,0.376,0.6181472449245061,0.8213165814649144,0.20316933654040825,True
random_forest,500,16,68,0.7902995720399429,81,0.5195029413629206,1.0,True,0.48049705863707937,ok,9.565230552066595e-13,0.37632307434599316,1.0,0.6236769256540069,True,0.42000000000000004,0.671722246202588,0.8626581079760535,0.19093586177346544,True
random_forest,500,16,69,0.7902995720399429,81,0.4587001109612213,1.0,True,0.5412998890387787,ok,2.220446049250313e-16,0.37632307434599316,1.0,0.6236769256540069,True,0.42000000000000004,0.671722246202588,0.8626581079760535,0.19093586177346544,True
random_forest,500,16,70,0.7902995720399429,81,0.42994293270175693,1.0,True,0.570057067298243,ok,1.7763568394002505e-15,0.3372739622921367,1.0,0.6627260377078633,True,0.38,0.6581798811789474,0.8524784573573725,0.19429857617842505,True
random_forest,500,16,71,0.7902995720399429,81,0.450035341880918,1.0,True,0.549964658119082,ok,5.551115123125783e-17,0.3645772402887464,1.0,0.6354227597112536,True,0.40800000000000003,0.6313970258516624,0.8318024633624657,0.2004054375108033,True
random_forest,500,16,72,0.7902995720399429,81,0.4317323999904624,1.0,True,0.5682676000095376,ok,4.440892098500626e-16,0.3470082599687477,1.0,0.6529917400312524,True,0.39,0.5789196420792092,0.7893176456199295,0.21039800354072025,False
random_forest,500,16,73,0.7902995720399429,81,0.4510895100462375,1.0,True,0.5489104899537625,ok,4.440892098500626e-16,0.37044686980532154,1.0,0.6295531301946784,True,0.41400000000000003,0.6991372551240167,0.8826685309443846,0.18353127582036788,True
random_forest,500,16,74,0.7902995720399429,81,0.4861352962683577,1.0,True,0.5138647037316423,ok,1.446238961921864e-14,0.3841681717143338,1.0,0.6158318282856662,True,0.42800000000000005,0.671722246202588,0.8626581079760535,0.19093586177346544,True
random_forest,500,16,75,0.7902995720399429,81,0.5207631180823475,1.0,True,0.47923688191765246,ok,2.378422112037093e-12,0.39399074764201475,1.0,0.6060092523579852,True,0.43799999999999994,0.591911748545606,0.800070602033106,0.20815885348749996,True
random_forest,500,16,76,0.7902995720399429,81,0.428115587608576,1.0,True,0.571884412391424,ok,6.938893903907228e-18,0.3470082599687477,1.0,0.6529917400312524,True,0.39,0.6853725383436553,0.8727239312648705,0.18735139292121517,True
random_forest,500,16,77,0.7902995720399429,81,0.4221665620018473,1.0,True,0.5778334379981527,ok,3.7681489872820606e-13,0.3645772402887464,1.0,0.6354227597112536,True,0.40800000000000003,0.7270412562776685,0.9021581614840005,0.17511690520633205,True
random_forest,500,16,78,0.7902995720399429,81,0.41187706946547054,1.0,True,0.5881229305345295,ok,2.220446049250313e-16,0.34505988682090594,1.0,0.6549401131790941,True,0.388,0.6181472449245061,0.8213165814649144,0.20316933654040825,True
random_forest,500,16,79,0.7902995720399429,81,0.47022180956091786,1.0,True,0.5297781904390821,ok,1.734723475976807e-18,0.3841681717143338,1.0,0.6158318282856662,True,0.42800000000000005,0.6581798811789474,0.8524784573573725,0.19429857617842505,True
random_forest,500,16,80,0.7902995720399429,81,0.4914080498151852,1.0,True,0.5085919501848148,ok,9.874930734232734e-13,0.37044686980532154,1.0,0.6295531301946784,True,0.41400000000000003,0.6853725383436553,0.8727239312648705,0.18735139292121517,True
random_forest,500,16,81,0.7902995720399429,81,0.45469239199545747,1.0,True,0.5453076080045425,ok,4.440892098500626e-16,0.36653305025383,1.0,0.63346694974617,True,0.41000000000000003,0.7699903684379342,0.9302113140128173,0.1602209455748831,True
random_forest,500,16,82,0.7902995720399429,81,0.4027862738033429,1.0,True,0.597213726196657,ok,6.537131946871e-13,0.3295002563949794,1.0,0.6704997436050206,True,0.372,0.7130239103219014,0.8924833040203556,0.1794593936984542,True
random_forest,500,16,83,0.7902995720399429,81,0.4202392616692054,1.0,True,0.5797607383307946,ok,0.0,0.34505988682090594,1.0,0.6549401131790941,True,0.388,0.6853725383436553,0.8727239312648705,0.18735139292121517,True
random_forest,500,16,84,0.7902995720399429,81,0.5982601054416554,1.0,True,0.4017398945583446,ok,2.220446049250313e-16,0.4493243754170678,1.0,0.5506756245829322,True,0.494,0.7270412562776685,0.9021581614840005,0.17511690520633205,True
random_forest,500,16,85,0.7902995720399429,81,0.4465511060248441,1.0,True,0.5534488939751558,ok,4.440892098500626e-16,0.3724048761713199,1.0,0.6275951238286801,True,0.41600000000000004,0.6447397895581854,0.8421913831723888,0.1974515936142034,True
random_forest,500,16,86,0.7902995720399429,81,0.45592966333236545,1.0,True,0.5440703366676345,ok,5.551115123125783e-16,0.36653305025383,1.0,0.63346694974617,True,0.41000000000000003,0.6581798811789474,0.8524784573573725,0.19429857617842505,True
random_forest,500,16,87,0.7902995720399429,81,0.48441096616772694,1.0,True,0.5155890338322731,ok,7.402065071993036e-15,0.39595741120380074,1.0,0.6040425887961993,True,0.43999999999999995,0.6181472449245061,0.8213165814649144,0.20316933654040825,True
random_forest,500,16,88,0.7902995720399429,81,0.5078783005254339,1.0,True,0.4921216994745661,ok,2.7260450841115613e-12,0.40186167893488217,1.0,0.5981383210651179,True,0.44599999999999995,0.7270412562776685,0.9021581614840005,0.17511690520633205,True
random_forest,500,16,89,0.7902995720399429,81,0.4535614119815509,1.0,True,0.546438588018449,ok,2.220446049250313e-16,0.3724048761713199,1.0,0.6275951238286801,True,0.41600000000000004,0.6991372551240167,0.8826685309443846,0.18353127582036788,True
random_forest,500,16,90,0.7902995720399429,81,0.43930392055436807,1.0,True,0.5606960794456319,ok,1.6574224631638046e-12,0.3411654065216625,1.0,0.6588345934783375,True,0.384,0.7555110648928534,0.9210379918660608,0.16552692697320748,True
random_forest,500,16,91,0.7902995720399429,81,0.435383802854727,1.0,True,0.564616197145273,ok,1.5702786293481097e-11,0.3470082599687477,1.0,0.6529917400312524,True,0.39,0.7411995748551309,0.9116811580388797,0.17048158318374884,True
random_forest,500,16,92,0.7902995720399429,81,0.47685755308896377,1.0,True,0.5231424469110362,ok,6.06741219766338e-12,0.3841681717143338,1.0,0.6158318282856662,True,0.42800000000000005,0.7270412562776685,0.9021581614840005,0.17511690520633205,True
random_forest,500,16,93,0.7902995720399429,81,0.43937663945926025,1.0,True,0.5606233605407398,ok,3.755676325489787e-15,0.3645772402887464,1.0,0.6354227597112536,True,0.40800000000000003,0.7130239103219014,0.8924833040203556,0.1794593936984542,True
random_forest,500,16,94,0.7902995720399429,81,0.4483522200565591,1.0,True,0.5516477799434409,ok,2.220446049250313e-16,0.3645772402887464,1.0,0.6354227597112536,True,0.40800000000000003,0.6313970258516624,0.8318024633624657,0.2004054375108033,True
random_forest,500,16,95,0.7902995720399429,81,0.4906244476896339,1.0,True,0.509375552310366,ok,2.220446049250313e-16,0.3802441766067317,1.0,0.6197558233932683,True,0.42400000000000004,0.7555110648928534,0.9210379918660608,0.16552692697320748,True
random_forest,500,16,96,0.7902995720399429,81,0.4422624595285499,1.0,True,0.5577375404714501,ok,1.255308704206648e-11,0.35480925682264086,1.0,0.6451907431773591,True,0.398,0.6447397895581854,0.8421913831723888,0.1974515936142034,True
random_forest,500,16,97,0.7902995720399429,81,0.4782686337747189,1.0,True,0.5217313662252812,ok,4.869835437681935e-12,0.36653305025383,1.0,0.63346694974617,True,0.41000000000000003,0.671722246202588,0.8626581079760535,0.19093586177346544,True
random_forest,500,16,98,0.7902995720399429,81,0.5176738582142482,1.0,True,0.48232614178575184,ok,5.9930203161195905e-12,0.40777234158637493,1.0,0.592227658413625,True,0.45199999999999996,0.6991372551240167,0.8826685309443846,0.18353127582036788,True
random_forest,500,16,99,0.7902995720399429,81,0.4229159097802694,1.0,True,0.5770840902197306,ok,3.8169190030856726e-12,0.3470082599687477,1.0,0.6529917400312524,True,0.39,0.6853725383436553,0.8727239312648705,0.18735139292121517,True
random_forest,500,64,0,0.7902995720399429,326,0.6814142935981443,0.88235262713609,True,0.20093833353794566,ok,1.7277845820728999e-12,0.6494844033942502,1.0,0.3505155966057498,True,0.692,0.7497706894177083,0.8398213295461889,0.09005064012848063,True
random_forest,500,64,1,0.7902995720399429,326,0.6696810626075685,0.851271170410632,True,0.1815901078030635,ok,7.440159599525487e-13,0.6577337039359736,1.0,0.34226629606402637,True,0.7,0.7563442764889151,0.8454015102036253,0.0890572337147102,True
random_forest,500,64,2,0.7902995720399429,326,0.6863915668022915,0.8724281317317061,True,0.18603656492941456,ok,5.014044734963363e-13,0.6701348568692573,1.0,0.32986514313074267,True,0.712,0.7301406730382065,0.8229886064213843,0.09284793338317776,True
random_forest,500,64,3,0.7902995720399429,326,0.6752408450295145,0.8662418794285144,True,0.19100103439899985,ok,3.9793168760127173e-13,0.6536072674611748,1.0,0.3463927325388252,True,0.696,0.7563442764889151,0.8454015102036253,0.0890572337147102,True
random_forest,500,64,4,0.7902995720399429,326,0.6791061621570792,0.8708438790335111,True,0.19173771687643193,ok,1.350725087334581e-13,0.6577337039359736,1.0,0.34226629606402637,True,0.7,0.8230742112629397,0.9001895564081495,0.07711534514520979,False
random_forest,500,64,5,0.7902995720399429,326,0.7179567103267528,0.9104361873968276,True,0.19247947707007484,ok,7.980838212517938e-13,0.6929587643743682,1.0,0.3070412356256318,True,0.734,0.7695399865290706,0.8565124991343146,0.08697251260524397,True
random_forest,500,64,6,0.7902995720399429,326,0.7081933574732219,0.892385076836691,True,0.18419171936346912,ok,2.5215940446798868e-14,0.6908789677128586,1.0,0.3091210322871414,True,0.732,0.7530555192594879,0.8426134161822273,0.08955789692273941,True
random_forest,500,64,7,0.7902995720399429,326,0.7641928044036744,0.9617909809776742,True,0.1975981765739998,ok,2.6459112678622887e-12,0.7284756793031028,1.0,0.27152432069689725,True,0.768,0.7695399865290706,0.8565124991343146,0.08697251260524397,True
random_forest,500,64,8,0.7902995720399429,326,0.7095534308994432,0.9052611415379705,True,0.19570771063852732,ok,1.0370870828779744e-12,0.6825697046273094,1.0,0.31743029537269063,True,0.724,0.7432125516362889,0.8342254483710094,0.09101289673472057,True
random_forest,500,64,9,0.7902995720399429,326,0.711953417897968,0.9004780630541958,True,0.1885246451562278,ok,5.245803791353865e-13,0.6888001702886442,1.0,0.31119982971135585,True,0.73,0.7301406730382065,0.8229886064213843,0.09284793338317776,True
random_forest,500,64,10,0.7902995720399429,326,0.6954222223924326,0.8910493958751824,True,0.19562717348274983,ok,2.674527266322002e-13,0.6680656915185362,1.0,0.33193430848146377,True,0.71,0.7563442764889151,0.8454015102036253,0.0890572337147102,True
random_forest,500,64,11,0.7902995720399429,326,0.6964639513793135,0.8798617124542417,True,0.18339776107492822,ok,9.74054170654881e-13,0.680494836024725,1.0,0.31950516397527495,True,0.722,0.7861320633402652,0.8703019725296725,0.08416990918940725,True
random_forest,500,64,12,0.7902995720399429,326,0.7155112693142969,0.9065098837678346,True,0.19099861445353772,ok,6.521172490892013e-14,0.6888001702886442,1.0,0.31119982971135585,True,0.73,0.7497706894177083,0.8398213295461889,0.09005064012848063,True
random_forest,500,64,13,0.7902995720399429,326,0.7390807551047904,0.9298221918814844,True,0.19074143677669397,ok,2.263758624998502e-11,0.7138133252522825,1.0,0.28618667474771753,True,0.754,0.7366693665039354,0.8286143815086902,0.09194501500475472,True
random_forest,500,64,14,0.7902995720399429,326,0.6626940271477121,0.8531371703404064,True,0.1904431431926943,ok,2.659039655128481e-12,0.645365073161317,1.0,0.35463492683868303,True,0.688,0.7794816422267641,0.8648000411965666,0.08531839896980253,True
random_forest,500,64,15,0.7902995720399429,326,0.7004958034660593,0.8957328572782504,True,0.19523705381219103,ok,3.3306690738754696e-15,0.6722049578565129,1.0,0.3277950421434871,True,0.714,0.7497706894177083,0.8398213295461889,0.09005064012848063,True
random_forest,500,64,16,0.7902995720399429,326,0.7301032608192667,0.9213847848023031,True,0.19128152398303644,ok,1.36501920877663e-13,0.7054589360469852,1.0,0.2945410639530148,True,0.746,0.7236260426041609,0.8173485667195722,0.09372252411541138,True
random_forest,500,64,17,0.7902995720399429,326,0.7018108593806639,0.8943581742218188,True,0.19254731484115495,ok,1.7642554084318363e-12,0.6763479900764173,1.0,0.3236520099235827,True,0.718,0.7662348090001289,0.8537411135705864,0.0875063045704575,True
random_forest,500,64,18,0.7902995720399429,326,0.6825284128203644,0.8702926742749633,True,0.1877642614545989,ok,1.1480538741892587e-12,0.6639301450710229,1.0,0.3360698549289771,True,0.706,0.726881625550519,0.8201703431567762,0.09328871760625712,True
random_forest,500,64,19,0.7902995720399429,326,0.7061894932913341,0.8940435142281385,True,0.18785402093680448,ok,3.6087799415440713e-13,0.6867223651510037,1.0,0.3132776348489963,True,0.728,0.7464897212833311,0.8370253184261711,0.09053559714283999,True
random_forest,500,64,20,0.7902995720399429,326,0.7221299788669034,0.915964528589096,True,0.1938345497221926,ok,3.1048774662423284e-13,0.6929587643743682,1.0,0.3070412356256318,True,0.734,0.7236260426041609,0.8173485667195722,0.09372252411541138,True
random_forest,500,64,21,0.7902995720399429,326,0.7243963447407099,0.9226803430405083,True,0.19828399829979837,ok,6.938893903907228e-16,0.6908789677128586,1.0,0.3091210322871414,True,0.732,0.7563442764889151,0.8454015102036253,0.0890572337147102,True
random_forest,500,64,22,0.7902995720399429,326,0.7042655631889523,0.8901438092013365,True,0.18587824601238423,ok,1.1820822098940198e-12,0.6867223651510037,1.0,0.3132776348489963,True,0.728,0.7203738751957129,0.8145233277790511,0.09414945258333818,True
random_forest,500,64,23,0.7902995720399429,326,0.6591881627580103,0.8511461747759294,True,0.19195801201791907,ok,3.3362201889985954e-14,0.6391926229674858,1.0,0.3608073770325142,True,0.6819999999999999,0.7138795992856154,0.8088626563960342,0.09498305711041877,True
random_forest,500,64,24,0.7902995720399429,326,0.7155805786583138,0.9065326442373457,True,0.19095206557903188,ok,3.29847260616134e-13,0.6888001702886442,1.0,0.31119982971135585,True,0.73,0.7497706894177083,0.8398213295461889,0.09005064012848063,True
random_forest,500,64,25,0.7902995720399429,326,0.6849441597224061,0.8801361088967172,True,0.19519194917431115,ok,4.746203430272544e-15,0.6577337039359736,1.0,0.34226629606402637,True,0.7,0.739939119595249,0.8314217824769794,0.09148266288173035,True
random_forest,500,64,26,0.7902995720399429,326,0.6902204237895035,0.8759531915330284,True,0.18573276774352487,ok,1.887379141862766e-15,0.6742760002852761,1.0,0.3257239997147239,True,0.716,0.7530555192594879,0.8426134161822273,0.08955789692273941,True
random_forest,500,64,27,0.7902995720399429,326,0.7165751265583286,0.9114494968986386,True,0.19487437034031008,ok,1.2212453270876722e-15,0.6888001702886442,1.0,0.31119982971135585,True,0.73,0.7497706894177083,0.8398213295461889,0.09005064012848063,True
random_forest,500,64,28,0.7902995720399429,326,0.6577448877769382,0.8446224505171792,True,0.18687756274024103,ok,3.815447957578044e-12,0.6433067215811263,1.0,0.35669327841887366,True,0.6859999999999999,0.7497706894177083,0.8398213295461889,0.09005064012848063,True
random_forest,500,64,29,0.7902995720399429,326,0.6754866015079862,0.8668301841360702,True,0.19134358262808393,ok,2.6988966617125243e-12,0.6556700366777524,1.0,0.34432996332224763,True,0.698,0.7366693665039354,0.8286143815086902,0.09194501500475472,True
random_forest,500,64,30,0.7902995720399429,326,0.6837777679128939,0.8640354676855369,True,0.18025769977264294,ok,3.5524361230443446e-13,0.6701348568692573,1.0,0.32986514313074267,True,0.712,0.7334032358246148,0.8258033040122629,0.09240006818764812,True
random_forest,500,64,31,0.7902995720399429,326,0.6879765776095316,0.8721223852483833,True,0.1841458076388517,ok,5.023759186428833e-13,0.6722049578565129,1.0,0.3277950421434871,True,0.714,0.7138795992856154,0.8088626563960342,0.09498305711041877,True
random_forest,500,64,32,0.7902995720399429,326,0.7120470688730175,0.9020309374844881,True,0.18998386861147065,ok,5.723199691942682e-14,0.6908789677128586,1.0,0.3091210322871414,True,0.732,0.7464897212833311,0.8370253184261711,0.09053559714283999,True
random_forest,500,64,33,0.7902995720399429,326,0.7305806827905564,0.9244687810771296,True,0.19388809828657316,ok,1.1102230246251565e-16,0.7033729897312782,1.0,0.29662701026872185,True,0.744,0.7596370293762753,0.8481855407595466,0.08854851138327124,True
random_forest,500,64,34,0.7902995720399429,326,0.6947013266140466,0.8940449616581755,True,0.1993436350441289,ok,2.0008994461306884e-13,0.6515453913226887,1.0,0.34845460867731126,True,0.694,0.726881625550519,0.8201703431567762,0.09328871760625712,True
random_forest,500,64,35,0.7902995720399429,326,0.7184047972804518,0.9062864513595277,True,0.18788165407907587,ok,1.7264800700189653e-12,0.6971213839308975,1.0,0.3028786160691025,True,0.738,0.726881625550519,0.8201703431567762,0.09328871760625712,True
random_forest,500,64,36,0.7902995720399429,326,0.6647424874411495,0.8559466726626653,True,0.19120418522151583,ok,6.985606537668332e-12,0.645365073161317,1.0,0.35463492683868303,True,0.688,0.7728494616322074,0.8592795074955559,0.08643004586334857,True
random_forest,500,64,37,0.7902995720399429,326,0.7173122788856298,0.9068731999081652,True,0.1895609210225354,ok,3.083061583808444e-12,0.695039567366933,1.0,0.30496043263306705,True,0.736,0.7497706894177083,0.8398213295461889,0.09005064012848063,True
random_forest,500,64,38,0.7902995720399429,326,0.6759105328995486,0.8612628292263138,True,0.1853522963267652,ok,1.0396683514102278e-12,0.6618637529211441,1.0,0.3381362470788559,True,0.704,0.726881625550519,0.8201703431567762,0.09328871760625712,True
random_forest,500,64,39,0.7902995720399429,326,0.6675726074059916,0.8611421831991528,True,0.19356957579316125,ok,9.884038032481612e-13,0.6433067215811263,1.0,0.35669327841887366,True,0.6859999999999999,0.7662348090001289,0.8537411135705864,0.0875063045704575,True
random_forest,500,64,40,0.7902995720399429,326,0.7022363605795628,0.8964706319079636,True,0.19423427132840076,ok,6.661338147750939e-15,0.6742760002852761,1.0,0.3257239997147239,True,0.716,0.7236260426041609,0.8173485667195722,0.09372252411541138,True
random_forest,500,64,41,0.7902995720399429,326,0.7098556667149917,0.8925692945171682,True,0.18271362780217648,ok,9.112988141879441e-13,0.695039567366933,1.0,0.30496043263306705,True,0.736,0.7236260426041609,0.8173485667195722,0.09372252411541138,True
random_forest,500,64,42,0.7902995720399429,326,0.6714272832348452,0.8626947066616676,True,0.19126742342682235,ok,4.058253733063566e-12,0.6515453913226887,1.0,0.34845460867731126,True,0.694,0.7761633178278609,0.8620420517487992,0.08587873392093837,True
random_forest,500,64,43,0.7902995720399429,326,0.6748561159314007,0.8645736375537332,True,0.18971752162233246,ok,8.745781876484671e-14,0.6556700366777524,1.0,0.34432996332224763,True,0.698,0.6944741359165734,0.79180230304598,0.09732816712940662,True
random_forest,500,64,44,0.7902995720399429,326,0.710230877891556,0.9045493464538691,True,0.19431846856231305,ok,3.557709682411314e-13,0.6846455454888289,1.0,0.31535445451117106,True,0.726,0.739939119595249,0.8314217824769794,0.09148266288173035,True
random_forest,500,64,45,0.7902995720399429,326,0.7317530068361741,0.913815099031803,True,0.18206209219562897,ok,1.6692480730995385e-12,0.7159046158811087,1.0,0.28409538411889135,True,0.756,0.7662348090001289,0.8537411135705864,0.0875063045704575,True
random_forest,500,64,46,0.7902995720399429,326,0.6806221448794842,0.8718968039842,True,0.19127465910471575,ok,2.1754820167529942e-13,0.6597982742968969,1.0,0.34020172570310314,True,0.702,0.7629338489209019,0.8509654341307469,0.088031585209845,True
random_forest,500,64,47,0.7902995720399429,326,0.6731334221726716,0.8706202221416031,True,0.19748679996893148,ok,3.0531133177191805e-14,0.645365073161317,1.0,0.35463492683868303,True,0.688,0.7366693665039354,0.8286143815086902,0.09194501500475472,True
random_forest,500,64,48,0.7902995720399429,326,0.6700316899853423,0.8556231510023719,True,0.1855914610170295,ok,9.110869475030671e-10,0.6556700366777524,1.0,0.34432996332224763,True,0.698,0.7366693665039354,0.8286143815086902,0.09194501500475472,True
random_forest,500,64,49,0.7902995720399429,326,0.7137688517550791,0.9090748684166559,True,0.19530601666157676,ok,6.999956170261612e-14,0.6846455454888289,1.0,0.31535445451117106,True,0.726,0.7662348090001289,0.8537411135705864,0.0875063045704575,True
random_forest,500,64,50,0.7902995720399429,326,0.7202872180508909,0.9179524540626716,True,0.19766523601178065,ok,5.226902244359621e-12,0.6888001702886442,1.0,0.31119982971135585,True,0.73,0.7662348090001289,0.8537411135705864,0.0875063045704575,True
random_forest,500,64,51,0.7902995720399429,326,0.6766919549001877,0.8655783601356527,True,0.18888640523546496,ok,2.0775048348298242e-13,0.6556700366777524,1.0,0.34432996332224763,True,0.698,0.7106374008678751,0.8060273168513672,0.09538991598349211,True
random_forest,500,64,52,0.7902995720399429,326,0.7004287249604633,0.8965858732330675,True,0.19615714827260422,ok,4.080624727009763e-13,0.6722049578565129,1.0,0.3277950421434871,True,0.714,0.7761633178278609,0.8620420517487992,0.08587873392093837,True
random_forest,500,64,53,0.7902995720399429,326,0.6794736576476337,0.8770568033629147,True,0.19758314571528102,ok,6.12870865168702e-13,0.6515453913226887,1.0,0.34845460867731126,True,0.694,0.7662348090001289,0.8537411135705864,0.0875063045704575,True
random_forest,500,64,54,0.7902995720399429,326,0.7128108665657226,0.9022472955898794,True,0.1894364290241568,ok,1.2434497875801753e-14,0.6888001702886442,1.0,0.31119982971135585,True,0.73,0.7171250759977861,0.8116946752551357,0.09456959925734965,True
random_forest,500,64,55,0.7902995720399429,326,0.6669218873426296,0.8642037517300258,True,0.19728186438739626,ok,1.9101387138675818e-13,0.6412492396559966,1.0,0.35875076034400344,True,0.6839999999999999,0.7138795992856154,0.8088626563960342,0.09498305711041877,True
random_forest,500,64,56,0.7902995720399429,326,0.6738483976927638,0.8642049220394569,True,0.19035652434669303,ok,3.00676150644108e-13,0.6556700366777524,1.0,0.34432996332224763,True,0.698,0.7366693665039354,0.8286143815086902,0.09194501500475472,True
random_forest,500,64,57,0.7902995720399429,326,0.636627685322684,0.8196939500784548,True,0.1830662647557708,ok,9.253153798738367e-13,0.6248201790139012,1.0,0.3751798209860988,True,0.6679999999999999,0.7563442764889151,0.8454015102036253,0.0890572337147102,True
random_forest,500,64,58,0.7902995720399429,326,0.6626923866965119,0.8638151270040503,True,0.2011227403075384,ok,1.61259894326804e-13,0.6330279213981824,1.0,0.3669720786018176,True,0.6759999999999999,0.726881625550519,0.8201703431567762,0.09328871760625712,True
random_forest,500,64,59,0.7902995720399429,326,0.6850561436144772,0.8783792745640148,True,0.19332313094953757,ok,5.551115123125783e-17,0.6618637529211441,1.0,0.3381362470788559,True,0.704,0.739939119595249,0.8314217824769794,0.09148266288173035,True
random_forest,500,64,60,0.7902995720399429,326,0.7244591779675952,0.9125085820096787,True,0.18804940404208348,ok,1.71940239823698e-12,0.7033729897312782,1.0,0.29662701026872185,True,0.744,0.7497706894177083,0.8398213295461889,0.09005064012848063,True
random_forest,500,64,61,0.7902995720399429,326,0.6966443665837937,0.887626674273849,True,0.1909823076900553,ok,6.390721285498557e-14,0.6742760002852761,1.0,0.3257239997147239,True,0.716,0.7366693665039354,0.8286143815086902,0.09194501500475472,True
random_forest,500,64,62,0.7902995720399429,326,0.6840580232690894,0.8783791880493728,True,0.19432116478028338,ok,1.1708273239818823e-11,0.6597982742968969,1.0,0.34020172570310314,True,0.702,0.7728494616322074,0.8592795074955559,0.08643004586334857,True
random_forest,500,64,63,0.7902995720399429,326,0.6457664337336991,0.8374415489429022,True,0.1916751152092031,ok,2.606248550307555e-14,0.6227703349904439,1.0,0.3772296650095561,True,0.6659999999999999,0.6496090711980604,0.751575936446869,0.1019668652488086,False
random_forest,500,64,64,0.7902995720399429,326,0.7153732757682864,0.9023322098561232,True,0.18695893408783681,ok,5.140332604014475e-14,0.6971213839308975,1.0,0.3028786160691025,True,0.738,0.7828045257460664,0.8675533811197794,0.08474885537371302,True
random_forest,500,64,65,0.7902995720399429,326,0.6699233240727335,0.8632205668164623,True,0.19329724274372884,ok,3.5521585672881884e-13,0.6474242989013866,1.0,0.35257570109861336,True,0.69,0.6880303856036847,0.7860904898302395,0.09806010422655487,False
random_forest,500,64,66,0.7902995720399429,326,0.6952221197344278,0.8867450156788407,True,0.19152289594441285,ok,1.8079981956020674e-13,0.6722049578565129,1.0,0.3277950421434871,True,0.714,0.7530555192594879,0.8426134161822273,0.08955789692273941,True
random_forest,500,64,67,0.7902995720399429,326,0.7041817091346049,0.9011744485117668,True,0.19699273937716189,ok,1.4765966227514582e-14,0.6701348568692573,1.0,0.32986514313074267,True,0.712,0.7530555192594879,0.8426134161822273,0.08955789692273941,True
random_forest,500,64,68,0.7902995720399429,326,0.6667176591824255,0.8632618152015309,True,0.19654415601910535,ok,6.251860140693566e-12,0.6391926229674858,1.0,0.3608073770325142,True,0.6819999999999999,0.7203738751957129,0.8145233277790511,0.09414945258333818,True
random_forest,500,64,69,0.7902995720399429,326,0.6530572980355744,0.837299940912134,True,0.18424264287655956,ok,3.0531133177191805e-16,0.6391926229674858,1.0,0.3608073770325142,True,0.6819999999999999,0.7828045257460664,0.8675533811197794,0.08474885537371302,True
random_forest,500,64,70,0.7902995720399429,326,0.6734754038352562,0.8719192044856585,True,0.19844380065040235,ok,3.876843290839815e-12,0.645365073161317,1.0,0.35463492683868303,True,0.688,0.7464897212833311,0.8370253184261711,0.09053559714283999,True
random_forest,500,64,71,0.7902995720399429,326,0.69075847763726,0.884109086782535,True,0.19335060914527502,ok,1.7895407378176742e-12,0.6680656915185362,1.0,0.33193430848146377,True,0.71,0.7596370293762753,0.8481855407595466,0.08854851138327124,True
random_forest,500,64,72,0.7902995720399429,326,0.7282225201924165,0.9203839026611081,True,0.19216138246869163,ok,1.209131406110231e-11,0.701288087489448,1.0,0.29871191251055196,True,0.742,0.7432125516362889,0.8342254483710094,0.09101289673472057,True
random_forest,500,64,73,0.7902995720399429,326,0.7203396654284298,0.9149191590507637,True,0.19457949362233395,ok,1.7264523144433497e-12,0.6929587643743682,1.0,0.3070412356256318,True,0.734,0.7236260426041609,0.8173485667195722,0.09372252411541138,True
random_forest,500,64,74,0.7902995720399429,326,0.6659598007996956,0.8552032840809664,True,0.18924348328127072,ok,1.2936873794444637e-13,0.6474242989013866,1.0,0.35257570109861336,True,0.69,0.7861320633402652,0.8703019725296725,0.08416990918940725,True
random_forest,500,64,75,0.7902995720399429,326,0.7236866884409213,0.9170246895384275,True,0.1933380010975062,ok,3.334610365612889e-12,0.6971213839308975,1.0,0.3028786160691025,True,0.738,0.7861320633402652,0.8703019725296725,0.08416990918940725,True
random_forest,500,64,76,0.7902995720399429,326,0.6818419023583099,0.8661193641466107,True,0.18427746178830084,ok,3.3306690738754696e-16,0.6680656915185362,1.0,0.33193430848146377,True,0.71,0.7497706894177083,0.8398213295461889,0.09005064012848063,True
random_forest,500,64,77,0.7902995720399429,326,0.6826643120397627,0.8808932801628818,True,0.19822896812311908,ok,4.7639114875153155e-12,0.6536072674611748,1.0,0.3463927325388252,True,0.696,0.7171250759977861,0.8116946752551357,0.09456959925734965,True
random_forest,500,64,78,0.7902995720399429,326,0.6984735307446923,0.8898041495873595,True,0.19133061884266722,ok,8.328060463469455e-13,0.6763479900764173,1.0,0.3236520099235827,True,0.718,0.7828045257460664,0.8675533811197794,0.08474885537371302,True
random_forest,500,64,79,0.7902995720399429,326,0.6939739116101928,0.8847900745974463,True,0.19081616298725346,ok,2.0261570199409107e-15,0.6701348568692573,1.0,0.32986514313074267,True,0.712,0.6912507573392301,0.7889479167228958,0.09769715938366563,False
random_forest,500,64,80,0.7902995720399429,326,0.7011134658143877,0.8918875302415336,True,0.19077406442714584,ok,2.7755575615628914e-15,0.6784209332693435,1.0,0.3215790667306565,True,0.72,0.7563442764889151,0.8454015102036253,0.0890572337147102,True
random_forest,500,64,81,0.7902995720399429,326,0.7137642073691407,0.9098769468808704,True,0.1961127395117297,ok,2.1100343694513413e-12,0.6846455454888289,1.0,0.31535445451117106,True,0.726,0.7994908094266485,0.8812467081467699,0.08175589872012134,False
random_forest,500,64,82,0.7902995720399429,326,0.7087990184713467,0.9001224315900469,True,0.19132341311870016,ok,9.43689570931383e-16,0.6763479900764173,1.0,0.3236520099235827,True,0.718,0.7432125516362889,0.8342254483710094,0.09101289673472057,True
random_forest,500,64,83,0.7902995720399429,326,0.7137475168226568,0.9021189782806699,True,0.1883714614580131,ok,2.0000667788622195e-13,0.6929587643743682,1.0,0.3070412356256318,True,0.734,0.7138795992856154,0.8088626563960342,0.09498305711041877,True
random_forest,500,64,84,0.7902995720399429,326,0.715719676595863,0.91430005673164,True,0.19858038013577706,ok,1.7278956043753624e-12,0.6846455454888289,1.0,0.31535445451117106,True,0.726,0.7009300551245744,0.7975018080417414,0.09657175291716702,True
random_forest,500,64,85,0.7902995720399429,326,0.6988563572875468,0.8889215158674968,True,0.19006515857995,ok,1.1429746038515987e-13,0.6784209332693435,1.0,0.3215790667306565,True,0.72,0.7334032358246148,0.8258033040122629,0.09240006818764812,True
random_forest,500,64,86,0.7902995720399429,326,0.7338179230219195,0.9249257674102108,True,0.19110784438829131,ok,3.552713678800501e-15,0.7075459344674455,1.0,0.2924540655325545,True,0.748,0.7828045257460664,0.8675533811197794,0.08474885537371302,True
random_forest,500,64,87,0.7902995720399429,326,0.7300729112487389,0.9286470405774606,True,0.19857412932872176,ok,1.2524631619547295e-11,0.6971213839308975,1.0,0.3028786160691025,True,0.738,0.7497706894177083,0.8398213295461889,0.09005064012848063,True
random_forest,500,64,88,0.7902995720399429,326,0.70995115514668,0.9040887331964345,True,0.1941375780497545,ok,1.0021428131778976e-12,0.680494836024725,1.0,0.31950516397527495,True,0.722,0.7464897212833311,0.8370253184261711,0.09053559714283999,True
random_forest,500,64,89,0.7902995720399429,326,0.7081563758266076,0.8934601243251048,True,0.18530374849849718,ok,9.19014864209089e-13,0.6867223651510037,1.0,0.3132776348489963,True,0.728,0.8062009180770082,0.8866876482340496,0.08048673015704133,False
random_forest,500,64,90,0.7902995720399429,326,0.7064022866549433,0.9052267641548776,True,0.19882447749993426,ok,7.466249840604178e-14,0.6722049578565129,1.0,0.3277950421434871,True,0.714,0.7203738751957129,0.8145233277790511,0.09414945258333818,True
random_forest,500,64,91,0.7902995720399429,326,0.6848679894283941,0.8809593124436297,True,0.19609132301523557,ok,6.356026815979021e-14,0.6597982742968969,1.0,0.34020172570310314,True,0.702,0.7073984380214227,0.8031887007410954,0.09579026271967273,True
random_forest,500,64,92,0.7902995720399429,326,0.726039481214569,0.9138118669085235,True,0.1877723856939545,ok,1.4988010832439613e-15,0.7033729897312782,1.0,0.29662701026872185,True,0.744,0.7563442764889151,0.8454015102036253,0.0890572337147102,True
random_forest,500,64,93,0.7902995720399429,326,0.73059060698513,0.9192966045288223,True,0.18870599754369233,ok,9.18931597482242e-13,0.7075459344674455,1.0,0.2924540655325545,True,0.748,0.7695399865290706,0.8565124991343146,0.08697251260524397,True
random_forest,500,64,94,0.7902995720399429,326,0.6748153301808067,0.8643606234938838,True,0.189545293313077,ok,2.1899149160731213e-14,0.6556700366777524,1.0,0.34432996332224763,True,0.698,0.7366693665039354,0.8286143815086902,0.09194501500475472,True
random_forest,500,64,95,0.7902995720399429,326,0.7150703735452116,0.9133718914458253,True,0.19830151790061368,ok,3.73406860987302e-12,0.6825697046273094,1.0,0.31743029537269063,True,0.724,0.7728494616322074,0.8592795074955559,0.08643004586334857,True
random_forest,500,64,96,0.7902995720399429,326,0.7297471621229519,0.9280429044357791,True,0.1982957423128272,ok,5.256350910087804e-13,0.695039567366933,1.0,0.30496043263306705,True,0.736,0.7073984380214227,0.8031887007410954,0.09579026271967273,True
random_forest,500,64,97,0.7902995720399429,326,0.6451157179491298,0.8425723841169507,True,0.19745666616782087,ok,2.406921884023916e-12,0.6186731305968438,1.0,0.3813268694031562,True,0.6619999999999999,0.7629338489209019,0.8509654341307469,0.088031585209845,True
random_forest,500,64,98,0.7902995720399429,326,0.7230345658160913,0.9259198450205722,True,0.20288527920448096,ok,9.089951014118469e-14,0.6867223651510037,1.0,0.3132776348489963,True,0.728,0.7366693665039354,0.8286143815086902,0.09194501500475472,True
random_forest,500,64,99,0.7902995720399429,326,0.6734859648955053,0.8619764840985539,True,0.1884905192030486,ok,2.6728619317850644e-14,0.6556700366777524,1.0,0.34432996332224763,True,0.698,0.7662348090001289,0.8537411135705864,0.0875063045704575,True
random_forest,500,98,0,0.7902995720399429,500,0.7643273646929897,0.8360562524275789,True,0.07172888773458919,full_suite,0.0,0.7643273646929897,0.8360562524275789,0.07172888773458919,True,0.802,0.7179970014207515,0.7949210924842207,0.0769240910634692,True
random_forest,500,98,1,0.7902995720399429,500,0.7326751502036191,0.8080734750942906,True,0.07539832489067155,full_suite,0.0,0.7326751502036191,0.8080734750942906,0.07539832489067155,True,0.772,0.7221850939348309,0.7986846285806797,0.0764995346458488,True
random_forest,500,98,2,0.7902995720399429,500,0.762208169720093,0.8341998741561671,True,0.07199170443607417,full_suite,0.0,0.762208169720093,0.8341998741561671,0.07199170443607417,True,0.8,0.7431945650011731,0.8174326993337718,0.07423813433259874,True
random_forest,500,98,3,0.7902995720399429,500,0.7410882671626164,0.8155632919383581,True,0.07447502477574164,full_suite,0.0,0.7410882671626164,0.815563291938358,0.07447502477574153,True,0.78,0.7305748331538273,0.8061980317404781,0.07562319858665079,True
random_forest,500,98,4,0.7902995720399429,500,0.7263776782357783,0.8024436351757296,True,0.07606595693995133,full_suite,0.0,0.7263776782357783,0.8024436351757296,0.07606595693995133,True,0.766,0.7347766411054577,0.8099477340602176,0.07517109295475988,True
random_forest,500,98,5,0.7902995720399429,500,0.7516321895128466,0.8248977747071499,True,0.07326558519430326,full_suite,0.0,0.7516321895128466,0.8248977747071499,0.07326558519430326,True,0.79,0.7242808197667245,0.8005647030150228,0.07628388324829827,True
random_forest,500,98,6,0.7902995720399429,500,0.7579738222098207,0.8304830314351875,True,0.07250920922536686,full_suite,0.0,0.7579738222098207,0.8304830314351875,0.07250920922536686,True,0.796,0.7728179797734162,0.8434677755815873,0.0706497958081711,True
random_forest,500,98,7,0.7902995720399429,500,0.7728179797734162,0.8434677755815873,True,0.0706497958081711,full_suite,0.0,0.7728179797734162,0.8434677755815873,0.0706497958081711,True,0.81,0.7898691659909792,0.858220032010569,0.06835086601958973,True
random_forest,500,98,8,0.7902995720399429,500,0.7558586403119232,0.8286225970614755,True,0.07276395674955227,full_suite,0.0,0.7558586403119232,0.8286225970614755,0.07276395674955227,True,0.794,0.7643273646929897,0.8360562524275789,0.07172888773458919,True
random_forest,500,98,9,0.7902995720399429,500,0.7389831883062952,0.8136926540135843,True,0.07470946570728909,full_suite,0.0,0.7389831883062952,0.8136926540135843,0.07470946570728909,True,0.778,0.7877324296532344,0.8563814050773386,0.0686489754241042,True
random_forest,500,98,10,0.7902995720399429,500,0.7558586403119232,0.8286225970614755,True,0.07276395674955227,full_suite,0.0,0.7558586403119232,0.8286225970614755,0.07276395674955227,True,0.794,0.7305748331538273,0.8061980317404781,0.07562319858665079,True
random_forest,500,98,11,0.7902995720399429,500,0.701288087489448,0.7798231457044343,False,0.0785350582149863,full_suite,0.0,0.701288087489448,0.7798231457044343,0.0785350582149863,False,0.742,0.7877324296532344,0.8563814050773386,0.0686489754241042,True
random_forest,500,98,12,0.7902995720399429,500,0.7685698733068929,0.8397648446784733,True,0.07119497137158048,full_suite,0.0,0.7685698733068929,0.8397648446784733,0.07119497137158048,True,0.806,0.7200904909967294,0.7968034218253506,0.07671293082862118,True
random_forest,500,98,13,0.7902995720399429,500,0.7664479273429295,0.8379112479437327,True,0.07146332060080318,full_suite,0.0,0.7664479273429295,0.8379112479437326,0.07146332060080307,True,0.804,0.7326751502036191,0.8080734750942906,0.07539832489067155,True
random_forest,500,98,14,0.7902995720399429,500,0.7516321895128466,0.8248977747071499,True,0.07326558519430326,full_suite,0.0,0.7516321895128466,0.8248977747071499,0.07326558519430326,True,0.79,0.777071817589018,0.8471649082423204,0.07009309065330238,True
random_forest,500,98,15,0.7902995720399429,500,0.7643273646929897,0.8360562524275789,True,0.07172888773458919,full_suite,0.0,0.7643273646929897,0.8360562524275789,0.07172888773458919,True,0.802,0.7410882671626164,0.8155632919383581,0.07447502477574164,True
random_forest,500,98,16,0.7902995720399429,500,0.7096339931941312,0.7873807366857285,False,0.07774674349159727,full_suite,0.0,0.7096339931941312,0.7873807366857286,0.07774674349159738,False,0.75,0.7389831883062952,0.8136926540135843,0.07470946570728909,True
random_forest,500,98,17,0.7902995720399429,500,0.7792009294353417,0.8490112554192721,True,0.06981032598393044,full_suite,0.0,0.7792009294353417,0.8490112554192721,0.06981032598393044,True,0.8160000000000001,0.7643273646929897,0.8360562524275789,0.07172888773458919,True
random_forest,500,98,18,0.7902995720399429,500,0.7558586403119232,0.8286225970614755,True,0.07276395674955227,full_suite,0.0,0.7558586403119232,0.8286225970614755,0.07276395674955227,True,0.794,0.7728179797734162,0.8434677755815873,0.0706497958081711,True
random_forest,500,98,19,0.7902995720399429,500,0.7389831883062952,0.8136926540135843,True,0.07470946570728909,full_suite,0.0,0.7389831883062952,0.8136926540135843,0.07470946570728909,True,0.778,0.7516321895128466,0.8248977747071499,0.07326558519430326,True
random_forest,500,98,20,0.7902995720399429,500,0.7495208933495577,0.8230334146367744,True,0.07351252128721664,full_suite,0.0,0.7495208933495577,0.8230334146367744,0.07351252128721664,True,0.788,0.7749441736423817,0.8453170755343652,0.07037290189198353,True
random_forest,500,98,21,0.7902995720399429,500,0.7600903271803514,0.8323421287495089,True,0.07225180156915745,full_suite,0.0,0.7600903271803514,0.8323421287495089,0.07225180156915745,True,0.798,0.7495208933495577,0.8230334146367744,0.07351252128721664,True
random_forest,500,98,22,0.7902995720399429,500,0.7389831883062952,0.8136926540135843,True,0.07470946570728909,full_suite,0.0,0.7389831883062952,0.8136926540135843,0.07470946570728909,True,0.778,0.7643273646929897,0.8360562524275789,0.07172888773458919,True
random_forest,500,98,23,0.7902995720399429,500,0.7664479273429295,0.8379112479437327,True,0.07146332060080318,full_suite,0.0,0.7664479273429295,0.8379112479437326,0.07146332060080307,True,0.804,0.7263776782357783,0.8024436351757296,0.07606595693995133,True
random_forest,500,98,24,0.7902995720399429,500,0.783463630562919,0.8526994175007099,True,0.06923578693779087,full_suite,0.0,0.783463630562919,0.8526994175007099,0.06923578693779087,True,0.8200000000000001,0.7326751502036191,0.8080734750942906,0.07539832489067155,True
random_forest,500,98,25,0.7902995720399429,500,0.7579738222098207,0.8304830314351875,True,0.07250920922536686,full_suite,0.0,0.7579738222098207,0.8304830314351875,0.07250920922536686,True,0.796,0.745302093772969,0.8193008639763387,0.07399877020336976,True
random_forest,500,98,26,0.7902995720399429,500,0.7326751502036191,0.8080734750942906,True,0.07539832489067155,full_suite,0.0,0.7326751502036191,0.8080734750942906,0.07539832489067155,True,0.772,0.7516321895128466,0.8248977747071499,0.07326558519430326,True
random_forest,500,98,27,0.7902995720399429,500,0.7537447673454118,0.8267608401098797,True,0.07301607276446787,full_suite,0.0,0.7537447673454118,0.8267608401098797,0.07301607276446787,True,0.792,0.7368793167566787,0.8118207974992855,0.07494148074260676,True
random_forest,500,98,28,0.7902995720399429,500,0.7579738222098207,0.8304830314351875,True,0.07250920922536686,full_suite,0.0,0.7579738222098207,0.8304830314351875,0.07250920922536686,True,0.796,0.7537447673454118,0.8267608401098797,0.07301607276446787,True
random_forest,500,98,29,0.7902995720399429,500,0.745302093772969,0.8193008639763387,True,0.07399877020336976,full_suite,0.0,0.745302093772969,0.8193008639763387,0.07399877020336976,True,0.784,0.7600903271803514,0.8323421287495089,0.07225180156915745,True
random_forest,500,98,30,0.7902995720399429,500,0.7537447673454118,0.8267608401098797,True,0.07301607276446787,full_suite,0.0,0.7537447673454118,0.8267608401098797,0.07301607276446787,True,0.792,0.7920074880336494,0.8600570524295871,0.06804956439593768,False
random_forest,500,98,31,0.7902995720399429,500,0.7326751502036191,0.8080734750942906,True,0.07539832489067155,full_suite,0.0,0.7326751502036191,0.8080734750942906,0.07539832489067155,True,0.772,0.7792009294353417,0.8490112554192721,0.06981032598393044,True
random_forest,500,98,32,0.7902995720399429,500,0.7326751502036191,0.8080734750942906,True,0.07539832489067155,full_suite,0.0,0.7326751502036191,0.8080734750942906,0.07539832489067155,True,0.772,0.7138133252522825,0.7911531039339376,0.07733977868165509,True
random_forest,500,98,33,0.7902995720399429,500,0.7600903271803514,0.8323421287495089,True,0.07225180156915745,full_suite,0.0,0.7600903271803514,0.8323421287495089,0.07225180156915745,True,0.798,0.7813315274892947,0.850856098275897,0.06952457078660235,True
random_forest,500,98,34,0.7902995720399429,500,0.7305748331538273,0.8061980317404781,True,0.07562319858665079,full_suite,0.0,0.7305748331538273,0.8061980317404781,0.07562319858665079,True,0.77,0.7326751502036191,0.8080734750942906,0.07539832489067155,True
random_forest,500,98,35,0.7902995720399429,500,0.7792009294353417,0.8490112554192721,True,0.06981032598393044,full_suite,0.0,0.7792009294353417,0.8490112554192721,0.06981032598393044,True,0.8160000000000001,0.7263776782357783,0.8024436351757296,0.07606595693995133,True
random_forest,500,98,36,0.7902995720399429,500,0.7495208933495577,0.8230334146367744,True,0.07351252128721664,full_suite,0.0,0.7495208933495577,0.8230334146367744,0.07351252128721664,True,0.788,0.7685698733068929,0.8397648446784733,0.07119497137158048,True
random_forest,500,98,37,0.7902995720399429,500,0.7431945650011731,0.8174326993337718,True,0.07423813433259874,full_suite,0.0,0.7431945650011731,0.8174326993337718,0.07423813433259874,True,0.782,0.7643273646929897,0.8360562524275789,0.07172888773458919,True
random_forest,500,98,38,0.7902995720399429,500,0.7431945650011731,0.8174326993337718,True,0.07423813433259874,full_suite,0.0,0.7431945650011731,0.8174326993337718,0.07423813433259874,True,0.782,0.7600903271803514,0.8323421287495089,0.07225180156915745,True
random_forest,500,98,39,0.7902995720399429,500,0.777071817589018,0.8471649082423204,True,0.07009309065330238,full_suite,0.0,0.777071817589018,0.8471649082423204,0.07009309065330238,True,0.8140000000000001,0.7474108657130708,0.8211677733499909,0.07375690763692011,True
random_forest,500,98,40,0.7902995720399429,500,0.7347766411054577,0.8099477340602176,True,0.07517109295475988,full_suite,0.0,0.7347766411054577,0.8099477340602175,0.07517109295475977,True,0.774,0.7728179797734162,0.8434677755815873,0.0706497958081711,True
random_forest,500,98,41,0.7902995720399429,500,0.783463630562919,0.8526994175007099,True,0.06923578693779087,full_suite,0.0,0.783463630562919,0.8526994175007099,0.06923578693779087,True,0.8200000000000001,0.7685698733068929,0.8397648446784733,0.07119497137158048,True
random_forest,500,98,42,0.7902995720399429,500,0.7558586403119232,0.8286225970614755,True,0.07276395674955227,full_suite,0.0,0.7558586403119232,0.8286225970614755,0.07276395674955227,True,0.794,0.7579738222098207,0.8304830314351875,0.07250920922536686,True
random_forest,500,98,43,0.7902995720399429,500,0.745302093772969,0.8193008639763387,True,0.07399877020336976,full_suite,0.0,0.745302093772969,0.8193008639763387,0.07399877020336976,True,0.784,0.7643273646929897,0.8360562524275789,0.07172888773458919,True
random_forest,500,98,44,0.7902995720399429,500,0.7495208933495577,0.8230334146367744,True,0.07351252128721664,full_suite,0.0,0.7495208933495577,0.8230334146367744,0.07351252128721664,True,0.788,0.7685698733068929,0.8397648446784733,0.07119497137158048,True
random_forest,500,98,45,0.7902995720399429,500,0.783463630562919,0.8526994175007099,True,0.06923578693779087,full_suite,0.0,0.783463630562919,0.8526994175007099,0.06923578693779087,True,0.8200000000000001,0.7495208933495577,0.8230334146367744,0.07351252128721664,True
random_forest,500,98,46,0.7902995720399429,500,0.7516321895128466,0.8248977747071499,True,0.07326558519430326,full_suite,0.0,0.7516321895128466,0.8248977747071499,0.07326558519430326,True,0.79,0.7664479273429295,0.8379112479437327,0.07146332060080318,True
random_forest,500,98,47,0.7902995720399429,500,0.7643273646929897,0.8360562524275789,True,0.07172888773458919,full_suite,0.0,0.7643273646929897,0.8360562524275789,0.07172888773458919,True,0.802,0.7474108657130708,0.8211677733499909,0.07375690763692011,True
random_forest,500,98,48,0.7902995720399429,500,0.783463630562919,0.8526994175007099,True,0.06923578693779087,full_suite,0.0,0.783463630562919,0.8526994175007099,0.06923578693779087,True,0.8200000000000001,0.7898691659909792,0.858220032010569,0.06835086601958973,True
random_forest,500,98,49,0.7902995720399429,500,0.7474108657130708,0.8211677733499909,True,0.07375690763692011,full_suite,0.0,0.7474108657130708,0.8211677733499908,0.07375690763692,True,0.786,0.7685698733068929,0.8397648446784733,0.07119497137158048,True
random_forest,500,98,50,0.7902995720399429,500,0.7516321895128466,0.8248977747071499,True,0.07326558519430326,full_suite,0.0,0.7516321895128466,0.8248977747071499,0.07326558519430326,True,0.79,0.7368793167566787,0.8118207974992855,0.07494148074260676,True
random_forest,500,98,51,0.7902995720399429,500,0.7962889764221586,0.8637261840948709,False,0.06743720767271233,full_suite,0.0,0.7962889764221586,0.8637261840948709,0.06743720767271233,False,0.832,0.7664479273429295,0.8379112479437327,0.07146332060080318,True
random_forest,500,98,52,0.7902995720399429,500,0.7558586403119232,0.8286225970614755,True,0.07276395674955227,full_suite,0.0,0.7558586403119232,0.8286225970614755,0.07276395674955227,True,0.794,0.762208169720093,0.8341998741561671,0.07199170443607417,True
random_forest,500,98,53,0.7902995720399429,500,0.7495208933495577,0.8230334146367744,True,0.07351252128721664,full_suite,0.0,0.7495208933495577,0.8230334146367744,0.07351252128721664,True,0.788,0.7284756793031028,0.80432141488642,0.0758457355833172,True
random_forest,500,98,54,0.7902995720399429,500,0.745302093772969,0.8193008639763387,True,0.07399877020336976,full_suite,0.0,0.745302093772969,0.8193008639763387,0.07399877020336976,True,0.784,0.7326751502036191,0.8080734750942906,0.07539832489067155,True
random_forest,500,98,55,0.7902995720399429,500,0.7431945650011731,0.8174326993337718,True,0.07423813433259874,full_suite,0.0,0.7431945650011731,0.8174326993337718,0.07423813433259874,True,0.782,0.7326751502036191,0.8080734750942906,0.07539832489067155,True
random_forest,500,98,56,0.7902995720399429,500,0.7284756793031028,0.80432141488642,True,0.0758457355833172,full_suite,0.0,0.7284756793031028,0.80432141488642,0.0758457355833172,True,0.768,0.7579738222098207,0.8304830314351875,0.07250920922536686,True
random_forest,500,98,57,0.7902995720399429,500,0.7326751502036191,0.8080734750942906,True,0.07539832489067155,full_suite,0.0,0.7326751502036191,0.8080734750942906,0.07539832489067155,True,0.772,0.7749441736423817,0.8453170755343652,0.07037290189198353,True
random_forest,500,98,58,0.7902995720399429,500,0.7410882671626164,0.8155632919383581,True,0.07447502477574164,full_suite,0.0,0.7410882671626164,0.815563291938358,0.07447502477574153,True,0.78,0.7305748331538273,0.8061980317404781,0.07562319858665079,True
random_forest,500,98,59,0.7902995720399429,500,0.7326751502036191,0.8080734750942906,True,0.07539832489067155,full_suite,0.0,0.7326751502036191,0.8080734750942906,0.07539832489067155,True,0.772,0.762208169720093,0.8341998741561671,0.07199170443607417,True
random_forest,500,98,60,0.7902995720399429,500,0.7516321895128466,0.8248977747071499,True,0.07326558519430326,full_suite,0.0,0.7516321895128466,0.8248977747071499,0.07326558519430326,True,0.79,0.762208169720093,0.8341998741561671,0.07199170443607417,True
random_forest,500,98,61,0.7902995720399429,500,0.7749441736423817,0.8453170755343652,True,0.07037290189198353,full_suite,0.0,0.7749441736423817,0.8453170755343651,0.07037290189198342,True,0.812,0.7558586403119232,0.8286225970614755,0.07276395674955227,True
random_forest,500,98,62,0.7902995720399429,500,0.745302093772969,0.8193008639763387,True,0.07399877020336976,full_suite,0.0,0.745302093772969,0.8193008639763387,0.07399877020336976,True,0.784,0.7474108657130708,0.8211677733499909,0.07375690763692011,True
random_forest,500,98,63,0.7902995720399429,500,0.7305748331538273,0.8061980317404781,True,0.07562319858665079,full_suite,0.0,0.7305748331538273,0.8061980317404781,0.07562319858665079,True,0.77,0.7643273646929897,0.8360562524275789,0.07172888773458919,True
random_forest,500,98,64,0.7902995720399429,500,0.7813315274892947,0.850856098275897,True,0.06952457078660235,full_suite,0.0,0.7813315274892947,0.850856098275897,0.06952457078660235,True,0.8180000000000001,0.7347766411054577,0.8099477340602176,0.07517109295475988,True
random_forest,500,98,65,0.7902995720399429,500,0.7179970014207515,0.7949210924842207,True,0.0769240910634692,full_suite,0.0,0.7179970014207515,0.7949210924842207,0.0769240910634692,True,0.758,0.7516321895128466,0.8248977747071499,0.07326558519430326,True
random_forest,500,98,66,0.7902995720399429,500,0.7728179797734162,0.8434677755815873,True,0.0706497958081711,full_suite,0.0,0.7728179797734162,0.8434677755815873,0.0706497958081711,True,0.81,0.7410882671626164,0.8155632919383581,0.07447502477574164,True
random_forest,500,98,67,0.7902995720399429,500,0.762208169720093,0.8341998741561671,True,0.07199170443607417,full_suite,0.0,0.762208169720093,0.8341998741561671,0.07199170443607417,True,0.8,0.7643273646929897,0.8360562524275789,0.07172888773458919,True
random_forest,500,98,68,0.7902995720399429,500,0.7685698733068929,0.8397648446784733,True,0.07119497137158048,full_suite,0.0,0.7685698733068929,0.8397648446784733,0.07119497137158048,True,0.806,0.7263776782357783,0.8024436351757296,0.07606595693995133,True
random_forest,500,98,69,0.7902995720399429,500,0.7368793167566787,0.8118207974992855,True,0.07494148074260676,full_suite,0.0,0.7368793167566787,0.8118207974992855,0.07494148074260676,True,0.776,0.7138133252522825,0.7911531039339376,0.07733977868165509,True
random_forest,500,98,70,0.7902995720399429,500,0.7347766411054577,0.8099477340602176,True,0.07517109295475988,full_suite,0.0,0.7347766411054577,0.8099477340602175,0.07517109295475977,True,0.774,0.7749441736423817,0.8453170755343652,0.07037290189198353,True
random_forest,500,98,71,0.7902995720399429,500,0.7516321895128466,0.8248977747071499,True,0.07326558519430326,full_suite,0.0,0.7516321895128466,0.8248977747071499,0.07326558519430326,True,0.79,0.777071817589018,0.8471649082423204,0.07009309065330238,True
random_forest,500,98,72,0.7902995720399429,500,0.7600903271803514,0.8323421287495089,True,0.07225180156915745,full_suite,0.0,0.7600903271803514,0.8323421287495089,0.07225180156915745,True,0.798,0.7410882671626164,0.8155632919383581,0.07447502477574164,True
random_forest,500,98,73,0.7902995720399429,500,0.7326751502036191,0.8080734750942906,True,0.07539832489067155,full_suite,0.0,0.7326751502036191,0.8080734750942906,0.07539832489067155,True,0.772,0.7474108657130708,0.8211677733499909,0.07375690763692011,True
random_forest,500,98,74,0.7902995720399429,500,0.7685698733068929,0.8397648446784733,True,0.07119497137158048,full_suite,0.0,0.7685698733068929,0.8397648446784733,0.07119497137158048,True,0.806,0.745302093772969,0.8193008639763387,0.07399877020336976,True
random_forest,500,98,75,0.7902995720399429,500,0.7474108657130708,0.8211677733499909,True,0.07375690763692011,full_suite,0.0,0.7474108657130708,0.8211677733499908,0.07375690763692,True,0.786,0.7474108657130708,0.8211677733499909,0.07375690763692011,True
random_forest,500,98,76,0.7902995720399429,500,0.7284756793031028,0.80432141488642,True,0.0758457355833172,full_suite,0.0,0.7284756793031028,0.80432141488642,0.0758457355833172,True,0.768,0.7368793167566787,0.8118207974992855,0.07494148074260676,True
random_forest,500,98,77,0.7902995720399429,500,0.7643273646929897,0.8360562524275789,True,0.07172888773458919,full_suite,0.0,0.7643273646929897,0.8360562524275789,0.07172888773458919,True,0.802,0.745302093772969,0.8193008639763387,0.07399877020336976,True
random_forest,500,98,78,0.7902995720399429,500,0.7242808197667245,0.8005647030150228,True,0.07628388324829827,full_suite,0.0,0.7242808197667245,0.8005647030150228,0.07628388324829827,True,0.764,0.7431945650011731,0.8174326993337718,0.07423813433259874,True
random_forest,500,98,79,0.7902995720399429,500,0.7431945650011731,0.8174326993337718,True,0.07423813433259874,full_suite,0.0,0.7431945650011731,0.8174326993337718,0.07423813433259874,True,0.782,0.7495208933495577,0.8230334146367744,0.07351252128721664,True
random_forest,500,98,80,0.7902995720399429,500,0.7368793167566787,0.8118207974992855,True,0.07494148074260676,full_suite,0.0,0.7368793167566787,0.8118207974992855,0.07494148074260676,True,0.776,0.7159046158811087,0.7930376500810408,0.07713303419993212,True
random_forest,500,98,81,0.7902995720399429,500,0.7516321895128466,0.8248977747071499,True,0.07326558519430326,full_suite,0.0,0.7516321895128466,0.8248977747071499,0.07326558519430326,True,0.79,0.7664479273429295,0.8379112479437327,0.07146332060080318,True
random_forest,500,98,82,0.7902995720399429,500,0.783463630562919,0.8526994175007099,True,0.06923578693779087,full_suite,0.0,0.783463630562919,0.8526994175007099,0.06923578693779087,True,0.8200000000000001,0.7389831883062952,0.8136926540135843,0.07470946570728909,True
random_forest,500,98,83,0.7902995720399429,500,0.7495208933495577,0.8230334146367744,True,0.07351252128721664,full_suite,0.0,0.7495208933495577,0.8230334146367744,0.07351252128721664,True,0.788,0.745302093772969,0.8193008639763387,0.07399877020336976,True
random_forest,500,98,84,0.7902995720399429,500,0.7685698733068929,0.8397648446784733,True,0.07119497137158048,full_suite,0.0,0.7685698733068929,0.8397648446784733,0.07119497137158048,True,0.806,0.7579738222098207,0.8304830314351875,0.07250920922536686,True
random_forest,500,98,85,0.7902995720399429,500,0.7495208933495577,0.8230334146367744,True,0.07351252128721664,full_suite,0.0,0.7495208933495577,0.8230334146367744,0.07351252128721664,True,0.788,0.7706932186287031,0.8416170261851486,0.07092380755644545,True
random_forest,500,98,86,0.7902995720399429,500,0.8070220429685808,0.8728692580637178,False,0.06584721509513702,full_suite,0.0,0.8070220429685808,0.8728692580637178,0.06584721509513702,False,0.842,0.745302093772969,0.8193008639763387,0.07399877020336976,True
random_forest,500,98,87,0.7902995720399429,500,0.7516321895128466,0.8248977747071499,True,0.07326558519430326,full_suite,0.0,0.7516321895128466,0.8248977747071499,0.07326558519430326,True,0.79,0.7159046158811087,0.7930376500810408,0.07713303419993212,True
random_forest,500,98,88,0.7902995720399429,500,0.7263776782357783,0.8024436351757296,True,0.07606595693995133,full_suite,0.0,0.7263776782357783,0.8024436351757296,0.07606595693995133,True,0.766,0.777071817589018,0.8471649082423204,0.07009309065330238,True
random_forest,500,98,89,0.7902995720399429,500,0.7431945650011731,0.8174326993337718,True,0.07423813433259874,full_suite,0.0,0.7431945650011731,0.8174326993337718,0.07423813433259874,True,0.782,0.745302093772969,0.8193008639763387,0.07399877020336976,True
random_forest,500,98,90,0.7902995720399429,500,0.7855972579914288,0.8545411932400964,True,0.0689439352486676,full_suite,0.0,0.7855972579914288,0.8545411932400964,0.0689439352486676,True,0.8220000000000001,0.7706932186287031,0.8416170261851486,0.07092380755644545,True
random_forest,500,98,91,0.7902995720399429,500,0.7516321895128466,0.8248977747071499,True,0.07326558519430326,full_suite,0.0,0.7516321895128466,0.8248977747071499,0.07326558519430326,True,0.79,0.7474108657130708,0.8211677733499909,0.07375690763692011,True
random_forest,500,98,92,0.7902995720399429,500,0.745302093772969,0.8193008639763387,True,0.07399877020336976,full_suite,0.0,0.745302093772969,0.8193008639763387,0.07399877020336976,True,0.784,0.7749441736423817,0.8453170755343652,0.07037290189198353,True
random_forest,500,98,93,0.7902995720399429,500,0.7643273646929897,0.8360562524275789,True,0.07172888773458919,full_suite,0.0,0.7643273646929897,0.8360562524275789,0.07172888773458919,True,0.802,0.762208169720093,0.8341998741561671,0.07199170443607417,True
random_forest,500,98,94,0.7902995720399429,500,0.745302093772969,0.8193008639763387,True,0.07399877020336976,full_suite,0.0,0.745302093772969,0.8193008639763387,0.07399877020336976,True,0.784,0.7431945650011731,0.8174326993337718,0.07423813433259874,True
random_forest,500,98,95,0.7902995720399429,500,0.7579738222098207,0.8304830314351875,True,0.07250920922536686,full_suite,0.0,0.7579738222098207,0.8304830314351875,0.07250920922536686,True,0.796,0.7877324296532344,0.8563814050773386,0.0686489754241042,True
random_forest,500,98,96,0.7902995720399429,500,0.7159046158811087,0.7930376500810408,True,0.07713303419993212,full_suite,0.0,0.7159046158811087,0.7930376500810408,0.07713303419993212,True,0.756,0.7643273646929897,0.8360562524275789,0.07172888773458919,True
random_forest,500,98,97,0.7902995720399429,500,0.7558586403119232,0.8286225970614755,True,0.07276395674955227,full_suite,0.0,0.7558586403119232,0.8286225970614755,0.07276395674955227,True,0.794,0.7326751502036191,0.8080734750942906,0.07539832489067155,True
random_forest,500,98,98,0.7902995720399429,500,0.762208169720093,0.8341998741561671,True,0.07199170443607417,full_suite,0.0,0.762208169720093,0.8341998741561671,0.07199170443607417,True,0.8,0.777071817589018,0.8471649082423204,0.07009309065330238,True
random_forest,500,98,99,0.7902995720399429,500,0.7410882671626164,0.8155632919383581,True,0.07447502477574164,full_suite,0.0,0.7410882671626164,0.815563291938358,0.07447502477574153,True,0.78,0.7813315274892947,0.850856098275897,0.06952457078660235,True
random_forest,2000,1,0,0.7902995720399429,20,0.03922319133609217,1.0,True,0.9607768086639078,ok,0.0,0.04041037792654773,1.0,0.9595896220734522,True,0.04949999999999999,0.5089541282920425,0.9134285308985653,0.4044744026065229,True
random_forest,2000,1,1,0.7902995720399429,20,0.03388201904133615,1.0,True,0.9661179809586639,ok,0.0,0.034985862846768585,1.0,0.9650141371532314,True,0.04349999999999998,0.6830172859809177,0.9876514728297052,0.3046341868487875,True
random_forest,2000,1,2,0.7902995720399429,20,0.04505934122648752,1.0,True,0.9549406587735125,ok,0.0,0.04633060857321737,1.0,0.9536693914267826,True,0.05600000000000005,0.6830172859809177,0.9876514728297052,0.3046341868487875,True
random_forest,2000,1,3,0.7902995720399429,20,0.03699185257336506,1.0,True,0.963008147426635,ok,0.0,0.03814504066418042,1.0,0.9618549593358195,True,0.04700000000000004,0.6830172859809177,0.9876514728297052,0.3046341868487875,True
random_forest,2000,1,4,0.7902995720399429,20,0.032554657128311494,1.0,True,0.9674453428716885,ok,0.0,0.03363667911309392,1.0,0.9663633208869061,True,0.04200000000000004,0.5633859970033317,0.9426660029499672,0.37928000594663547,True
random_forest,2000,1,5,0.7902995720399429,20,0.034768783579777245,1.0,True,0.9652312164202228,ok,0.0,0.035886944504531025,1.0,0.964113055495469,True,0.044499999999999984,0.5089541282920425,0.9134285308985653,0.4044744026065229,True
random_forest,2000,1,6,0.7902995720399429,20,0.03521270483401784,1.0,True,0.9647872951659822,ok,0.0,0.03633795731126182,1.0,0.9636620426887382,True,0.04500000000000004,0.621073173454686,0.9679290628145363,0.34685588935985023,True
random_forest,2000,1,7,0.7902995720399429,20,0.03788343041487537,1.0,True,0.9621165695851246,ok,0.0,0.039050337055576895,1.0,0.9609496629444231,True,0.04800000000000004,0.5089541282920425,0.9134285308985653,0.4044744026065229,True
random_forest,2000,1,8,0.7902995720399429,20,0.031671679913533944,1.0,True,0.9683283200864661,ok,0.0,0.03273891410988625,1.0,0.9672610858901137,True,0.041000000000000036,0.36054258730748967,0.8088099392746928,0.44826735196720313,True
random_forest,2000,1,9,0.7902995720399429,20,0.031671679913533944,1.0,True,0.9683283200864661,ok,0.0,0.03273891410988625,1.0,0.9672610858901137,True,0.041000000000000036,0.5089541282920425,0.9134285308985653,0.4044744026065229,True
random_forest,2000,1,10,0.7902995720399429,20,0.0446087621084316,1.0,True,0.9553912378915684,ok,0.0,0.04587376649393303,1.0,0.954126233506067,True,0.055499999999999994,0.5633859970033317,0.9426660029499672,0.37928000594663547,True
random_forest,2000,1,11,0.7902995720399429,20,0.03432521970607323,1.0,True,0.9656747802939267,ok,1.1102230246251565e-16,0.03543624464675896,1.0,0.964563755353241,True,0.04400000000000004,0.5633859970033317,0.9426660029499672,0.37928000594663547,True
random_forest,2000,1,12,0.7902995720399429,20,0.041013818095914624,1.0,True,0.9589861819040854,ok,0.0,0.04222751211179243,1.0,0.9577724878882076,True,0.05149999999999999,0.40781146546717184,0.8460907952154588,0.438279329748287,True
random_forest,2000,1,13,0.7902995720399429,20,0.03922319133609217,1.0,True,0.9607768086639078,ok,0.0,0.04041037792654773,1.0,0.9595896220734522,True,0.04949999999999999,0.40781146546717184,0.8460907952154588,0.438279329748287,True
random_forest,2000,1,14,0.7902995720399429,20,0.0361015969660143,1.0,True,0.9638984030339857,ok,0.0,0.037240902034369,1.0,0.962759097965631,True,0.04600000000000004,0.5633859970033317,0.9426660029499672,0.37928000594663547,True
random_forest,2000,1,15,0.7902995720399429,20,0.03699185257336506,1.0,True,0.963008147426635,ok,0.0,0.03814504066418042,1.0,0.9618549593358195,True,0.04700000000000004,0.7512672372279722,0.9987349105020502,0.24746767327407804,True
random_forest,2000,1,16,0.7902995720399429,20,0.03699185257336506,1.0,True,0.963008147426635,ok,0.0,0.03814504066418042,1.0,0.9618549593358195,True,0.04700000000000004,0.40781146546717184,0.8460907952154588,0.438279329748287,True
random_forest,2000,1,17,0.7902995720399429,20,0.03565697780071626,1.0,True,0.9643430221992837,ok,0.0,0.03678927809881751,1.0,0.9632107219011825,True,0.045499999999999985,0.6830172859809177,0.9876514728297052,0.3046341868487875,True
random_forest,2000,1,18,0.7902995720399429,20,0.03432521970607323,1.0,True,0.9656747802939267,ok,1.1102230246251565e-16,0.03543624464675896,1.0,0.964563755353241,True,0.04400000000000004,0.6830172859809177,0.9876514728297052,0.3046341868487875,True
random_forest,2000,1,19,0.7902995720399429,20,0.028156450747628244,1.0,True,0.9718435492523717,ok,0.0,0.029162462412264844,1.0,0.9708375375877352,True,0.03700000000000003,0.5633859970033317,0.9426660029499672,0.37928000594663547,True
random_forest,2000,1,20,0.7902995720399429,20,0.03299673149327174,1.0,True,0.9670032685067282,ok,0.0,0.03408607459315085,1.0,0.9659139254068492,True,0.04249999999999998,0.5089541282920425,0.9134285308985653,0.4044744026065229,True
random_forest,2000,1,21,0.7902995720399429,20,0.03432521970607323,1.0,True,0.9656747802939267,ok,1.1102230246251565e-16,0.03543624464675896,1.0,0.964563755353241,True,0.04400000000000004,0.5089541282920425,0.9134285308985653,0.4044744026065229,True
random_forest,2000,1,22,0.7902995720399429,20,0.03699185257336506,1.0,True,0.963008147426635,ok,0.0,0.03814504066418042,1.0,0.9618549593358195,True,0.04700000000000004,0.45721081772371086,0.8810684095942722,0.4238575918705614,True
random_forest,2000,1,23,0.7902995720399429,20,0.03521270483401784,1.0,True,0.9647872951659822,ok,0.0,0.03633795731126182,1.0,0.9636620426887382,True,0.04500000000000004,0.621073173454686,0.9679290628145363,0.34685588935985023,True
random_forest,2000,1,24,0.7902995720399429,20,0.03388201904133615,1.0,True,0.9661179809586639,ok,0.0,0.034985862846768585,1.0,0.9650141371532314,True,0.04349999999999998,0.5633859970033317,0.9426660029499672,0.37928000594663547,True
random_forest,2000,1,25,0.7902995720399429,20,0.03922319133609217,1.0,True,0.9607768086639078,ok,0.0,0.04041037792654773,1.0,0.9595896220734522,True,0.04949999999999999,0.621073173454686,0.9679290628145363,0.34685588935985023,True
random_forest,2000,1,26,0.7902995720399429,20,0.03699185257336506,1.0,True,0.963008147426635,ok,0.0,0.03814504066418042,1.0,0.9618549593358195,True,0.04700000000000004,0.621073173454686,0.9679290628145363,0.34685588935985023,True
random_forest,2000,1,27,0.7902995720399429,20,0.03521270483401784,1.0,True,0.9647872951659822,ok,0.0,0.03633795731126182,1.0,0.9636620426887382,True,0.04500000000000004,0.36054258730748967,0.8088099392746928,0.44826735196720313,True
random_forest,2000,1,28,0.7902995720399429,20,0.03832970287002824,1.0,True,0.9616702971299718,ok,0.0,0.03950340862922236,1.0,0.9604965913707777,True,0.04849999999999999,0.621073173454686,0.9679290628145363,0.34685588935985023,True
random_forest,2000,1,29,0.7902995720399429,20,0.04011790789226738,1.0,True,0.9598820921077327,ok,0.0,0.041318422481334625,1.0,0.9586815775186653,True,0.05049999999999999,0.621073173454686,0.9679290628145363,0.34685588935985023,True
random_forest,2000,1,30,0.7902995720399429,20,0.028594312939584237,1.0,True,0.9714056870604157,ok,0.0,0.029608168765674157,1.0,0.9703918312343258,True,0.03749999999999998,0.45721081772371086,0.8810684095942722,0.4238575918705614,True
random_forest,2000,1,31,0.7902995720399429,20,0.03388201904133615,1.0,True,0.9661179809586639,ok,0.0,0.034985862846768585,1.0,0.9650141371532314,True,0.04349999999999998,0.31527813304054847,0.7694221032240758,0.4541439701835273,False
random_forest,2000,1,32,0.7902995720399429,20,0.03432521970607323,1.0,True,0.9656747802939267,ok,1.1102230246251565e-16,0.03543624464675896,1.0,0.964563755353241,True,0.04400000000000004,0.5633859970033317,0.9426660029499672,0.37928000594663547,True
random_forest,2000,1,33,0.7902995720399429,20,0.033439187580796594,1.0,True,0.9665608124192034,ok,0.0,0.034535804359735967,1.0,0.9654641956402641,True,0.04300000000000004,0.621073173454686,0.9679290628145363,0.34685588935985023,True
random_forest,2000,1,34,0.7902995720399429,20,0.032112971023728044,1.0,True,0.967887028976272,ok,0.0,0.0331876236508509,1.0,0.9668123763491491,True,0.04149999999999998,0.31527813304054847,0.7694221032240758,0.4541439701835273,False
random_forest,2000,1,35,0.7902995720399429,20,0.04146221050687873,1.0,True,0.9585377894931213,ok,0.0,0.04268243979733736,1.0,0.9573175602026627,True,0.052000000000000046,0.45721081772371086,0.8810684095942722,0.4238575918705614,True
random_forest,2000,1,36,0.7902995720399429,20,0.02947139979838963,1.0,True,0.9705286002016104,ok,0.0,0.030500774860506345,1.0,0.9694992251394936,True,0.03849999999999998,0.621073173454686,0.9679290628145363,0.34685588935985023,True
random_forest,2000,1,37,0.7902995720399429,20,0.03699185257336506,1.0,True,0.963008147426635,ok,0.0,0.03814504066418042,1.0,0.9618549593358195,True,0.04700000000000004,0.6830172859809177,0.9876514728297052,0.3046341868487875,True
random_forest,2000,1,38,0.7902995720399429,20,0.03699185257336506,1.0,True,0.963008147426635,ok,0.0,0.03814504066418042,1.0,0.9618549593358195,True,0.04700000000000004,0.5633859970033317,0.9426660029499672,0.37928000594663547,True
random_forest,2000,1,39,0.7902995720399429,20,0.041910889156005514,1.0,True,0.9580891108439945,ok,0.0,0.04313761808461886,1.0,0.9568623819153811,True,0.05249999999999999,0.621073173454686,0.9679290628145363,0.34685588935985023,True
random_forest,2000,1,40,0.7902995720399429,20,0.028594312939584237,1.0,True,0.9714056870604157,ok,0.0,0.029608168765674157,1.0,0.9703918312343258,True,0.03749999999999998,0.5633859970033317,0.9426660029499672,0.37928000594663547,True
random_forest,2000,1,41,0.7902995720399429,20,0.039670398295637,1.0,True,0.960329601704363,ok,0.0,0.04086426771825132,1.0,0.9591357322817486,True,0.050000000000000044,0.7512672372279722,0.9987349105020502,0.24746767327407804,True
random_forest,2000,1,42,0.7902995720399429,20,0.04011790789226738,1.0,True,0.9598820921077327,ok,0.0,0.041318422481334625,1.0,0.9586815775186653,True,0.05049999999999999,0.5089541282920425,0.9134285308985653,0.4044744026065229,True
random_forest,2000,1,43,0.7902995720399429,20,0.03832970287002824,1.0,True,0.9616702971299718,ok,0.0,0.03950340862922236,1.0,0.9604965913707777,True,0.04849999999999999,0.6830172859809177,0.9876514728297052,0.3046341868487875,True
random_forest,2000,1,44,0.7902995720399429,20,0.032554657128311494,1.0,True,0.9674453428716885,ok,0.0,0.03363667911309392,1.0,0.9663633208869061,True,0.04200000000000004,0.5633859970033317,0.9426660029499672,0.37928000594663547,True
random_forest,2000,1,45,0.7902995720399429,20,0.034768783579777245,1.0,True,0.9652312164202228,ok,0.0,0.035886944504531025,1.0,0.964113055495469,True,0.044499999999999984,0.621073173454686,0.9679290628145363,0.34685588935985023,True
random_forest,2000,1,46,0.7902995720399429,20,0.03521270483401784,1.0,True,0.9647872951659822,ok,0.0,0.03633795731126182,1.0,0.9636620426887382,True,0.04500000000000004,0.45721081772371086,0.8810684095942722,0.4238575918705614,True
random_forest,2000,1,47,0.7902995720399429,20,0.03565697780071626,1.0,True,0.9643430221992837,ok,0.0,0.03678927809881751,1.0,0.9632107219011825,True,0.045499999999999985,0.5633859970033317,0.9426660029499672,0.37928000594663547,True
random_forest,2000,1,48,0.7902995720399429,20,0.03432521970607323,1.0,True,0.9656747802939267,ok,1.1102230246251565e-16,0.03543624464675896,1.0,0.964563755353241,True,0.04400000000000004,0.621073173454686,0.9679290628145363,0.34685588935985023,True
random_forest,2000,1,49,0.7902995720399429,20,0.03699185257336506,1.0,True,0.963008147426635,ok,0.0,0.03814504066418042,1.0,0.9618549593358195,True,0.04700000000000004,0.6830172859809177,0.9876514728297052,0.3046341868487875,True
random_forest,2000,1,50,0.7902995720399429,20,0.029910607446200273,1.0,True,0.9700893925537998,ok,0.0,0.030947659678076025,1.0,0.969052340321924,True,0.039000000000000035,0.5633859970033317,0.9426660029499672,0.37928000594663547,True
random_forest,2000,1,51,0.7902995720399429,20,0.03521270483401784,1.0,True,0.9647872951659822,ok,0.0,0.03633795731126182,1.0,0.9636620426887382,True,0.04500000000000004,0.6830172859809177,0.9876514728297052,0.3046341868487875,True
random_forest,2000,1,52,0.7902995720399429,20,0.037437478707700235,1.0,True,0.9625625212922998,ok,0.0,0.03859754632442701,1.0,0.961402453675573,True,0.04749999999999999,0.40781146546717184,0.8460907952154588,0.438279329748287,True
random_forest,2000,1,53,0.7902995720399429,20,0.04505934122648752,1.0,True,0.9549406587735125,ok,0.0,0.04633060857321737,1.0,0.9536693914267826,True,0.05600000000000005,0.6830172859809177,0.9876514728297052,0.3046341868487875,True
random_forest,2000,1,54,0.7902995720399429,20,0.04370839029333981,1.0,True,0.9562916097066602,ok,0.0,0.04496077079948501,1.0,0.955039229200515,True,0.05449999999999999,0.40781146546717184,0.8460907952154588,0.438279329748287,True
random_forest,2000,1,55,0.7902995720399429,20,0.041013818095914624,1.0,True,0.9589861819040854,ok,0.0,0.04222751211179243,1.0,0.9577724878882076,True,0.05149999999999999,0.5089541282920425,0.9134285308985653,0.4044744026065229,True
random_forest,2000,1,56,0.7902995720399429,20,0.04280908982391478,1.0,True,0.9571909101760853,ok,0.0,0.04404871301914272,1.0,0.9559512869808573,True,0.05349999999999999,0.5633859970033317,0.9426660029499672,0.37928000594663547,True
random_forest,2000,1,57,0.7902995720399429,20,0.037437478707700235,1.0,True,0.9625625212922998,ok,0.0,0.03859754632442701,1.0,0.961402453675573,True,0.04749999999999999,0.6830172859809177,0.9876514728297052,0.3046341868487875,True
random_forest,2000,1,58,0.7902995720399429,20,0.031671679913533944,1.0,True,0.9683283200864661,ok,0.0,0.03273891410988625,1.0,0.9672610858901137,True,0.041000000000000036,0.5633859970033317,0.9426660029499672,0.37928000594663547,True
random_forest,2000,1,59,0.7902995720399429,20,0.031230790736316866,1.0,True,0.9687692092636832,ok,0.0,0.03229055657320062,1.0,0.9677094434267994,True,0.04049999999999998,0.36054258730748967,0.8088099392746928,0.44826735196720313,True
random_forest,2000,1,60,0.7902995720399429,20,0.037437478707700235,1.0,True,0.9625625212922998,ok,0.0,0.03859754632442701,1.0,0.961402453675573,True,0.04749999999999999,0.5089541282920425,0.9134285308985653,0.4044744026065229,True
random_forest,2000,1,61,0.7902995720399429,20,0.043258604392555494,1.0,True,0.9567413956074445,ok,0.0,0.04450462313867373,1.0,0.9554953768613262,True,0.05400000000000005,0.5633859970033317,0.9426660029499672,0.37928000594663547,True
random_forest,2000,1,62,0.7902995720399429,20,0.03521270483401784,1.0,True,0.9647872951659822,ok,0.0,0.03633795731126182,1.0,0.9636620426887382,True,0.04500000000000004,0.5633859970033317,0.9426660029499672,0.37928000594663547,True
random_forest,2000,1,63,0.7902995720399429,20,0.027719054536900416,1.0,True,0.9722809454630996,ok,0.0,0.028717164222793346,1.0,0.9712828357772066,True,0.03649999999999998,0.621073173454686,0.9679290628145363,0.34685588935985023,True
random_forest,2000,1,64,0.7902995720399429,20,0.03654655696444176,1.0,True,0.9634534430355582,ok,0.0,0.037692824415269686,1.0,0.9623071755847303,True,0.046499999999999986,0.5633859970033317,0.9426660029499672,0.37928000594663547,True
random_forest,2000,1,65,0.7902995720399429,20,0.04822043642637712,1.0,True,0.9517795635736229,ok,0.0,0.04953466723336207,1.0,0.9504653327666379,True,0.0595,0.5089541282920425,0.9134285308985653,0.4044744026065229,True
random_forest,2000,1,66,0.7902995720399429,20,0.03788343041487537,1.0,True,0.9621165695851246,ok,0.0,0.039050337055576895,1.0,0.9609496629444231,True,0.04800000000000004,0.6830172859809177,0.9876514728297052,0.3046341868487875,True
random_forest,2000,1,67,0.7902995720399429,20,0.032112971023728044,1.0,True,0.967887028976272,ok,0.0,0.0331876236508509,1.0,0.9668123763491491,True,0.04149999999999998,0.5633859970033317,0.9426660029499672,0.37928000594663547,True
random_forest,2000,1,68,0.7902995720399429,20,0.037437478707700235,1.0,True,0.9625625212922998,ok,0.0,0.03859754632442701,1.0,0.961402453675573,True,0.04749999999999999,0.621073173454686,0.9679290628145363,0.34685588935985023,True
random_forest,2000,1,69,0.7902995720399429,20,0.03922319133609217,1.0,True,0.9607768086639078,ok,0.0,0.04041037792654773,1.0,0.9595896220734522,True,0.04949999999999999,0.621073173454686,0.9679290628145363,0.34685588935985023,True
random_forest,2000,1,70,0.7902995720399429,20,0.041013818095914624,1.0,True,0.9589861819040854,ok,0.0,0.04222751211179243,1.0,0.9577724878882076,True,0.05149999999999999,0.45721081772371086,0.8810684095942722,0.4238575918705614,True
random_forest,2000,1,71,0.7902995720399429,20,0.04146221050687873,1.0,True,0.9585377894931213,ok,0.0,0.04268243979733736,1.0,0.9573175602026627,True,0.052000000000000046,0.5633859970033317,0.9426660029499672,0.37928000594663547,True
random_forest,2000,1,72,0.7902995720399429,20,0.04011790789226738,1.0,True,0.9598820921077327,ok,0.0,0.041318422481334625,1.0,0.9586815775186653,True,0.05049999999999999,0.5633859970033317,0.9426660029499672,0.37928000594663547,True
random_forest,2000,1,73,0.7902995720399429,20,0.03299673149327174,1.0,True,0.9670032685067282,ok,0.0,0.03408607459315085,1.0,0.9659139254068492,True,0.04249999999999998,0.5633859970033317,0.9426660029499672,0.37928000594663547,True
random_forest,2000,1,74,0.7902995720399429,20,0.034768783579777245,1.0,True,0.9652312164202228,ok,0.0,0.035886944504531025,1.0,0.964113055495469,True,0.044499999999999984,0.7512672372279722,0.9987349105020502,0.24746767327407804,True
random_forest,2000,1,75,0.7902995720399429,20,0.03922319133609217,1.0,True,0.9607768086639078,ok,0.0,0.04041037792654773,1.0,0.9595896220734522,True,0.04949999999999999,0.621073173454686,0.9679290628145363,0.34685588935985023,True
random_forest,2000,1,76,0.7902995720399429,20,0.04011790789226738,1.0,True,0.9598820921077327,ok,0.0,0.041318422481334625,1.0,0.9586815775186653,True,0.05049999999999999,0.45721081772371086,0.8810684095942722,0.4238575918705614,True
random_forest,2000,1,77,0.7902995720399429,20,0.04056571587497916,1.0,True,0.9594342841250209,ok,0.0,0.04177283849072042,1.0,0.9582271615092796,True,0.051000000000000045,0.45721081772371086,0.8810684095942722,0.4238575918705614,True
random_forest,2000,1,78,0.7902995720399429,20,0.03299673149327174,1.0,True,0.9670032685067282,ok,0.0,0.03408607459315085,1.0,0.9659139254068492,True,0.04249999999999998,0.45721081772371086,0.8810684095942722,0.4238575918705614,True
random_forest,2000,1,79,0.7902995720399429,20,0.03432521970607323,1.0,True,0.9656747802939267,ok,1.1102230246251565e-16,0.03543624464675896,1.0,0.964563755353241,True,0.04400000000000004,0.6830172859809177,0.9876514728297052,0.3046341868487875,True
random_forest,2000,1,80,0.7902995720399429,20,0.0361015969660143,1.0,True,0.9638984030339857,ok,0.0,0.037240902034369,1.0,0.962759097965631,True,0.04600000000000004,0.40781146546717184,0.8460907952154588,0.438279329748287,True
random_forest,2000,1,81,0.7902995720399429,20,0.043258604392555494,1.0,True,0.9567413956074445,ok,0.0,0.04450462313867373,1.0,0.9554953768613262,True,0.05400000000000005,0.36054258730748967,0.8088099392746928,0.44826735196720313,True
random_forest,2000,1,82,0.7902995720399429,20,0.03788343041487537,1.0,True,0.9621165695851246,ok,0.0,0.039050337055576895,1.0,0.9609496629444231,True,0.04800000000000004,0.45721081772371086,0.8810684095942722,0.4238575918705614,True
random_forest,2000,1,83,0.7902995720399429,20,0.034768783579777245,1.0,True,0.9652312164202228,ok,0.0,0.035886944504531025,1.0,0.964113055495469,True,0.044499999999999984,0.6830172859809177,0.9876514728297052,0.3046341868487875,True
random_forest,2000,1,84,0.7902995720399429,20,0.038776291371425624,1.0,True,0.9612237086285744,ok,0.0,0.03995675692495896,1.0,0.9600432430750411,True,0.049000000000000044,0.5089541282920425,0.9134285308985653,0.4044744026065229,True
random_forest,2000,1,85,0.7902995720399429,20,0.03654655696444176,1.0,True,0.9634534430355582,ok,0.0,0.037692824415269686,1.0,0.9623071755847303,True,0.046499999999999986,0.5089541282920425,0.9134285308985653,0.4044744026065229,True
random_forest,2000,1,86,0.7902995720399429,20,0.03788343041487537,1.0,True,0.9621165695851246,ok,0.0,0.039050337055576895,1.0,0.9609496629444231,True,0.04800000000000004,0.5633859970033317,0.9426660029499672,0.37928000594663547,True
random_forest,2000,1,87,0.7902995720399429,20,0.03299673149327174,1.0,True,0.9670032685067282,ok,0.0,0.03408607459315085,1.0,0.9659139254068492,True,0.04249999999999998,0.621073173454686,0.9679290628145363,0.34685588935985023,True
random_forest,2000,1,88,0.7902995720399429,20,0.03432521970607323,1.0,True,0.9656747802939267,ok,1.1102230246251565e-16,0.03543624464675896,1.0,0.964563755353241,True,0.04400000000000004,0.621073173454686,0.9679290628145363,0.34685588935985023,True
random_forest,2000,1,89,0.7902995720399429,20,0.032112971023728044,1.0,True,0.967887028976272,ok,0.0,0.0331876236508509,1.0,0.9668123763491491,True,0.04149999999999998,0.6830172859809177,0.9876514728297052,0.3046341868487875,True
random_forest,2000,1,90,0.7902995720399429,20,0.03832970287002824,1.0,True,0.9616702971299718,ok,0.0,0.03950340862922236,1.0,0.9604965913707777,True,0.04849999999999999,0.5633859970033317,0.9426660029499672,0.37928000594663547,True
random_forest,2000,1,91,0.7902995720399429,20,0.03699185257336506,1.0,True,0.963008147426635,ok,0.0,0.03814504066418042,1.0,0.9618549593358195,True,0.04700000000000004,0.40781146546717184,0.8460907952154588,0.438279329748287,True
random_forest,2000,1,92,0.7902995720399429,20,0.045961269453270066,1.0,True,0.9540387305467299,ok,0.0,0.04724496680126704,1.0,0.952755033198733,True,0.05700000000000005,0.45721081772371086,0.8810684095942722,0.4238575918705614,True
random_forest,2000,1,93,0.7902995720399429,20,0.03699185257336506,1.0,True,0.963008147426635,ok,0.0,0.03814504066418042,1.0,0.9618549593358195,True,0.04700000000000004,0.40781146546717184,0.8460907952154588,0.438279329748287,True
random_forest,2000,1,94,0.7902995720399429,20,0.03788343041487537,1.0,True,0.9621165695851246,ok,0.0,0.039050337055576895,1.0,0.9609496629444231,True,0.04800000000000004,0.621073173454686,0.9679290628145363,0.34685588935985023,True
random_forest,2000,1,95,0.7902995720399429,20,0.02728213355284354,1.0,True,0.9727178664471564,ok,0.0,0.028272282305312472,1.0,0.9717277176946876,True,0.03600000000000003,0.7512672372279722,0.9987349105020502,0.24746767327407804,True
random_forest,2000,1,96,0.7902995720399429,20,0.031230790736316866,1.0,True,0.9687692092636832,ok,0.0,0.03229055657320062,1.0,0.9677094434267994,True,0.04049999999999998,0.6830172859809177,0.9876514728297052,0.3046341868487875,True
random_forest,2000,1,97,0.7902995720399429,20,0.032112971023728044,1.0,True,0.967887028976272,ok,0.0,0.0331876236508509,1.0,0.9668123763491491,True,0.04149999999999998,0.5633859970033317,0.9426660029499672,0.37928000594663547,True
random_forest,2000,1,98,0.7902995720399429,20,0.03565697780071626,1.0,True,0.9643430221992837,ok,0.0,0.03678927809881751,1.0,0.9632107219011825,True,0.045499999999999985,0.5633859970033317,0.9426660029499672,0.37928000594663547,True
random_forest,2000,1,99,0.7902995720399429,20,0.0468642032563103,1.0,True,0.9531357967436898,ok,0.0,0.048160205322736016,1.0,0.951839794677264,True,0.05800000000000005,0.7512672372279722,0.9987349105020502,0.24746767327407804,True
random_forest,2000,4,0,0.7902995720399429,81,0.3519932769709019,1.0,True,0.6480067230290981,ok,1.1102230246251565e-16,0.16820378054319685,1.0,0.8317962194568032,True,0.18500000000000005,0.6991372551240167,0.8826685309443846,0.18353127582036788,True
random_forest,2000,4,1,0.7902995720399429,81,0.3094195644308062,1.0,True,0.6905804355691938,ok,0.0,0.15330041996044846,1.0,0.8466995800395516,True,0.16949999999999998,0.6181472449245061,0.8213165814649144,0.20316933654040825,True
random_forest,2000,4,2,0.7902995720399429,81,0.3148829484580208,1.0,True,0.6851170515419792,ok,1.3877787807814457e-17,0.13318953665573266,1.0,0.8668104633442674,True,0.14849999999999997,0.6853725383436553,0.8727239312648705,0.18735139292121517,True
random_forest,2000,4,3,0.7902995720399429,81,0.30221797655955357,1.0,True,0.6977820234404464,ok,1.3877787807814457e-17,0.1437114899247662,1.0,0.8562885100752338,True,0.15949999999999998,0.7411995748551309,0.9116811580388797,0.17048158318374884,True
random_forest,2000,4,4,0.7902995720399429,81,0.2784198491222298,1.0,True,0.7215801508777702,ok,0.0,0.13653435611168546,1.0,0.8634656438883146,True,0.15200000000000002,0.6581798811789474,0.8524784573573725,0.19429857617842505,True
random_forest,2000,4,5,0.7902995720399429,81,0.3140173621957903,1.0,True,0.6859826378042098,ok,1.3877787807814457e-17,0.15426047866144108,1.0,0.8457395213385589,True,0.17049999999999998,0.7846553019524447,0.9391797507486828,0.15452444879623806,True
random_forest,2000,4,6,0.7902995720399429,81,0.2571877918662659,1.0,True,0.742812208133734,ok,0.0,0.13605634527463,1.0,0.86394365472537,True,0.15149999999999997,0.5404146986083413,0.7565737055994199,0.2161590069910786,False
random_forest,2000,4,7,0.7902995720399429,81,0.25677759034859193,1.0,True,0.7432224096514081,ok,0.0,0.13653435611168546,1.0,0.8634656438883146,True,0.15200000000000002,0.7130239103219014,0.8924833040203556,0.1794593936984542,True
random_forest,2000,4,8,0.7902995720399429,81,0.27199406394050163,1.0,True,0.7280059360594984,ok,0.0,0.13414489857131764,1.0,0.8658551014286824,True,0.14949999999999997,0.7130239103219014,0.8924833040203556,0.1794593936984542,True
random_forest,2000,4,9,0.7902995720399429,81,0.2848011871835286,1.0,True,0.7151988128164715,ok,1.1102230246251565e-16,0.1322344183750201,1.0,0.8677655816249799,True,0.14749999999999996,0.6181472449245061,0.8213165814649144,0.20316933654040825,True
random_forest,2000,4,10,0.7902995720399429,81,0.30240555515164785,1.0,True,0.6975944448483522,ok,2.220446049250313e-16,0.14754447528551004,1.0,0.8524555247144899,True,0.16349999999999998,0.671722246202588,0.8626581079760535,0.19093586177346544,True
random_forest,2000,4,11,0.7902995720399429,81,0.31869372946796237,1.0,True,0.6813062705320376,ok,1.3877787807814457e-17,0.1355783938582406,1.0,0.8644216061417593,True,0.15100000000000002,0.671722246202588,0.8626581079760535,0.19093586177346544,True
random_forest,2000,4,12,0.7902995720399429,81,0.3771022520514264,1.0,True,0.6228977479485736,ok,5.551115123125783e-16,0.15426047866144108,1.0,0.8457395213385589,True,0.17049999999999998,0.7411995748551309,0.9116811580388797,0.17048158318374884,True
random_forest,2000,4,13,0.7902995720399429,81,0.287899647256302,1.0,True,0.712100352743698,ok,1.3877787807814457e-17,0.13653435611168546,1.0,0.8634656438883146,True,0.15200000000000002,0.7555110648928534,0.9210379918660608,0.16552692697320748,True
random_forest,2000,4,14,0.7902995720399429,81,0.2873383977562153,1.0,True,0.7126616022437847,ok,0.0,0.13940365561776016,1.0,0.8605963443822399,True,0.15500000000000003,0.7270412562776685,0.9021581614840005,0.17511690520633205,True
random_forest,2000,4,15,0.7902995720399429,81,0.28077498509188914,1.0,True,0.7192250149081109,ok,0.0,0.14466940570372425,1.0,0.8553305942962758,True,0.16049999999999998,0.6181472449245061,0.8213165814649144,0.20316933654040825,True
random_forest,2000,4,16,0.7902995720399429,81,0.259680714952815,1.0,True,0.740319285047185,ok,1.3877787807814457e-17,0.1398820757646923,1.0,0.8601179242353076,True,0.15549999999999997,0.7130239103219014,0.8924833040203556,0.1794593936984542,True
random_forest,2000,4,17,0.7902995720399429,81,0.28512765973850934,1.0,True,0.7148723402614907,ok,2.220446049250313e-16,0.14562754296090274,1.0,0.8543724570390973,True,0.16149999999999998,0.6447397895581854,0.8421913831723888,0.1974515936142034,True
random_forest,2000,4,18,0.7902995720399429,81,0.2911908768741059,1.0,True,0.7088091231258942,ok,0.0,0.1432326156162537,1.0,0.8567673843837463,True,0.15900000000000003,0.7130239103219014,0.8924833040203556,0.1794593936984542,True
random_forest,2000,4,19,0.7902995720399429,81,0.2819554396746015,1.0,True,0.7180445603253984,ok,0.0,0.1441904200245515,1.0,0.8558095799754485,True,0.16000000000000003,0.5789196420792092,0.7893176456199295,0.21039800354072025,False
random_forest,2000,4,20,0.7902995720399429,81,0.2411701422084089,1.0,True,0.7588298577915911,ok,0.0,0.1374905550864358,1.0,0.8625094449135642,True,0.15300000000000002,0.671722246202588,0.8626581079760535,0.19093586177346544,True
random_forest,2000,4,21,0.7902995720399429,81,0.304365401644514,1.0,True,0.695634598355486,ok,0.0,0.14610669412329744,1.0,0.8538933058767025,True,0.16200000000000003,0.6313970258516624,0.8318024633624657,0.2004054375108033,True
random_forest,2000,4,22,0.7902995720399429,81,0.33616706743378666,1.0,True,0.6638329325662133,ok,0.0,0.1398820757646923,1.0,0.8601179242353076,True,0.15549999999999997,0.6447397895581854,0.8421913831723888,0.1974515936142034,True
random_forest,2000,4,23,0.7902995720399429,81,0.2979102691107703,1.0,True,0.7020897308892298,ok,0.0,0.14610669412329744,1.0,0.8538933058767025,True,0.16200000000000003,0.6853725383436553,0.8727239312648705,0.18735139292121517,True
random_forest,2000,4,24,0.7902995720399429,81,0.3117327151229859,1.0,True,0.6882672848770142,ok,0.0,0.14706516048865004,1.0,0.85293483951135,True,0.16300000000000003,0.6447397895581854,0.8421913831723888,0.1974515936142034,True
random_forest,2000,4,25,0.7902995720399429,81,0.30184459482994347,1.0,True,0.6981554051700565,ok,1.3877787807814457e-17,0.13892529324616806,1.0,0.8610747067538319,True,0.15449999999999997,0.671722246202588,0.8626581079760535,0.19093586177346544,True
random_forest,2000,4,26,0.7902995720399429,81,0.25474100734727434,1.0,True,0.7452589926527257,ok,1.1102230246251565e-16,0.13175695123717154,1.0,0.8682430487628284,True,0.14700000000000002,0.6181472449245061,0.8213165814649144,0.20316933654040825,True
random_forest,2000,4,27,0.7902995720399429,81,0.33422396777531704,1.0,True,0.665776032224683,ok,0.0,0.13940365561776016,1.0,0.8605963443822399,True,0.15500000000000003,0.591911748545606,0.800070602033106,0.20815885348749996,True
random_forest,2000,4,28,0.7902995720399429,81,0.31397703120694503,1.0,True,0.686022968793055,ok,0.0,0.1437114899247662,1.0,0.8562885100752338,True,0.15949999999999998,0.7270412562776685,0.9021581614840005,0.17511690520633205,True
random_forest,2000,4,29,0.7902995720399429,81,0.26918155836117535,1.0,True,0.7308184416388246,ok,0.0,0.1417963295822726,1.0,0.8582036704177274,True,0.15749999999999997,0.671722246202588,0.8626581079760535,0.19093586177346544,True
random_forest,2000,4,30,0.7902995720399429,81,0.291030072581133,1.0,True,0.708969927418867,ok,0.0,0.14706516048865004,1.0,0.85293483951135,True,0.16300000000000003,0.7130239103219014,0.8924833040203556,0.1794593936984542,True
random_forest,2000,4,31,0.7902995720399429,81,0.29570147405985453,1.0,True,0.7042985259401455,ok,0.0,0.14802384422367804,1.0,0.8519761557763219,True,0.16400000000000003,0.6581798811789474,0.8524784573573725,0.19429857617842505,True
random_forest,2000,4,32,0.7902995720399429,81,0.2819928079756602,1.0,True,0.7180071920243398,ok,1.3877787807814457e-17,0.14275379731256313,1.0,0.8572462026874369,True,0.15849999999999997,0.7555110648928534,0.9210379918660608,0.16552692697320748,True
random_forest,2000,4,33,0.7902995720399429,81,0.29860328762915006,1.0,True,0.70139671237085,ok,1.3877787807814457e-17,0.14131768059125432,1.0,0.8586823194087456,True,0.15700000000000003,0.6581798811789474,0.8524784573573725,0.19429857617842505,True
random_forest,2000,4,34,0.7902995720399429,81,0.2911519979123522,1.0,True,0.7088480020876478,ok,0.0,0.14802384422367804,1.0,0.8519761557763219,True,0.16400000000000003,0.7411995748551309,0.9116811580388797,0.17048158318374884,True
random_forest,2000,4,35,0.7902995720399429,81,0.24044920124188018,1.0,True,0.7595507987581198,ok,2.7755575615628914e-17,0.13414489857131764,1.0,0.8658551014286824,True,0.14949999999999997,0.6581798811789474,0.8524784573573725,0.19429857617842505,True
random_forest,2000,4,36,0.7902995720399429,81,0.2774447622249409,1.0,True,0.722555237775059,ok,1.1102230246251565e-16,0.1432326156162537,1.0,0.8567673843837463,True,0.15900000000000003,0.7130239103219014,0.8924833040203556,0.1794593936984542,True
random_forest,2000,4,37,0.7902995720399429,81,0.2820780514592129,1.0,True,0.7179219485407871,ok,0.0,0.1398820757646923,1.0,0.8601179242353076,True,0.15549999999999997,0.6313970258516624,0.8318024633624657,0.2004054375108033,True
random_forest,2000,4,38,0.7902995720399429,81,0.3004497570639617,1.0,True,0.6995502429360383,ok,1.3877787807814457e-17,0.14898274372866133,1.0,0.8510172562713387,True,0.16500000000000004,0.6581798811789474,0.8524784573573725,0.19429857617842505,True
random_forest,2000,4,39,0.7902995720399429,81,0.31931933107356714,1.0,True,0.6806806689264329,ok,0.0,0.14754447528551004,1.0,0.8524555247144899,True,0.16349999999999998,0.6581798811789474,0.8524784573573725,0.19429857617842505,True
random_forest,2000,4,40,0.7902995720399429,81,0.2998743030324163,1.0,True,0.7001256969675838,ok,1.3877787807814457e-17,0.1441904200245515,1.0,0.8558095799754485,True,0.16000000000000003,0.6581798811789474,0.8524784573573725,0.19429857617842505,True
random_forest,2000,4,41,0.7902995720399429,81,0.2956424977910866,1.0,True,0.7043575022089135,ok,1.1102230246251565e-16,0.15186072122599414,1.0,0.8481392787740059,True,0.16800000000000004,0.6447397895581854,0.8421913831723888,0.1974515936142034,True
random_forest,2000,4,42,0.7902995720399429,81,0.2715168503926902,1.0,True,0.7284831496073099,ok,1.1102230246251565e-16,0.13462267026074057,1.0,0.8653773297392594,True,0.15000000000000002,0.6853725383436553,0.8727239312648705,0.18735139292121517,True
random_forest,2000,4,43,0.7902995720399429,81,0.30955898352168193,1.0,True,0.6904410164783181,ok,1.3877787807814457e-17,0.14898274372866133,1.0,0.8510172562713387,True,0.16500000000000004,0.671722246202588,0.8626581079760535,0.19093586177346544,True
random_forest,2000,4,44,0.7902995720399429,81,0.27034799123604125,1.0,True,0.7296520087639587,ok,0.0,0.15042149411482034,1.0,0.8495785058851797,True,0.16649999999999998,0.7846553019524447,0.9391797507486828,0.15452444879623806,True
random_forest,2000,4,45,0.7902995720399429,81,0.3039265327361003,1.0,True,0.6960734672638997,ok,1.3877787807814457e-17,0.1441904200245515,1.0,0.8558095799754485,True,0.16000000000000003,0.7411995748551309,0.9116811580388797,0.17048158318374884,True
random_forest,2000,4,46,0.7902995720399429,81,0.28055332990264115,1.0,True,0.7194466700973589,ok,0.0,0.13940365561776016,1.0,0.8605963443822399,True,0.15500000000000003,0.7555110648928534,0.9210379918660608,0.16552692697320748,True
random_forest,2000,4,47,0.7902995720399429,81,0.2896246557475523,1.0,True,0.7103753442524476,ok,1.3877787807814457e-17,0.1417963295822726,1.0,0.8582036704177274,True,0.15749999999999997,0.6049866152575658,0.810738031422379,0.20575141616481318,True
random_forest,2000,4,48,0.7902995720399429,81,0.3208189872312922,1.0,True,0.6791810127687078,ok,0.0,0.14514844675204502,1.0,0.854851553247955,True,0.16100000000000003,0.6181472449245061,0.8213165814649144,0.20316933654040825,True
random_forest,2000,4,49,0.7902995720399429,81,0.28099439379264546,1.0,True,0.7190056062073545,ok,1.1102230246251565e-16,0.14802384422367804,1.0,0.8519761557763219,True,0.16400000000000003,0.6991372551240167,0.8826685309443846,0.18353127582036788,True
random_forest,2000,4,50,0.7902995720399429,81,0.28558279318080393,1.0,True,0.7144172068191961,ok,1.1102230246251565e-16,0.13175695123717154,1.0,0.8682430487628284,True,0.14700000000000002,0.6853725383436553,0.8727239312648705,0.18735139292121517,True
random_forest,2000,4,51,0.7902995720399429,81,0.3046763242914846,1.0,True,0.6953236757085154,ok,0.0,0.1432326156162537,1.0,0.8567673843837463,True,0.15900000000000003,0.7411995748551309,0.9116811580388797,0.17048158318374884,True
random_forest,2000,4,52,0.7902995720399429,81,0.31686677301894495,1.0,True,0.683133226981055,ok,0.0,0.1494622739016018,1.0,0.8505377260983982,True,0.16549999999999998,0.7411995748551309,0.9116811580388797,0.17048158318374884,True
random_forest,2000,4,53,0.7902995720399429,81,0.28099439379264546,1.0,True,0.7190056062073545,ok,1.1102230246251565e-16,0.14802384422367804,1.0,0.8519761557763219,True,0.16400000000000003,0.6853725383436553,0.8727239312648705,0.18735139292121517,True
random_forest,2000,4,54,0.7902995720399429,81,0.2642322617946576,1.0,True,0.7357677382053425,ok,0.0,0.140360553459431,1.0,0.859639446540569,True,0.15600000000000003,0.7130239103219014,0.8924833040203556,0.1794593936984542,True
random_forest,2000,4,55,0.7902995720399429,81,0.24428812631322325,1.0,True,0.7557118736867767,ok,0.0,0.13080220226433079,1.0,0.8691977977356692,True,0.14600000000000002,0.7555110648928534,0.9210379918660608,0.16552692697320748,True
random_forest,2000,4,56,0.7902995720399429,81,0.27441171689636756,1.0,True,0.7255882831036324,ok,1.1102230246251565e-16,0.1374905550864358,1.0,0.8625094449135642,True,0.15300000000000002,0.6991372551240167,0.8826685309443846,0.18353127582036788,True
random_forest,2000,4,57,0.7902995720399429,81,0.3124295161192987,1.0,True,0.6875704838807013,ok,0.0,0.1571418847034216,1.0,0.8428581152965784,True,0.1735,0.6991372551240167,0.8826685309443846,0.18353127582036788,True
random_forest,2000,4,58,0.7902995720399429,81,0.28657916255056354,1.0,True,0.7134208374494364,ok,1.3877787807814457e-17,0.1465859000338229,1.0,0.8534140999661771,True,0.16249999999999998,0.6581798811789474,0.8524784573573725,0.19429857617842505,True
random_forest,2000,4,59,0.7902995720399429,81,0.2866542082490447,1.0,True,0.7133457917509554,ok,1.3877787807814457e-17,0.14083908847625876,1.0,0.8591609115237413,True,0.15649999999999997,0.6991372551240167,0.8826685309443846,0.18353127582036788,True
random_forest,2000,4,60,0.7902995720399429,81,0.27136531251023593,1.0,True,0.728634687489764,ok,0.0,0.13844698887928578,1.0,0.8615530111207143,True,0.15400000000000003,0.7555110648928534,0.9210379918660608,0.16552692697320748,True
random_forest,2000,4,61,0.7902995720399429,81,0.2804297236544885,1.0,True,0.7195702763455115,ok,0.0,0.1437114899247662,1.0,0.8562885100752338,True,0.15949999999999998,0.6447397895581854,0.8421913831723888,0.1974515936142034,True
random_forest,2000,4,62,0.7902995720399429,81,0.27433661205195026,1.0,True,0.7256633879480497,ok,2.7755575615628914e-17,0.14083908847625876,1.0,0.8591609115237413,True,0.15649999999999997,0.7130239103219014,0.8924833040203556,0.1794593936984542,True
random_forest,2000,4,63,0.7902995720399429,81,0.3465766671691862,1.0,True,0.6534233328308138,ok,1.1102230246251565e-16,0.15186072122599414,1.0,0.8481392787740059,True,0.16800000000000004,0.6853725383436553,0.8727239312648705,0.18735139292121517,True
random_forest,2000,4,64,0.7902995720399429,81,0.3002590243319403,1.0,True,0.6997409756680597,ok,0.0,0.15090118377006062,1.0,0.8490988162299393,True,0.16700000000000004,0.6853725383436553,0.8727239312648705,0.18735139292121517,True
random_forest,2000,4,65,0.7902995720399429,81,0.2791081175085848,1.0,True,0.7208918824914152,ok,0.0,0.1437114899247662,1.0,0.8562885100752338,True,0.15949999999999998,0.6049866152575658,0.810738031422379,0.20575141616481318,True
random_forest,2000,4,66,0.7902995720399429,81,0.27569337846781977,1.0,True,0.7243066215321803,ok,0.0,0.1465859000338229,1.0,0.8534140999661771,True,0.16249999999999998,0.6313970258516624,0.8318024633624657,0.2004054375108033,True
random_forest,2000,4,67,0.7902995720399429,81,0.2713221229074083,1.0,True,0.7286778770925917,ok,0.0,0.13844698887928578,1.0,0.8615530111207143,True,0.15400000000000003,0.6181472449245061,0.8213165814649144,0.20316933654040825,True
random_forest,2000,4,68,0.7902995720399429,81,0.304365401644514,1.0,True,0.695634598355486,ok,0.0,0.14706516048865004,1.0,0.85293483951135,True,0.16300000000000003,0.7130239103219014,0.8924833040203556,0.1794593936984542,True
random_forest,2000,4,69,0.7902995720399429,81,0.25596611975034556,1.0,True,0.7440338802496544,ok,1.3877787807814457e-17,0.13796874274834017,1.0,0.8620312572516599,True,0.15349999999999997,0.6991372551240167,0.8826685309443846,0.18353127582036788,True
random_forest,2000,4,70,0.7902995720399429,81,0.2814404708419987,1.0,True,0.7185595291580014,ok,0.0,0.14850326710395695,1.0,0.851496732896043,True,0.16449999999999998,0.6853725383436553,0.8727239312648705,0.18735139292121517,True
random_forest,2000,4,71,0.7902995720399429,81,0.2995528038007572,1.0,True,0.7004471961992428,ok,3.469446951953614e-18,0.140360553459431,1.0,0.859639446540569,True,0.15600000000000003,0.6853725383436553,0.8727239312648705,0.18735139292121517,True
random_forest,2000,4,72,0.7902995720399429,81,0.31344372416847427,1.0,True,0.6865562758315258,ok,1.3877787807814457e-17,0.14802384422367804,1.0,0.8519761557763219,True,0.16400000000000003,0.6447397895581854,0.8421913831723888,0.1974515936142034,True
random_forest,2000,4,73,0.7902995720399429,81,0.26751975511128545,1.0,True,0.7324802448887145,ok,0.0,0.13892529324616806,1.0,0.8610747067538319,True,0.15449999999999997,0.6991372551240167,0.8826685309443846,0.18353127582036788,True
random_forest,2000,4,74,0.7902995720399429,81,0.2758545613281981,1.0,True,0.7241454386718019,ok,0.0,0.14275379731256313,1.0,0.8572462026874369,True,0.15849999999999997,0.7130239103219014,0.8924833040203556,0.1794593936984542,True
random_forest,2000,4,75,0.7902995720399429,81,0.251837325557467,1.0,True,0.7481626744425329,ok,2.220446049250313e-16,0.1374905550864358,1.0,0.8625094449135642,True,0.15300000000000002,0.671722246202588,0.8626581079760535,0.19093586177346544,True
random_forest,2000,4,76,0.7902995720399429,81,0.2880288665527495,1.0,True,0.7119711334472505,ok,0.0,0.14466940570372425,1.0,0.8553305942962758,True,0.16049999999999998,0.6447397895581854,0.8421913831723888,0.1974515936142034,True
random_forest,2000,4,77,0.7902995720399429,81,0.26994056262032207,1.0,True,0.7300594373796779,ok,1.3877787807814457e-17,0.13605634527463,1.0,0.86394365472537,True,0.15149999999999997,0.7555110648928534,0.9210379918660608,0.16552692697320748,True
random_forest,2000,4,78,0.7902995720399429,81,0.24551112214804768,1.0,True,0.7544888778519523,ok,1.0769163338864018e-14,0.13414489857131764,1.0,0.8658551014286824,True,0.14949999999999997,0.7995278996869488,0.947916478427844,0.14838857874089517,False
random_forest,2000,4,79,0.7902995720399429,81,0.2832430157416433,1.0,True,0.7167569842583568,ok,0.0,0.13701242612857617,1.0,0.8629875738714239,True,0.15249999999999997,0.7130239103219014,0.8924833040203556,0.1794593936984542,True
random_forest,2000,4,80,0.7902995720399429,81,0.3035131590575797,1.0,True,0.6964868409424203,ok,1.1102230246251565e-16,0.1322344183750201,1.0,0.8677655816249799,True,0.14749999999999996,0.7846553019524447,0.9391797507486828,0.15452444879623806,True
random_forest,2000,4,81,0.7902995720399429,81,0.3293012643482364,1.0,True,0.6706987356517635,ok,2.7755575615628914e-17,0.16579685172455283,1.0,0.8342031482754472,True,0.1825,0.8300153432950901,0.9645461246675792,0.13453078137248908,False
random_forest,2000,4,82,0.7902995720399429,81,0.24900965746029707,1.0,True,0.7509903425397029,ok,0.0,0.1255555889291914,1.0,0.8744444110708086,True,0.14049999999999996,0.7270412562776685,0.9021581614840005,0.17511690520633205,True
random_forest,2000,4,83,0.7902995720399429,81,0.3130287503888633,1.0,True,0.6869712496111366,ok,0.0,0.14227503522892565,1.0,0.8577249647710743,True,0.15800000000000003,0.7699903684379342,0.9302113140128173,0.1602209455748831,True
random_forest,2000,4,84,0.7902995720399429,81,0.288069409358709,1.0,True,0.7119305906412909,ok,1.3877787807814457e-17,0.13796874274834017,1.0,0.8620312572516599,True,0.15349999999999997,0.671722246202588,0.8626581079760535,0.19093586177346544,True
random_forest,2000,4,85,0.7902995720399429,81,0.2900750288925193,1.0,True,0.7099249711074807,ok,0.0,0.13844698887928578,1.0,0.8615530111207143,True,0.15400000000000003,0.7555110648928534,0.9210379918660608,0.16552692697320748,True
random_forest,2000,4,86,0.7902995720399429,81,0.33279903008318984,1.0,True,0.6672009699168102,ok,0.0,0.1432326156162537,1.0,0.8567673843837463,True,0.15900000000000003,0.6581798811789474,0.8524784573573725,0.19429857617842505,True
random_forest,2000,4,87,0.7902995720399429,81,0.26751975511128545,1.0,True,0.7324802448887145,ok,0.0,0.14131768059125432,1.0,0.8586823194087456,True,0.15700000000000003,0.6581798811789474,0.8524784573573725,0.19429857617842505,True
random_forest,2000,4,88,0.7902995720399429,81,0.27718857251838913,1.0,True,0.7228114274816109,ok,0.0,0.13653435611168546,1.0,0.8634656438883146,True,0.15200000000000002,0.7130239103219014,0.8924833040203556,0.1794593936984542,True
random_forest,2000,4,89,0.7902995720399429,81,0.31752387746332034,1.0,True,0.6824761225366797,ok,0.0,0.14083908847625876,1.0,0.8591609115237413,True,0.15649999999999997,0.6447397895581854,0.8421913831723888,0.1974515936142034,True
random_forest,2000,4,90,0.7902995720399429,81,0.31399630433008174,1.0,True,0.6860036956699183,ok,0.0,0.15570095240213455,1.0,0.8442990475978654,True,0.17200000000000004,0.6581798811789474,0.8524784573573725,0.19429857617842505,True
random_forest,2000,4,91,0.7902995720399429,81,0.24956251693197007,1.0,True,0.7504374830680299,ok,8.673617379884035e-19,0.13796874274834017,1.0,0.8620312572516599,True,0.15349999999999997,0.7995278996869488,0.947916478427844,0.14838857874089517,False
random_forest,2000,4,92,0.7902995720399429,81,0.23879022557111748,1.0,True,0.7612097744288825,ok,4.6351811278100286e-15,0.13175695123717154,1.0,0.8682430487628284,True,0.14700000000000002,0.7411995748551309,0.9116811580388797,0.17048158318374884,True
random_forest,2000,4,93,0.7902995720399429,81,0.2623358353889094,1.0,True,0.7376641646110906,ok,0.0,0.13318953665573266,1.0,0.8668104633442674,True,0.14849999999999997,0.6853725383436553,0.8727239312648705,0.18735139292121517,True
random_forest,2000,4,94,0.7902995720399429,81,0.27603062361894154,1.0,True,0.7239693763810584,ok,1.3877787807814457e-17,0.13844698887928578,1.0,0.8615530111207143,True,0.15400000000000003,0.7270412562776685,0.9021581614840005,0.17511690520633205,True
random_forest,2000,4,95,0.7902995720399429,81,0.2986778455239995,1.0,True,0.7013221544760004,ok,0.0,0.15378042347829407,1.0,0.846219576521706,True,0.17000000000000004,0.6581798811789474,0.8524784573573725,0.19429857617842505,True
random_forest,2000,4,96,0.7902995720399429,81,0.2627391665266494,1.0,True,0.7372608334733506,ok,6.938893903907228e-18,0.14275379731256313,1.0,0.8572462026874369,True,0.15849999999999997,0.7846553019524447,0.9391797507486828,0.15452444879623806,True
random_forest,2000,4,97,0.7902995720399429,81,0.2806017595103805,1.0,True,0.7193982404896195,ok,1.1102230246251565e-16,0.1374905550864358,1.0,0.8625094449135642,True,0.15300000000000002,0.6049866152575658,0.810738031422379,0.20575141616481318,True
random_forest,2000,4,98,0.7902995720399429,81,0.2930724357573989,1.0,True,0.7069275642426012,ok,1.3877787807814457e-17,0.1432326156162537,1.0,0.8567673843837463,True,0.15900000000000003,0.7130239103219014,0.8924833040203556,0.1794593936984542,True
random_forest,2000,4,99,0.7902995720399429,81,0.32298336222118934,1.0,True,0.6770166377788107,ok,0.0,0.15234056865021595,1.0,0.847659431349784,True,0.16849999999999998,0.671722246202588,0.8626581079760535,0.19093586177346544,True
random_forest,2000,16,0,0.7902995720399429,326,0.5075958042832257,1.0,True,0.4924041957167743,ok,2.266538953049624e-12,0.3823986897896253,1.0,0.6176013102103747,True,0.404,0.7794816422267641,0.8648000411965666,0.08531839896980253,True
random_forest,2000,16,1,0.7902995720399429,326,0.5448948365437519,1.0,True,0.4551051634562481,ok,2.8000765768532165e-12,0.3908167498684545,1.0,0.6091832501315455,True,0.4125,0.7629338489209019,0.8509654341307469,0.088031585209845,True
random_forest,2000,16,2,0.7902995720399429,326,0.4964014567394248,1.0,True,0.5035985432605752,ok,1.1102230246251565e-16,0.3739873235561612,1.0,0.6260126764438387,True,0.39549999999999996,0.7728494616322074,0.8592795074955559,0.08643004586334857,True
random_forest,2000,16,3,0.7902995720399429,326,0.5130115605753709,1.0,True,0.4869884394246291,ok,2.3998472480080135e-12,0.3853690089482253,1.0,0.6146309910517747,True,0.40700000000000003,0.7236260426041609,0.8173485667195722,0.09372252411541138,True
random_forest,2000,16,4,0.7902995720399429,326,0.5452232441775777,1.0,True,0.4547767558224223,ok,3.753831013392217e-12,0.39329391421459237,1.0,0.6067060857854076,True,0.41500000000000004,0.726881625550519,0.8201703431567762,0.09328871760625712,True
random_forest,2000,16,5,0.7902995720399429,326,0.5357692200176926,1.0,True,0.46423077998230744,ok,7.477369851766058e-12,0.38834015893420903,1.0,0.611659841065791,True,0.41000000000000003,0.7828045257460664,0.8675533811197794,0.08474885537371302,True
random_forest,2000,16,6,0.7902995720399429,326,0.5167903212610143,1.0,True,0.4832096787389857,ok,3.4178341580537452e-12,0.38834015893420903,1.0,0.611659841065791,True,0.41000000000000003,0.739939119595249,0.8314217824769794,0.09148266288173035,True
random_forest,2000,16,7,0.7902995720399429,326,0.4853902943451453,1.0,True,0.5146097056548546,ok,3.9218628344883655e-13,0.36755966334392487,1.0,0.6324403366560751,True,0.389,0.7629338489209019,0.8509654341307469,0.088031585209845,True
random_forest,2000,16,8,0.7902995720399429,326,0.5613208181013973,1.0,True,0.43867918189860267,ok,3.252838536721425e-12,0.40072883266924897,1.0,0.599271167330751,True,0.4225,0.7530555192594879,0.8426134161822273,0.08955789692273941,True
random_forest,2000,16,9,0.7902995720399429,326,0.5048143390869436,1.0,True,0.4951856609130564,ok,2.220446049250313e-16,0.38388374533416997,1.0,0.6161162546658301,True,0.40549999999999997,0.7464897212833311,0.8370253184261711,0.09053559714283999,True
random_forest,2000,16,10,0.7902995720399429,326,0.5409027927248574,1.0,True,0.4590972072751426,ok,6.312072392544721e-12,0.3957716504417961,1.0,0.6042283495582039,True,0.4175,0.7334032358246148,0.8258033040122629,0.09240006818764812,True
random_forest,2000,16,11,0.7902995720399429,326,0.48698962322438183,1.0,True,0.5130103767756182,ok,2.527422715559169e-13,0.3759658626550161,1.0,0.6240341373449839,True,0.39749999999999996,0.7432125516362889,0.8342254483710094,0.09101289673472057,True
random_forest,2000,16,12,0.7902995720399429,326,0.5360546006302404,1.0,True,0.46394539936975965,ok,1.9577135051962458e-12,0.40172054190999357,1.0,0.5982794580900064,True,0.4235,0.7530555192594879,0.8426134161822273,0.08955789692273941,True
random_forest,2000,16,13,0.7902995720399429,326,0.517908087156134,1.0,True,0.482091912843866,ok,2.845519826710774e-12,0.382893685162863,1.0,0.617106314837137,True,0.40449999999999997,0.7366693665039354,0.8286143815086902,0.09194501500475472,True
random_forest,2000,16,14,0.7902995720399429,326,0.5305991169583852,1.0,True,0.46940088304161476,ok,3.428989731046883e-12,0.39329391421459237,1.0,0.6067060857854076,True,0.41500000000000004,0.7203738751957129,0.8145233277790511,0.09414945258333818,True
random_forest,2000,16,15,0.7902995720399429,326,0.5221076995188552,1.0,True,0.47789230048114484,ok,4.440892098500626e-16,0.391807546884353,1.0,0.6081924531156471,True,0.4135,0.7334032358246148,0.8258033040122629,0.09240006818764812,True
random_forest,2000,16,16,0.7902995720399429,326,0.5118426587580192,1.0,True,0.48815734124198085,ok,4.00509616790834e-12,0.3868544802674136,1.0,0.6131455197325864,True,0.4085,0.7828045257460664,0.8675533811197794,0.08474885537371302,True
random_forest,2000,16,17,0.7902995720399429,326,0.5491444216812038,1.0,True,0.4508555783187962,ok,4.002824981197417e-12,0.39329391421459237,1.0,0.6067060857854076,True,0.41500000000000004,0.7894643542507342,0.8730457118994066,0.08358135764867236,True
random_forest,2000,16,18,0.7902995720399429,326,0.5031945407946493,1.0,True,0.4968054592053507,ok,3.226151984447867e-15,0.3843788101048228,1.0,0.6156211898951772,True,0.406,0.6944741359165734,0.79180230304598,0.09732816712940662,True
random_forest,2000,16,19,0.7902995720399429,326,0.5172532121610934,1.0,True,0.48274678783890657,ok,2.220446049250313e-16,0.37893437144355313,1.0,0.6210656285564469,True,0.40049999999999997,0.7203738751957129,0.8145233277790511,0.09414945258333818,True
random_forest,2000,16,20,0.7902995720399429,326,0.5133145565364985,1.0,True,0.4866854434635015,ok,1.865255346011896e-12,0.38140876853716593,1.0,0.6185912314628341,True,0.403,0.7497706894177083,0.8398213295461889,0.09005064012848063,True
random_forest,2000,16,21,0.7902995720399429,326,0.546456817898695,1.0,True,0.45354318210130495,ok,1.8186723828306217e-12,0.38140876853716593,1.0,0.6185912314628341,True,0.403,0.7073984380214227,0.8031887007410954,0.09579026271967273,True
random_forest,2000,16,22,0.7902995720399429,326,0.5235368221402467,1.0,True,0.47646317785975334,ok,5.7043801106326786e-12,0.3769552723519275,1.0,0.6230447276480725,True,0.39849999999999997,0.7366693665039354,0.8286143815086902,0.09194501500475472,True
random_forest,2000,16,23,0.7902995720399429,326,0.5094792355226838,1.0,True,0.4905207644773162,ok,7.869899610463138e-12,0.3908167498684545,1.0,0.6091832501315455,True,0.4125,0.726881625550519,0.8201703431567762,0.09328871760625712,True
random_forest,2000,16,24,0.7902995720399429,326,0.5386481593040454,1.0,True,0.4613518406959546,ok,1.8187669252600625e-12,0.39279843554662786,1.0,0.6072015644533721,True,0.4145,0.7695399865290706,0.8565124991343146,0.08697251260524397,True
random_forest,2000,16,25,0.7902995720399429,326,0.4993880394349217,1.0,True,0.5006119605650783,ok,2.7755575615628914e-17,0.3878449096951101,1.0,0.6121550903048899,True,0.4095,0.7432125516362889,0.8342254483710094,0.09101289673472057,True
random_forest,2000,16,26,0.7902995720399429,326,0.49423694415993563,1.0,True,0.5057630558400643,ok,2.6040237674496147e-13,0.36854827526189554,1.0,0.6314517247381044,True,0.39,0.7203738751957129,0.8145233277790511,0.09414945258333818,True
random_forest,2000,16,27,0.7902995720399429,326,0.5317097752585547,1.0,True,0.4682902247414453,ok,3.781263496760445e-15,0.39973721424246605,1.0,0.600262785757534,True,0.4215,0.7171250759977861,0.8116946752551357,0.09456959925734965,True
random_forest,2000,16,28,0.7902995720399429,326,0.5193350264963493,1.0,True,0.48066497350365067,ok,7.794449547599003e-12,0.391807546884353,1.0,0.6081924531156471,True,0.4135,0.7432125516362889,0.8342254483710094,0.09101289673472057,True
random_forest,2000,16,29,0.7902995720399429,326,0.5080641095895494,1.0,True,0.4919358904104506,ok,2.16382467499443e-13,0.38734968346851495,1.0,0.612650316531485,True,0.40900000000000003,0.7629338489209019,0.8509654341307469,0.088031585209845,True
random_forest,2000,16,30,0.7902995720399429,326,0.5226960360112304,1.0,True,0.4773039639887696,ok,1.3681681655663969e-12,0.38388374533416997,1.0,0.6161162546658301,True,0.40549999999999997,0.7432125516362889,0.8342254483710094,0.09101289673472057,True
random_forest,2000,16,31,0.7902995720399429,326,0.5073626967211646,1.0,True,0.49263730327883537,ok,5.296534912047068e-12,0.3799240606036523,1.0,0.6200759393963478,True,0.40149999999999997,0.7106374008678751,0.8060273168513672,0.09538991598349211,True
random_forest,2000,16,32,0.7902995720399429,326,0.5459036584965207,1.0,True,0.45409634150347933,ok,6.5658082269715035e-12,0.3898260445978833,1.0,0.6101739554021167,True,0.4115,0.7728494616322074,0.8592795074955559,0.08643004586334857,True
random_forest,2000,16,33,0.7902995720399429,326,0.5136729648618732,1.0,True,0.4863270351381268,ok,1.5752221575737746e-12,0.38190371757641867,1.0,0.6180962824235814,True,0.40349999999999997,0.7171250759977861,0.8116946752551357,0.09456959925734965,True
random_forest,2000,16,34,0.7902995720399429,326,0.5446620158795051,1.0,True,0.45533798412049487,ok,2.3938784982080463e-12,0.3898260445978833,1.0,0.6101739554021167,True,0.4115,0.7138795992856154,0.8088626563960342,0.09498305711041877,True
random_forest,2000,16,35,0.7902995720399429,326,0.5088070979443159,1.0,True,0.4911929020556841,ok,6.106226635438361e-16,0.3843788101048228,1.0,0.6156211898951772,True,0.406,0.7203738751957129,0.8145233277790511,0.09414945258333818,True
random_forest,2000,16,36,0.7902995720399429,326,0.5495867926098221,1.0,True,0.45041320739017787,ok,3.231458937241749e-12,0.41213895090129105,1.0,0.587861049098709,True,0.43400000000000005,0.739939119595249,0.8314217824769794,0.09148266288173035,True
random_forest,2000,16,37,0.7902995720399429,326,0.5282411788755084,1.0,True,0.47175882112449163,ok,4.440892098500626e-16,0.3982499570699917,1.0,0.6017500429300082,True,0.42000000000000004,0.7596370293762753,0.8481855407595466,0.08854851138327124,True
random_forest,2000,16,38,0.7902995720399429,326,0.5090122031930719,1.0,True,0.49098779680692806,ok,4.895165869878149e-12,0.37151467649498227,1.0,0.6284853235050177,True,0.393,0.6719724760170807,0.7717589357891411,0.09978645977206047,False
random_forest,2000,16,39,0.7902995720399429,326,0.5064264415312332,1.0,True,0.4935735584687668,ok,4.394325181511505e-12,0.3739873235561612,1.0,0.6260126764438387,True,0.39549999999999996,0.7563442764889151,0.8454015102036253,0.0890572337147102,True
random_forest,2000,16,40,0.7902995720399429,326,0.5597398065735973,1.0,True,0.44026019342640266,ok,2.3506873531031758e-12,0.4106499979011574,1.0,0.5893500020988426,True,0.4325,0.7106374008678751,0.8060273168513672,0.09538991598349211,True
random_forest,2000,16,41,0.7902995720399429,326,0.5225211304160429,1.0,True,0.47747886958395713,ok,2.4420947035419527e-12,0.3898260445978833,1.0,0.6101739554021167,True,0.4115,0.7366693665039354,0.8286143815086902,0.09194501500475472,True
random_forest,2000,16,42,0.7902995720399429,326,0.4887120855845482,1.0,True,0.5112879144154518,ok,2.220446049250313e-16,0.35718496764269375,1.0,0.6428150323573063,True,0.37849999999999995,0.6977005564313057,0.7946536126114667,0.09695305618016103,True
random_forest,2000,16,43,0.7902995720399429,326,0.5431305656924241,1.0,True,0.4568694343075759,ok,1.3916819086023935e-15,0.39924143911157206,1.0,0.6007585608884279,True,0.42100000000000004,0.7497706894177083,0.8398213295461889,0.09005064012848063,True
random_forest,2000,16,44,0.7902995720399429,326,0.5288965796654405,1.0,True,0.47110342033455954,ok,6.5177897801138585e-15,0.38933072639837707,1.0,0.6106692736016229,True,0.41100000000000003,0.6848129867157238,0.7832300574129163,0.09841707069719252,False
random_forest,2000,16,45,0.7902995720399429,326,0.5225813646219495,1.0,True,0.4774186353780505,ok,3.8953059527946365e-12,0.39032138575876735,1.0,0.6096786142412327,True,0.41200000000000003,0.7366693665039354,0.8286143815086902,0.09194501500475472,True
random_forest,2000,16,46,0.7902995720399429,326,0.5512273759637228,1.0,True,0.44877262403627716,ok,2.7807617319908218e-15,0.3957716504417961,1.0,0.6042283495582039,True,0.4175,0.7236260426041609,0.8173485667195722,0.09372252411541138,True
random_forest,2000,16,47,0.7902995720399429,326,0.4941425232399515,1.0,True,0.5058574767600486,ok,3.347322419244847e-13,0.3858641429940694,1.0,0.6141358570059305,True,0.4075,0.7432125516362889,0.8342254483710094,0.09101289673472057,True
random_forest,2000,16,48,0.7902995720399429,326,0.5234664805612592,1.0,True,0.4765335194387408,ok,3.932504061970876e-12,0.38140876853716593,1.0,0.6185912314628341,True,0.403,0.7828045257460664,0.8675533811197794,0.08474885537371302,True
random_forest,2000,16,49,0.7902995720399429,326,0.5625277252331243,1.0,True,0.43747227476687567,ok,3.499763846781523e-12,0.39329391421459237,1.0,0.6067060857854076,True,0.41500000000000004,0.7334032358246148,0.8258033040122629,0.09240006818764812,True
random_forest,2000,16,50,0.7902995720399429,326,0.518534470181484,1.0,True,0.481465529818516,ok,2.220446049250313e-16,0.39032138575876735,1.0,0.6096786142412327,True,0.41200000000000003,0.7432125516362889,0.8342254483710094,0.09101289673472057,True
random_forest,2000,16,51,0.7902995720399429,326,0.5336764849660591,1.0,True,0.46632351503394087,ok,4.440892098500626e-16,0.3942849401637603,1.0,0.6057150598362397,True,0.41600000000000004,0.7464897212833311,0.8370253184261711,0.09053559714283999,True
random_forest,2000,16,52,0.7902995720399429,326,0.5343086219756132,1.0,True,0.46569137802438676,ok,5.9536798234505195e-12,0.3908167498684545,1.0,0.6091832501315455,True,0.4125,0.7236260426041609,0.8173485667195722,0.09372252411541138,True
random_forest,2000,16,53,0.7902995720399429,326,0.5330607390862674,1.0,True,0.4669392609137326,ok,2.220446049250313e-16,0.4056882853084532,1.0,0.5943117146915469,True,0.4275,0.7041626694297041,0.8003468507205368,0.09618418129083273,True
random_forest,2000,16,54,0.7902995720399429,326,0.5568973286891958,1.0,True,0.44310267131080416,ok,4.2004793740502144e-12,0.40618435503567807,1.0,0.5938156449643219,True,0.42800000000000005,0.7171250759977861,0.8116946752551357,0.09456959925734965,True
random_forest,2000,16,55,0.7902995720399429,326,0.5458366123112337,1.0,True,0.4541633876887663,ok,3.912558211444095e-12,0.39924143911157206,1.0,0.6007585608884279,True,0.42100000000000004,0.8028432016934589,0.8839699026122376,0.08112670091877872,False
random_forest,2000,16,56,0.7902995720399429,326,0.5312447498115167,1.0,True,0.4687552501884833,ok,4.634697139960231e-12,0.40221643055863343,1.0,0.5977835694413666,True,0.42400000000000004,0.6751783028511491,0.7746310612241281,0.09945275837297896,False
random_forest,2000,16,57,0.7902995720399429,326,0.5319364166151865,1.0,True,0.46806358338481346,ok,2.2764403209696304e-12,0.3868544802674136,1.0,0.6131455197325864,True,0.4085,0.7629338489209019,0.8509654341307469,0.088031585209845,True
random_forest,2000,16,58,0.7902995720399429,326,0.5086085457325173,1.0,True,0.49139145426748265,ok,7.331965763690551e-12,0.382893685162863,1.0,0.617106314837137,True,0.40449999999999997,0.7530555192594879,0.8426134161822273,0.08955789692273941,True
random_forest,2000,16,59,0.7902995720399429,326,0.5425765056476374,1.0,True,0.4574234943523626,ok,4.34242182142941e-12,0.3858641429940694,1.0,0.6141358570059305,True,0.4075,0.7695399865290706,0.8565124991343146,0.08697251260524397,True
random_forest,2000,16,60,0.7902995720399429,326,0.5189429291654258,1.0,True,0.48105707083457416,ok,1.8098712632752534e-12,0.3908167498684545,1.0,0.6091832501315455,True,0.4125,0.6880303856036847,0.7860904898302395,0.09806010422655487,False
random_forest,2000,16,61,0.7902995720399429,326,0.566984853372061,1.0,True,0.43301514662793905,ok,4.58914763828977e-12,0.40965747506242567,1.0,0.5903425249375743,True,0.4315,0.7629338489209019,0.8509654341307469,0.088031585209845,True
random_forest,2000,16,62,0.7902995720399429,326,0.524894100122825,1.0,True,0.475105899877175,ok,4.958593431692027e-12,0.3962672661818319,1.0,0.6037327338181682,True,0.41800000000000004,0.7629338489209019,0.8509654341307469,0.088031585209845,True
random_forest,2000,16,63,0.7902995720399429,326,0.5495995345637178,1.0,True,0.4504004654362822,ok,3.992747972525468e-12,0.3957716504417961,1.0,0.6042283495582039,True,0.4175,0.7728494616322074,0.8592795074955559,0.08643004586334857,True
random_forest,2000,16,64,0.7902995720399429,326,0.5174684306957661,1.0,True,0.4825315693042339,ok,4.333672309897452e-12,0.3754711928208041,1.0,0.6245288071791959,True,0.397,0.7432125516362889,0.8342254483710094,0.09101289673472057,True
random_forest,2000,16,65,0.7902995720399429,326,0.534412770062169,1.0,True,0.46558722993783097,ok,7.205588122699558e-12,0.382893685162863,1.0,0.617106314837137,True,0.40449999999999997,0.7366693665039354,0.8286143815086902,0.09194501500475472,True
random_forest,2000,16,66,0.7902995720399429,326,0.5310809324543412,1.0,True,0.4689190675456588,ok,4.577579634790219e-12,0.380418940036644,1.0,0.619581059963356,True,0.402,0.7009300551245744,0.7975018080417414,0.09657175291716702,True
random_forest,2000,16,67,0.7902995720399429,326,0.5264033925885476,1.0,True,0.4735966074114524,ok,4.485686128097299e-12,0.38338870368229483,1.0,0.6166112963177052,True,0.405,0.739939119595249,0.8314217824769794,0.09148266288173035,True
random_forest,2000,16,68,0.7902995720399429,326,0.529021329786227,1.0,True,0.47097867021377304,ok,4.649614027130156e-13,0.39676290472614817,1.0,0.6032370952738518,True,0.4185,0.7464897212833311,0.8370253184261711,0.09053559714283999,True
random_forest,2000,16,69,0.7902995720399429,326,0.5468313257986492,1.0,True,0.45316867420135076,ok,1.4940839364319114e-12,0.3982499570699917,1.0,0.6017500429300082,True,0.42000000000000004,0.7073984380214227,0.8031887007410954,0.09579026271967273,True
random_forest,2000,16,70,0.7902995720399429,326,0.5620464411028092,1.0,True,0.4379535588971908,ok,3.6699510617965725e-12,0.3863593001048793,1.0,0.6136406998951207,True,0.40800000000000003,0.7596370293762753,0.8481855407595466,0.08854851138327124,True
random_forest,2000,16,71,0.7902995720399429,326,0.5529019684638783,1.0,True,0.4470980315361217,ok,7.1107651017365825e-12,0.38734968346851495,1.0,0.612650316531485,True,0.40900000000000003,0.7662348090001289,0.8537411135705864,0.0875063045704575,True
random_forest,2000,16,72,0.7902995720399429,326,0.49517992069735767,1.0,True,0.5048200793026423,ok,1.1102230246251565e-16,0.38140876853716593,1.0,0.6185912314628341,True,0.403,0.7301406730382065,0.8229886064213843,0.09284793338317776,True
random_forest,2000,16,73,0.7902995720399429,326,0.5073336579667143,1.0,True,0.49266634203328574,ok,4.0062397843598774e-13,0.3937894157576371,1.0,0.6062105842423628,True,0.4155,0.7203738751957129,0.8145233277790511,0.09414945258333818,True
random_forest,2000,16,74,0.7902995720399429,326,0.5221840666943534,1.0,True,0.47781593330564665,ok,2.2960951716333167e-12,0.3863593001048793,1.0,0.6136406998951207,True,0.40800000000000003,0.7761633178278609,0.8620420517487992,0.08587873392093837,True
random_forest,2000,16,75,0.7902995720399429,326,0.5101607136212051,1.0,True,0.4898392863787949,ok,9.334980705100193e-14,0.38140876853716593,1.0,0.6185912314628341,True,0.403,0.7497706894177083,0.8398213295461889,0.09005064012848063,True
random_forest,2000,16,76,0.7902995720399429,326,0.5184924633489462,1.0,True,0.48150753665105384,ok,2.220446049250313e-16,0.384873897980673,1.0,0.615126102019327,True,0.4065,0.7464897212833311,0.8370253184261711,0.09053559714283999,True
random_forest,2000,16,77,0.7902995720399429,326,0.5064655948598655,1.0,True,0.49353440514013447,ok,2.7611250959236333e-12,0.3799240606036523,1.0,0.6200759393963478,True,0.40149999999999997,0.7366693665039354,0.8286143815086902,0.09194501500475472,True
random_forest,2000,16,78,0.7902995720399429,326,0.5457283152671774,1.0,True,0.45427168473282264,ok,3.793300742960248e-12,0.4141245361684789,1.0,0.5858754638315211,True,0.43600000000000005,0.739939119595249,0.8314217824769794,0.09148266288173035,True
random_forest,2000,16,79,0.7902995720399429,326,0.5367353917333134,1.0,True,0.4632646082666866,ok,2.5908910433747323e-12,0.39924143911157206,1.0,0.6007585608884279,True,0.42100000000000004,0.7073984380214227,0.8031887007410954,0.09579026271967273,True
random_forest,2000,16,80,0.7902995720399429,326,0.5173449749797187,1.0,True,0.48265502502028135,ok,3.8232858719233764e-12,0.38338870368229483,1.0,0.6166112963177052,True,0.405,0.7530555192594879,0.8426134161822273,0.08955789692273941,True
random_forest,2000,16,81,0.7902995720399429,326,0.5073989953657244,1.0,True,0.4926010046342756,ok,3.380073998471289e-13,0.39478048742104105,1.0,0.605219512578959,True,0.4165,0.7728494616322074,0.8592795074955559,0.08643004586334857,True
random_forest,2000,16,82,0.7902995720399429,326,0.53879274017819,1.0,True,0.46120725982181,ok,1.3512004015669987e-12,0.40072883266924897,1.0,0.599271167330751,True,0.4225,0.7497706894177083,0.8398213295461889,0.09005064012848063,True
random_forest,2000,16,83,0.7902995720399429,326,0.4922030850015746,1.0,True,0.5077969149984254,ok,2.220446049250313e-16,0.37942920440117006,1.0,0.62057079559883,True,0.401,0.7432125516362889,0.8342254483710094,0.09101289673472057,True
random_forest,2000,16,84,0.7902995720399429,326,0.5228988855569227,1.0,True,0.47710111444307735,ok,3.924519563491824e-12,0.39478048742104105,1.0,0.605219512578959,True,0.4165,0.7596370293762753,0.8481855407595466,0.08854851138327124,True
random_forest,2000,16,85,0.7902995720399429,326,0.5653162056663317,1.0,True,0.4346837943336683,ok,4.924310091636297e-12,0.41313169862208154,1.0,0.5868683013779185,True,0.43500000000000005,0.7596370293762753,0.8481855407595466,0.08854851138327124,True
random_forest,2000,16,86,0.7902995720399429,326,0.5445863841461216,1.0,True,0.4554136158538784,ok,4.456174144962244e-12,0.40122467594328937,1.0,0.5987753240567106,True,0.42300000000000004,0.7203738751957129,0.8145233277790511,0.09414945258333818,True
random_forest,2000,16,87,0.7902995720399429,326,0.5125974077481149,1.0,True,0.4874025922518851,ok,2.0133014179413156e-12,0.36805395750305847,1.0,0.6319460424969415,True,0.38949999999999996,0.7695399865290706,0.8565124991343146,0.08697251260524397,True
random_forest,2000,16,88,0.7902995720399429,326,0.5671897108457016,1.0,True,0.4328102891542984,ok,3.3853636040304114e-12,0.4195867451972205,1.0,0.5804132548027795,True,0.4415,0.7138795992856154,0.8088626563960342,0.09498305711041877,True
random_forest,2000,16,89,0.7902995720399429,326,0.5099652847755297,1.0,True,0.4900347152244703,ok,1.888822431794779e-12,0.37646055583704846,1.0,0.6235394441629516,True,0.398,0.7464897212833311,0.8370253184261711,0.09053559714283999,True
random_forest,2000,16,90,0.7902995720399429,326,0.5434889901476226,1.0,True,0.45651100985237736,ok,5.271351931346313e-13,0.3937894157576371,1.0,0.6062105842423628,True,0.4155,0.7629338489209019,0.8509654341307469,0.088031585209845,True
random_forest,2000,16,91,0.7902995720399429,326,0.5451509943915355,1.0,True,0.45484900560846453,ok,3.805906544779303e-12,0.39032138575876735,1.0,0.6096786142412327,True,0.41200000000000003,0.7366693665039354,0.8286143815086902,0.09194501500475472,True
random_forest,2000,16,92,0.7902995720399429,326,0.498469196974718,1.0,True,0.5015308030252821,ok,1.3877787807814457e-17,0.3888354311729057,1.0,0.6111645688270944,True,0.4105,0.7432125516362889,0.8342254483710094,0.09101289673472057,True
random_forest,2000,16,93,0.7902995720399429,326,0.5484462476406167,1.0,True,0.45155375235938333,ok,3.654959147836312e-12,0.3888354311729057,1.0,0.6111645688270944,True,0.4105,0.7138795992856154,0.8088626563960342,0.09498305711041877,True
random_forest,2000,16,94,0.7902995720399429,326,0.5610429171117477,1.0,True,0.4389570828882523,ok,4.419208055050916e-16,0.38834015893420903,1.0,0.611659841065791,True,0.41000000000000003,0.7497706894177083,0.8398213295461889,0.09005064012848063,True
random_forest,2000,16,95,0.7902995720399429,326,0.5459139646536052,1.0,True,0.4540860353463948,ok,4.293058530197014e-12,0.4136281061715389,1.0,0.5863718938284611,True,0.4355,0.7334032358246148,0.8258033040122629,0.09240006818764812,True
random_forest,2000,16,96,0.7902995720399429,326,0.5286757334991212,1.0,True,0.4713242665008788,ok,4.0562705104496555e-12,0.3888354311729057,1.0,0.6111645688270944,True,0.4105,0.7236260426041609,0.8173485667195722,0.09372252411541138,True
random_forest,2000,16,97,0.7902995720399429,326,0.5746983136861493,1.0,True,0.4253016863138507,ok,2.035024492669235e-12,0.41263531352900734,1.0,0.5873646864709927,True,0.4345,0.739939119595249,0.8314217824769794,0.09148266288173035,True
random_forest,2000,16,98,0.7902995720399429,326,0.5202424202413137,1.0,True,0.47975757975868627,ok,5.970098547469771e-12,0.39131213691445305,1.0,0.608687863085547,True,0.41300000000000003,0.7106374008678751,0.8060273168513672,0.09538991598349211,True
random_forest,2000,16,99,0.7902995720399429,326,0.5499616483635267,1.0,True,0.4500383516364733,ok,9.43689570931383e-16,0.4106499979011574,1.0,0.5893500020988426,True,0.4325,0.7464897212833311,0.8370253184261711,0.09053559714283999,True
random_forest,2000,64,0,0.7902995720399429,1306,0.7255924901876727,0.8287491161434647,True,0.103156625955792,ok,7.565642556883745e-12,0.6814191328492308,1.0,0.31858086715076916,True,0.702,0.7488725323866305,0.795069998957926,0.04619746657129542,True
random_forest,2000,64,1,0.7902995720399429,1306,0.7675066804072123,0.8714683833964889,True,0.10396170298927665,ok,4.538758258121334e-12,0.7069021477341453,1.0,0.2930978522658547,True,0.727,0.77900802565149,0.822994290096134,0.04398626444464404,True
random_forest,2000,64,2,0.7902995720399429,1306,0.7365926653467423,0.8401484251647583,True,0.10355575981801601,ok,7.2267192230413e-13,0.6926225336400325,1.0,0.30737746635996754,True,0.7130000000000001,0.7528283690787617,0.7987536428949271,0.0459252738161654,True
random_forest,2000,64,3,0.7902995720399429,1306,0.7329734994340337,0.83587546295619,True,0.1029019635221563,ok,1.5365486660812167e-13,0.688037624010502,1.0,0.31196237598949805,True,0.7085,0.7758278547457287,0.8200629365627017,0.044235081816973,True
random_forest,2000,64,4,0.7902995720399429,1306,0.7264014088226817,0.8316075204139145,True,0.10520611159123283,ok,1.5929757513077902e-12,0.6814191328492308,1.0,0.31858086715076916,True,0.702,0.7678859428930109,0.8127260021261584,0.04484005923314749,True
random_forest,2000,64,5,0.7902995720399429,1306,0.7432102337018079,0.8464476092207567,True,0.10323737551894874,ok,7.603084828389228e-13,0.69822956336832,1.0,0.30177043663168,True,0.7185,0.7782127970885773,0.8222616383350829,0.044048841246505654,True
random_forest,2000,64,6,0.7902995720399429,1306,0.7118014284132512,0.8148943044419579,True,0.10309287602870665,ok,1.1164819069264809e-12,0.6783660784832819,1.0,0.3216339215167181,True,0.6990000000000001,0.7599558037898122,0.8053772483016879,0.045421444511875686,True
random_forest,2000,64,7,0.7902995720399429,1306,0.7311224221836897,0.8339530252822274,True,0.10283060309853764,ok,3.2219782397646668e-12,0.6875283357992732,1.0,0.3124716642007268,True,0.708,0.7758278547457287,0.8200629365627017,0.044235081816973,True
random_forest,2000,64,8,0.7902995720399429,1306,0.7756394512833534,0.879149923333223,True,0.10351047204986952,ok,4.4704795421068866e-12,0.717627703273753,1.0,0.282372296726247,True,0.7375,0.771855397244736,0.81639597702477,0.044540579780034006,True
random_forest,2000,64,9,0.7902995720399429,1306,0.7369926372461911,0.8419126303872374,True,0.10491999314104627,ok,5.131201019636933e-12,0.6946610369294564,1.0,0.30533896307054365,True,0.7150000000000001,0.7496634832236817,0.7958069450108127,0.046143461787131024,True
random_forest,2000,64,10,0.7902995720399429,1306,0.7313625469188764,0.8354478374986697,True,0.10408529057979332,ok,1.454322773319916e-13,0.6814191328492308,1.0,0.31858086715076916,True,0.702,0.781394462232628,0.8251914912713597,0.04379702903873173,True
random_forest,2000,64,11,0.7902995720399429,1306,0.7478134019397573,0.8507714172901878,True,0.10295801535043048,ok,1.94750049420378e-11,0.7069021477341453,1.0,0.2930978522658547,True,0.727,0.7750331199846163,0.8193297889210364,0.044296668936420036,True
random_forest,2000,64,12,0.7902995720399429,1306,0.734048002457459,0.8372833397027476,True,0.10323533724528855,ok,6.454170531355885e-12,0.6860006454466365,1.0,0.3139993545533635,True,0.7065,0.7623336371367639,0.807583087476962,0.045249450340198005,True
random_forest,2000,64,13,0.7902995720399429,1306,0.7456869423162911,0.8502124174064317,True,0.10452547509014065,ok,6.638384286716814e-12,0.69822956336832,1.0,0.30177043663168,True,0.7185,0.7472909527702163,0.7935957836714369,0.04630483090122062,True
random_forest,2000,64,14,0.7902995720399429,1306,0.7350430378666026,0.8381832069433768,True,0.10314016907677415,ok,4.8405723873656825e-14,0.6875283357992732,1.0,0.3124716642007268,True,0.708,0.7599558037898122,0.8053772483016879,0.045421444511875686,True
random_forest,2000,64,15,0.7902995720399429,1306,0.7335155659586886,0.8349722973208115,True,0.10145673136212285,ok,1.1425999035807877e-12,0.6783660784832819,1.0,0.3216339215167181,True,0.6990000000000001,0.77900802565149,0.822994290096134,0.04398626444464404,True
random_forest,2000,64,16,0.7902995720399429,1306,0.722180977982482,0.8249313412665319,True,0.10275036328404985,ok,1.7177231859122344e-12,0.6783660784832819,1.0,0.3216339215167181,True,0.6990000000000001,0.7591634195850289,0.8046417408104108,0.04547832122538198,True
random_forest,2000,64,17,0.7902995720399429,1306,0.7483515008169442,0.8527952468540094,True,0.10444374603706519,ok,6.1753657742968926e-12,0.7023096830070178,1.0,0.2976903169929822,True,0.7224999999999999,0.7694733682015658,0.8141943499464693,0.044720981744903576,True
random_forest,2000,64,18,0.7902995720399429,1306,0.7416004770156253,0.8444883590033195,True,0.10288788198769427,ok,5.35682609381638e-15,0.695680466650081,1.0,0.304319533349919,True,0.716,0.7742385073650565,0.818596518630513,0.044358011265456465,True
random_forest,2000,64,19,0.7902995720399429,1306,0.7455870135919891,0.847599871661215,True,0.10201285806922589,ok,2.4401036746724003e-12,0.69822956336832,1.0,0.30177043663168,True,0.7185,0.771855397244736,0.81639597702477,0.044540579780034006,True
random_forest,2000,64,20,0.7902995720399429,1306,0.7344495960198091,0.8374236449462391,True,0.10297404892643003,ok,1.5533269115408643e-11,0.6849823300117681,1.0,0.3150176699882319,True,0.7055,0.7583711481154162,0.8039061201627123,0.045534972047296174,True
random_forest,2000,64,21,0.7902995720399429,1306,0.7224526730746434,0.8243868480041968,True,0.10193417492955337,ok,1.2101430968414206e-12,0.6829460451192502,1.0,0.31705395488074983,True,0.7035,0.7615409121295831,0.8068479220749514,0.04530700994536829,True
random_forest,2000,64,22,0.7902995720399429,1306,0.7331838602081282,0.8362641940200568,True,0.1030803338119286,ok,1.381249281617869e-11,0.6926225336400325,1.0,0.30737746635996754,True,0.7130000000000001,0.7472909527702163,0.7935957836714369,0.04630483090122062,True
random_forest,2000,64,23,0.7902995720399429,1306,0.7318979112806169,0.8341644957018407,True,0.10226658442122383,ok,1.4276829718440354e-11,0.683455073201355,1.0,0.316544926798645,True,0.704,0.7742385073650565,0.818596518630513,0.044358011265456465,True
random_forest,2000,64,24,0.7902995720399429,1306,0.7470906445956931,0.8508817334977697,True,0.10379108890207667,ok,2.2239987629291136e-12,0.6946610369294564,1.0,0.30533896307054365,True,0.7150000000000001,0.7750331199846163,0.8193297889210364,0.044296668936420036,True
random_forest,2000,64,25,0.7902995720399429,1306,0.7285529209941243,0.8326544924729115,True,0.10410157147878718,ok,5.2506610170866e-12,0.6885469413415275,1.0,0.3114530586584725,True,0.7090000000000001,0.7623336371367639,0.807583087476962,0.045249450340198005,True
random_forest,2000,64,26,0.7902995720399429,1306,0.7481941921020536,0.8513401325425474,True,0.10314594044049374,ok,3.958763872269344e-12,0.7099651793498707,1.0,0.2900348206501293,True,0.73,0.781394462232628,0.8251914912713597,0.04379702903873173,True
random_forest,2000,64,27,0.7902995720399429,1306,0.7246621293194763,0.8289187592579246,True,0.10425662993844831,ok,1.0060646760123859e-11,0.683455073201355,1.0,0.316544926798645,True,0.704,0.77900802565149,0.822994290096134,0.04398626444464404,True
random_forest,2000,64,28,0.7902995720399429,1306,0.7441292343588719,0.8487880305742606,True,0.10465879621538865,ok,1.47498402380819e-11,0.7002693812595464,1.0,0.2997306187404536,True,0.7204999999999999,0.7782127970885773,0.8222616383350829,0.044048841246505654,True
random_forest,2000,64,29,0.7902995720399429,1306,0.7442898259031259,0.8433013793568161,True,0.09901155345369028,ok,1.8865645157184474e-11,0.6921129817447176,1.0,0.3078870182552824,True,0.7125,0.7575789889546548,0.8031703867886888,0.045591397834033986,True
random_forest,2000,64,30,0.7902995720399429,1306,0.7320099272896984,0.834901492512045,True,0.10289156522234666,ok,4.176631263064223e-12,0.6854914732779352,1.0,0.31450852672206475,True,0.706,0.7647125008249726,0.8097878923793362,0.045075391554363686,True
random_forest,2000,64,31,0.7902995720399429,1306,0.7219298748665497,0.8256815739042425,True,0.10375169903769277,ok,8.38676350589651e-12,0.6727714541198857,1.0,0.3272285458801143,True,0.6935,0.7837820367531142,0.8273875495720424,0.043605512818928216,True
random_forest,2000,64,32,0.7902995720399429,1306,0.729779345579614,0.8312354816985427,True,0.10145613611892867,ok,7.215061881282736e-13,0.6829460451192502,1.0,0.31705395488074983,True,0.7035,0.768679596463798,0.8134602353549585,0.04478063889116046,True
random_forest,2000,64,33,0.7902995720399429,1306,0.7351853664007812,0.837729541845608,True,0.10254417544482675,ok,1.1637080188364735e-11,0.688037624010502,1.0,0.31196237598949805,True,0.7085,0.7480816890287687,0.794332945050424,0.04625125602165525,True
random_forest,2000,64,34,0.7902995720399429,1306,0.7385703605087711,0.8414352660059571,True,0.10286490549718597,ok,8.08077216252201e-12,0.7002693812595464,1.0,0.2997306187404536,True,0.7204999999999999,0.7742385073650565,0.818596518630513,0.044358011265456465,True
random_forest,2000,64,35,0.7902995720399429,1306,0.7443143556406911,0.8486899619407706,True,0.10437560630007947,ok,6.725953127784123e-12,0.6931321150599503,1.0,0.3068678849400497,True,0.7135,0.7631264766235972,0.808318137962503,0.04519166133890573,True
random_forest,2000,64,36,0.7902995720399429,1306,0.7444987077024985,0.8487464050379402,True,0.1042476973354417,ok,3.225406053353197e-13,0.6885469413415275,1.0,0.3114530586584725,True,0.7090000000000001,0.7639194310362425,0.8090530730814048,0.04513364204516235,True
random_forest,2000,64,37,0.7902995720399429,1306,0.7282699220654721,0.8321383627225053,True,0.10386844065703316,ok,5.6144811022562635e-12,0.6809102192793994,1.0,0.31908978072060057,True,0.7015,0.7623336371367639,0.807583087476962,0.045249450340198005,True
random_forest,2000,64,38,0.7902995720399429,1306,0.7550505860815869,0.8579127948015064,True,0.10286220871991947,ok,1.0164924457711777e-12,0.7069021477341453,1.0,0.2930978522658547,True,0.727,0.768679596463798,0.8134602353549585,0.04478063889116046,True
random_forest,2000,64,39,0.7902995720399429,1306,0.7303891702483987,0.8324033744156005,True,0.10201420416720186,ok,9.579698145856241e-13,0.6916034593281343,1.0,0.3083965406718657,True,0.712,0.7512457088715649,0.7972805120033443,0.04603480313177932,True
random_forest,2000,64,40,0.7902995720399429,1306,0.7336625116579086,0.8356821151448073,True,0.10201960348689865,ok,1.3808398868775384e-13,0.6900750684954422,1.0,0.3099249315045578,True,0.7105,0.7583711481154162,0.8039061201627123,0.045534972047296174,True
random_forest,2000,64,41,0.7902995720399429,1306,0.741815033049652,0.8462260942694607,True,0.1044110612198087,ok,2.5189295094207864e-12,0.6910939663446369,1.0,0.30890603365536307,True,0.7115,0.7552031811194313,0.8009625145518233,0.045759333432392024,True
random_forest,2000,64,42,0.7902995720399429,1306,0.7574723229981944,0.861276439927365,True,0.10380411692917058,ok,4.642224105122494e-13,0.7017995620345594,1.0,0.2982004379654406,True,0.722,0.7552031811194313,0.8009625145518233,0.045759333432392024,True
random_forest,2000,64,43,0.7902995720399429,1306,0.7288886688218971,0.8329886985264722,True,0.1041000297045751,ok,1.1492556906134155e-11,0.6941513666582195,1.0,0.3058486333417805,True,0.7145,0.7837820367531142,0.8273875495720424,0.043605512818928216,True
random_forest,2000,64,44,0.7902995720399429,1306,0.7597059488385945,0.8625243033587748,True,0.10281835452018029,ok,3.0190849820144194e-12,0.710986439139893,1.0,0.289013560860107,True,0.731,0.7670924070131651,0.8119916507404774,0.044899243727312355,True
random_forest,2000,64,45,0.7902995720399429,1306,0.7331940785770203,0.8364392510936255,True,0.10324517251660514,ok,1.4459239361386267e-11,0.683455073201355,1.0,0.316544926798645,True,0.704,0.7670924070131651,0.8119916507404774,0.044899243727312355,True
random_forest,2000,64,46,0.7902995720399429,1306,0.76870914303257,0.8724811756198617,True,0.10377203258729173,ok,6.19862494666279e-12,0.7125185639996409,1.0,0.28748143600035914,True,0.7324999999999999,0.756786941680253,0.8024345411145646,0.045647599434311625,True
random_forest,2000,64,47,0.7902995720399429,1306,0.7339564447212168,0.8368319164796341,True,0.10287547175841727,ok,8.487238689625087e-13,0.69975938154893,1.0,0.30024061845107,True,0.72,0.7591634195850289,0.8046417408104108,0.04547832122538198,True
random_forest,2000,64,48,0.7902995720399429,1306,0.7369192309344473,0.8391254313645257,True,0.10220620043007833,ok,2.125910558703481e-12,0.6921129817447176,1.0,0.3078870182552824,True,0.7125,0.7647125008249726,0.8097878923793362,0.045075391554363686,True
random_forest,2000,64,49,0.7902995720399429,1306,0.7397395315891585,0.8421363424149645,True,0.10239681082580598,ok,3.985006769013921e-14,0.69975938154893,1.0,0.30024061845107,True,0.72,0.7631264766235972,0.808318137962503,0.04519166133890573,True
random_forest,2000,64,50,0.7902995720399429,1306,0.7405910064107369,0.8430827137955311,True,0.10249170738479418,ok,2.3653579095395116e-12,0.6905845027488051,1.0,0.3094154972511949,True,0.7110000000000001,0.7853743928199332,0.8288509459043539,0.04347655308442078,True
random_forest,2000,64,51,0.7902995720399429,1306,0.7517317605667104,0.8552236557094643,True,0.10349189514275392,ok,3.71044861502412e-12,0.7043504718137632,1.0,0.2956495281862368,True,0.7244999999999999,0.7774176927716372,0.8215288618007878,0.044111169029150576,True
random_forest,2000,64,52,0.7902995720399429,1306,0.7575657943504189,0.8602530454532603,True,0.10268725110284138,ok,6.362410598370616e-12,0.7104757936032915,1.0,0.2895242063967085,True,0.7304999999999999,0.7575789889546548,0.8031703867886888,0.045591397834033986,True
random_forest,2000,64,53,0.7902995720399429,1306,0.7204550286823271,0.8241492160206221,True,0.10369418733829494,ok,9.873331319187884e-12,0.6783660784832819,1.0,0.3216339215167181,True,0.6990000000000001,0.781394462232628,0.8251914912713597,0.04379702903873173,True
random_forest,2000,64,54,0.7902995720399429,1306,0.7345055113635389,0.8383310425646137,True,0.10382553120107474,ok,1.0005607453678067e-12,0.6895656635395738,1.0,0.3104343364604262,True,0.71,0.768679596463798,0.8134602353549585,0.04478063889116046,True
random_forest,2000,64,55,0.7902995720399429,1306,0.7542109655296532,0.8582681582282472,True,0.10405719269859404,ok,4.0404901646695635e-12,0.7104757936032915,1.0,0.2895242063967085,True,0.7304999999999999,0.7457098000479485,0.7921211400149164,0.04641133996696789,True
random_forest,2000,64,56,0.7902995720399429,1306,0.7459956981029061,0.8480570720217395,True,0.10206137391883341,ok,9.260786582032665e-13,0.6946610369294564,1.0,0.30533896307054365,True,0.7150000000000001,0.7623336371367639,0.807583087476962,0.045249450340198005,True
random_forest,2000,64,57,0.7902995720399429,1306,0.7534838490473729,0.8565597989102156,True,0.10307594986284274,ok,4.654415741711659e-12,0.7007794112108685,1.0,0.2992205887891315,True,0.721,0.7805988576765357,0.8244592171165104,0.04386035943997468,True
random_forest,2000,64,58,0.7902995720399429,1306,0.7212601082251738,0.8248911126098507,True,0.10363100438467687,ok,2.4506507934063393e-12,0.6824370457276809,1.0,0.31756295427231906,True,0.7030000000000001,0.77900802565149,0.822994290096134,0.04398626444464404,True
random_forest,2000,64,59,0.7902995720399429,1306,0.7394408457754201,0.8430593770035228,True,0.10361853122810272,ok,1.2800316362415742e-12,0.6931321150599503,1.0,0.3068678849400497,True,0.7135,0.7528283690787617,0.7987536428949271,0.0459252738161654,True
random_forest,2000,64,60,0.7902995720399429,1306,0.7433325837079485,0.8467841713525264,True,0.10345158764457785,ok,6.017436549043964e-12,0.696700015589556,1.0,0.30329998441044403,True,0.7170000000000001,0.7742385073650565,0.818596518630513,0.044358011265456465,True
random_forest,2000,64,61,0.7902995720399429,1306,0.7414963838852444,0.8453935882980221,True,0.10389720441277772,ok,1.3592016401275941e-11,0.6941513666582195,1.0,0.3058486333417805,True,0.7145,0.7734440163735106,0.8178631262095026,0.044419109835992066,True
random_forest,2000,64,62,0.7902995720399429,1306,0.7183466174455264,0.821993878620465,True,0.10364726117493861,ok,1.1523559884096812e-12,0.6697212666466539,1.0,0.3302787333533461,True,0.6905,0.7774176927716372,0.8215288618007878,0.044111169029150576,True
random_forest,2000,64,63,0.7902995720399429,1306,0.7374946807512245,0.8412514801361466,True,0.1037567993849221,ok,8.781253502121444e-12,0.6890562878364467,1.0,0.3109437121635533,True,0.7095,0.771855397244736,0.81639597702477,0.044540579780034006,True
random_forest,2000,64,64,0.7902995720399429,1306,0.7543736130518189,0.8572664808414872,True,0.10289286778966822,ok,1.0148354379069247e-11,0.710986439139893,1.0,0.289013560860107,True,0.731,0.7631264766235972,0.808318137962503,0.04519166133890573,True
random_forest,2000,64,65,0.7902995720399429,1306,0.7379289179324466,0.8402811514069657,True,0.10235223347451905,ok,6.613015690604129e-12,0.6885469413415275,1.0,0.3114530586584725,True,0.7090000000000001,0.7409688737612816,0.7876946685599437,0.046725794798662124,False
random_forest,2000,64,66,0.7902995720399429,1306,0.7474080938499797,0.8512643825506238,True,0.103856288700644,ok,1.697253448895708e-13,0.7002693812595464,1.0,0.2997306187404536,True,0.7204999999999999,0.7710612681046736,0.8156622212732434,0.044600953168569824,True
random_forest,2000,64,67,0.7902995720399429,1306,0.7378041610490325,0.8415216431603196,True,0.10371748211128717,ok,5.78213865676247e-12,0.6951707369110696,1.0,0.30482926308893044,True,0.7155,0.7599558037898122,0.8053772483016879,0.045421444511875686,True
random_forest,2000,64,68,0.7902995720399429,1306,0.7263567079242177,0.8293331754878064,True,0.10297646756358869,ok,3.66136287954788e-12,0.6839641300159808,1.0,0.3160358699840192,True,0.7045,0.7591634195850289,0.8046417408104108,0.04547832122538198,True
random_forest,2000,64,69,0.7902995720399429,1306,0.7394809467538389,0.8424660201860975,True,0.1029850734322586,ok,5.766997990264144e-12,0.6885469413415275,1.0,0.3114530586584725,True,0.7090000000000001,0.7710612681046736,0.8156622212732434,0.044600953168569824,True
random_forest,2000,64,70,0.7902995720399429,1306,0.7356147513157907,0.839310744371831,True,0.10369599305604027,ok,1.043007347156788e-11,0.6910939663446369,1.0,0.30890603365536307,True,0.7115,0.7504545419231334,0.7965437828225869,0.04608924089945343,True
random_forest,2000,64,71,0.7902995720399429,1306,0.7331128319111908,0.8353181692727963,True,0.10220533736160553,ok,1.4561296612924934e-11,0.6910939663446369,1.0,0.30890603365536307,True,0.7115,0.756786941680253,0.8024345411145646,0.045647599434311625,True
random_forest,2000,64,72,0.7902995720399429,1306,0.7524591898581292,0.8560087798629902,True,0.10354959000486097,ok,4.239775197589779e-12,0.7094545963249641,1.0,0.2905454036750359,True,0.7295,0.7909517431851886,0.833968710473914,0.043016967288725394,False
random_forest,2000,64,73,0.7902995720399429,1306,0.7533484716849904,0.8559471668997133,True,0.10259869521472287,ok,1.5355772209346696e-13,0.7058813850148707,1.0,0.29411861498512926,True,0.726,0.7441290712459898,0.7906460709874823,0.04651699974149248,True
random_forest,2000,64,74,0.7902995720399429,1306,0.7556572788622365,0.8590743305041187,True,0.1034170516418822,ok,5.691502824589634e-12,0.7114971160146206,1.0,0.2885028839853794,True,0.7315,0.7655056864442241,0.810522595397752,0.045016908953527834,True
random_forest,2000,64,75,0.7902995720399429,1306,0.7165944642141396,0.8199847282673368,True,0.10339026405319718,ok,3.6244895973425173e-12,0.6748054697861927,1.0,0.3251945302138073,True,0.6955,0.7726496465013385,0.8171296121714166,0.04447996567007806,True
random_forest,2000,64,76,0.7902995720399429,1306,0.7337108347749314,0.8360883728703673,True,0.10237753809543593,ok,2.9765079290200447e-12,0.6870190766639606,1.0,0.31298092333603944,True,0.7075,0.7631264766235972,0.808318137962503,0.04519166133890573,True
random_forest,2000,64,77,0.7902995720399429,1306,0.7628929413416795,0.865631922943239,True,0.10273898160155948,ok,1.2370660051885807e-12,0.7186499142124435,1.0,0.2813500857875565,True,0.7384999999999999,0.7702672585868368,0.8149283454157449,0.044661086828908125,True
random_forest,2000,64,78,0.7902995720399429,1306,0.7454736583731777,0.8504171042276687,True,0.104943445854491,ok,1.081384981560518e-12,0.69975938154893,1.0,0.30024061845107,True,0.72,0.7782127970885773,0.8222616383350829,0.044048841246505654,True
random_forest,2000,64,79,0.7902995720399429,1306,0.7325161662941614,0.8361484074340737,True,0.10363224113991232,ok,2.6606494785141876e-12,0.6905845027488051,1.0,0.3094154972511949,True,0.7110000000000001,0.7512457088715649,0.7972805120033443,0.04603480313177932,True
random_forest,2000,64,80,0.7902995720399429,1306,0.7486336776624538,0.8502542160512431,True,0.10162053838878926,ok,4.027202182843581e-12,0.7069021477341453,1.0,0.2930978522658547,True,0.727,0.7552031811194313,0.8009625145518233,0.045759333432392024,True
random_forest,2000,64,81,0.7902995720399429,1306,0.71528918975009,0.8165817040586075,True,0.10129251430851749,ok,3.939557013943329e-12,0.6687047592280642,1.0,0.33129524077193584,True,0.6895,0.7821901932227528,0.8259236384438694,0.04373344522111655,True
random_forest,2000,64,82,0.7902995720399429,1306,0.766731032117887,0.869821057634729,True,0.10309002551684199,ok,1.1154480117347987e-12,0.7094545963249641,1.0,0.2905454036750359,True,0.7295,0.7457098000479485,0.7921211400149164,0.04641133996696789,True
random_forest,2000,64,83,0.7902995720399429,1306,0.7409283784795024,0.8447533923657816,True,0.10382501388627918,ok,2.347289029813737e-13,0.6941513666582195,1.0,0.3058486333417805,True,0.7145,0.756786941680253,0.8024345411145646,0.045647599434311625,True
random_forest,2000,64,84,0.7902995720399429,1306,0.7341825140774754,0.8364107851923935,True,0.10222827111491817,ok,2.532279941291904e-13,0.6890562878364467,1.0,0.3109437121635533,True,0.7095,0.7909517431851886,0.833968710473914,0.043016967288725394,False
random_forest,2000,64,85,0.7902995720399429,1306,0.7201614552934834,0.8248181122764046,True,0.10465665698292115,ok,1.055891485357563e-12,0.6819280749848666,1.0,0.31807192501513337,True,0.7025,0.7742385073650565,0.818596518630513,0.044358011265456465,True
random_forest,2000,64,86,0.7902995720399429,1306,0.7437824597201714,0.8476384537514242,True,0.10385599403125279,ok,2.5673907444456745e-15,0.6946610369294564,1.0,0.30533896307054365,True,0.7150000000000001,0.7504545419231334,0.7965437828225869,0.04608924089945343,True
random_forest,2000,64,87,0.7902995720399429,1306,0.725344078011491,0.8290945249981272,True,0.10375044698663616,ok,8.376410676191881e-12,0.6844732156053189,1.0,0.31552678439468107,True,0.7050000000000001,0.7909517431851886,0.833968710473914,0.043016967288725394,False
random_forest,2000,64,88,0.7902995720399429,1306,0.7453938237951326,0.849249450415018,True,0.10385562661988534,ok,7.9983519807314e-12,0.6977196841287577,1.0,0.30228031587124227,True,0.718,0.7662989883526488,0.8112571816738419,0.04495819332119311,True
random_forest,2000,64,89,0.7902995720399429,1306,0.730287786516756,0.8344434746995156,True,0.10415568818275966,ok,7.440208282577091e-12,0.6910939663446369,1.0,0.30890603365536307,True,0.7115,0.7678859428930109,0.8127260021261584,0.04484005923314749,True
random_forest,2000,64,90,0.7902995720399429,1306,0.7369541264206247,0.8403806210999943,True,0.1034264946793696,ok,2.6584290324649373e-13,0.6890562878364467,1.0,0.3109437121635533,True,0.7095,0.7734440163735106,0.8178631262095026,0.044419109835992066,True
random_forest,2000,64,91,0.7902995720399429,1306,0.7287938806664201,0.8324081512690329,True,0.10361427060261275,ok,1.6839418748304524e-11,0.6916034593281343,1.0,0.3083965406718657,True,0.712,0.7607483011599593,0.8061126422025284,0.045364341042569145,True
random_forest,2000,64,92,0.7902995720399429,1306,0.743490344508392,0.8476784356853242,True,0.10418809117693217,ok,1.1054282489375566e-12,0.6961902261937463,1.0,0.30380977380625374,True,0.7165,0.7702672585868368,0.8149283454157449,0.044661086828908125,True
random_forest,2000,64,93,0.7902995720399429,1306,0.7147948491594821,0.8161573462671565,True,0.10136249710767442,ok,9.65359042703895e-12,0.6844732156053189,1.0,0.31552678439468107,True,0.7050000000000001,0.7750331199846163,0.8193297889210364,0.044296668936420036,True
random_forest,2000,64,94,0.7902995720399429,1306,0.7368590505039867,0.8402216918495063,True,0.10336264134551965,ok,1.1657341758564144e-14,0.6829460451192502,1.0,0.31705395488074983,True,0.7035,0.7631264766235972,0.808318137962503,0.04519166133890573,True
random_forest,2000,64,95,0.7902995720399429,1306,0.7307735638785982,0.8355476835968191,True,0.10477411971822093,ok,1.092193002705244e-11,0.6824370457276809,1.0,0.31756295427231906,True,0.7030000000000001,0.756786941680253,0.8024345411145646,0.045647599434311625,True
random_forest,2000,64,96,0.7902995720399429,1306,0.7543658738276491,0.8580177529368607,True,0.10365187910921159,ok,5.534996072587006e-12,0.7017995620345594,1.0,0.2982004379654406,True,0.722,0.7670924070131651,0.8119916507404774,0.044899243727312355,True
random_forest,2000,64,97,0.7902995720399429,1306,0.7449474875642553,0.8494510613478036,True,0.10450357378354824,ok,5.357381205328693e-12,0.6916034593281343,1.0,0.3083965406718657,True,0.712,0.7544114670067653,0.8002263344967018,0.04581486748993646,True
random_forest,2000,64,98,0.7902995720399429,1306,0.7494332724920464,0.8530726671003306,True,0.1036393946082842,ok,7.473383023537394e-12,0.7028198344203638,1.0,0.2971801655796362,True,0.723,0.771855397244736,0.81639597702477,0.044540579780034006,True
random_forest,2000,64,99,0.7902995720399429,1306,0.7140599260775855,0.8176905841562883,True,0.10363065807870275,ok,3.273284421290157e-12,0.671246235375861,1.0,0.32875376462413897,True,0.692,0.7639194310362425,0.8090530730814048,0.04513364204516235,True
random_forest,2000,98,0,0.7902995720399429,2000,0.7668484734065462,0.8033106873882284,True,0.03646221398168226,full_suite,0.0,0.7668484734065462,0.8033106873882284,0.03646221398168226,True,0.7855,0.7817853421287096,0.8173307020815517,0.035545359952842026,True
random_forest,2000,98,1,0.7902995720399429,2000,0.7766307854993183,0.8125001368395336,True,0.035869351340215294,full_suite,0.0,0.7766307854993183,0.8125001368395336,0.035869351340215294,True,0.795,0.7668484734065462,0.8033106873882284,0.03646221398168226,True
random_forest,2000,98,2,0.7902995720399429,2000,0.7730250722661842,0.8091162581278849,True,0.03609118586170068,full_suite,0.0,0.7730250722661842,0.809116258127885,0.03609118586170079,True,0.7915,0.7642765789362526,0.8008900069369307,0.03661342800067813,True
random_forest,2000,98,3,0.7902995720399429,2000,0.7972751163814679,0.8317962194568032,False,0.03452110307533529,full_suite,0.0,0.7972751163814679,0.8317962194568032,0.03452110307533529,False,0.815,0.7812696964257048,0.8168478361160975,0.035578139690392696,True
random_forest,2000,98,4,0.7902995720399429,2000,0.7719952367196227,0.8081490664395747,True,0.03615382971995207,full_suite,0.0,0.7719952367196227,0.8081490664395747,0.03615382971995207,True,0.7905,0.7663340159344693,0.8028266300710689,0.036492614136599655,True
random_forest,2000,98,5,0.7902995720399429,2000,0.7704507870323348,0.8066979744898835,True,0.036247187457548624,full_suite,0.0,0.7704507870323348,0.8066979744898835,0.036247187457548624,True,0.789,0.7575941860711372,0.7945916939661074,0.03699750789497025,True
random_forest,2000,98,6,0.7902995720399429,2000,0.772510134179846,0.8086326826495237,True,0.03612254846967766,full_suite,0.0,0.772510134179846,0.8086326826495237,0.03612254846967766,True,0.791,0.7719952367196227,0.8081490664395747,0.03615382971995207,True
random_forest,2000,98,7,0.7902995720399429,2000,0.7859120538030689,0.8211920794452026,True,0.03528002564213362,full_suite,0.0,0.7859120538030689,0.8211920794452026,0.03528002564213362,True,0.804,0.7673629703663488,0.8037947051189552,0.036431734752606415,True
random_forest,2000,98,8,0.7902995720399429,2000,0.7637623174175752,0.8004057531815412,True,0.036643435763966004,full_suite,0.0,0.7637623174175752,0.8004057531815412,0.036643435763966004,True,0.7825,0.7560530094436745,0.7931373209192291,0.03708431147555458,True
random_forest,2000,98,9,0.7902995720399429,2000,0.773540051085945,0.8095997927667055,True,0.036059741680760427,full_suite,0.0,0.773540051085945,0.8095997927667054,0.036059741680760315,True,0.792,0.7683920831513377,0.8047626214165371,0.036370538265199426,True
random_forest,2000,98,10,0.7902995720399429,2000,0.7864280878600992,0.8216745559676326,True,0.0352464681075334,full_suite,0.0,0.7864280878600992,0.8216745559676326,0.0352464681075334,True,0.8045,0.7683920831513377,0.8047626214165371,0.036370538265199426,True
random_forest,2000,98,11,0.7902995720399429,2000,0.7802385325324424,0.8158819763215825,True,0.035643443789140195,full_suite,0.0,0.7802385325324424,0.8158819763215825,0.035643443789140195,True,0.7985,0.7833325356969099,0.8187790428080745,0.035446507111164594,True
random_forest,2000,98,12,0.7902995720399429,2000,0.7606775618066639,0.7974994151670869,True,0.036821853360422985,full_suite,0.0,0.7606775618066639,0.7974994151670869,0.036821853360422985,True,0.7795,0.7745701313582654,0.810566739090586,0.03599660773232061,True
random_forest,2000,98,13,0.7902995720399429,2000,0.7719952367196227,0.8081490664395747,True,0.03615382971995207,full_suite,0.0,0.7719952367196227,0.8081490664395747,0.03615382971995207,True,0.7905,0.7596496175671431,0.7965303274566444,0.03688070988950132,True
random_forest,2000,98,14,0.7902995720399429,2000,0.7596496175671431,0.7965303274566444,True,0.03688070988950132,full_suite,0.0,0.7596496175671431,0.7965303274566445,0.03688070988950143,True,0.7785,0.7853960633912227,0.8207095591534685,0.03531349576224585,True
random_forest,2000,98,15,0.7902995720399429,2000,0.7622197658632256,0.7989527583443825,True,0.03673299248115691,full_suite,0.0,0.7622197658632256,0.7989527583443825,0.03673299248115691,True,0.781,0.7704507870323348,0.8066979744898835,0.036247187457548624,True
random_forest,2000,98,16,0.7902995720399429,2000,0.7766307854993183,0.8125001368395336,True,0.035869351340215294,full_suite,0.0,0.7766307854993183,0.8125001368395336,0.035869351340215294,True,0.795,0.7792075378696985,0.8149159468336169,0.03570840896391836,True
random_forest,2000,98,17,0.7902995720399429,2000,0.7853960633912227,0.8207095591534685,True,0.03531349576224585,full_suite,0.0,0.7853960633912227,0.8207095591534685,0.03531349576224585,True,0.8035,0.7539986320167771,0.7911976308937694,0.037198998876992295,True
random_forest,2000,98,18,0.7902995720399429,2000,0.7843642130017251,0.8197443877666224,True,0.0353801747648973,full_suite,0.0,0.7843642130017251,0.8197443877666223,0.03538017476489719,True,0.8025,0.7694213550999073,0.805730378148559,0.03630902304865169,True
random_forest,2000,98,19,0.7902995720399429,2000,0.7534851307791728,0.7907126150537476,True,0.037227484274574785,full_suite,0.0,0.7534851307791728,0.7907126150537476,0.037227484274574785,True,0.7725,0.776115559988283,0.8120168495425459,0.03590128955426297,True
random_forest,2000,98,20,0.7902995720399429,2000,0.7658195978503161,0.8023425332678655,True,0.036522935417549474,full_suite,0.0,0.7658195978503161,0.8023425332678655,0.036522935417549474,True,0.7845,0.7776613611441134,0.8134665864777386,0.03580522533362518,True
random_forest,2000,98,21,0.7902995720399429,2000,0.7570804228697326,0.794106940697538,True,0.037026517827805305,full_suite,0.0,0.7570804228697326,0.794106940697538,0.037026517827805305,True,0.776,0.7766307854993183,0.8125001368395336,0.035869351340215294,True
random_forest,2000,98,22,0.7902995720399429,2000,0.7637623174175752,0.8004057531815412,True,0.036643435763966004,full_suite,0.0,0.7637623174175752,0.8004057531815412,0.036643435763966004,True,0.7825,0.7750852330287561,0.8110501505563976,0.03596491752764153,True
random_forest,2000,98,23,0.7902995720399429,2000,0.7632480947966233,0.7999214604331696,True,0.03667336563654633,full_suite,0.0,0.7632480947966233,0.7999214604331695,0.03667336563654622,True,0.782,0.7586218258996523,0.7955610868105689,0.036939260910916594,True
random_forest,2000,98,24,0.7902995720399429,2000,0.7596496175671431,0.7965303274566444,True,0.03688070988950132,full_suite,0.0,0.7596496175671431,0.7965303274566445,0.03688070988950143,True,0.7785,0.7668484734065462,0.8033106873882284,0.03646221398168226,True
random_forest,2000,98,25,0.7902995720399429,2000,0.7637623174175752,0.8004057531815412,True,0.036643435763966004,full_suite,0.0,0.7637623174175752,0.8004057531815412,0.036643435763966004,True,0.7825,0.7539986320167771,0.7911976308937694,0.037198998876992295,True
random_forest,2000,98,26,0.7902995720399429,2000,0.7828167616438876,0.8182963055487172,True,0.03547954390482966,full_suite,0.0,0.7828167616438876,0.8182963055487172,0.03547954390482966,True,0.8009999999999999,0.7704507870323348,0.8066979744898835,0.036247187457548624,True
random_forest,2000,98,27,0.7902995720399429,2000,0.7709655632515516,0.8071817122534377,True,0.03621614900188608,full_suite,0.0,0.7709655632515516,0.8071817122534376,0.03621614900188597,True,0.7895,0.7895252158847861,0.8245684887677462,0.035043272882960164,True
random_forest,2000,98,28,0.7902995720399429,2000,0.7663340159344693,0.8028266300710689,True,0.036492614136599655,full_suite,0.0,0.7663340159344693,0.8028266300710689,0.036492614136599655,True,0.785,0.7668484734065462,0.8033106873882284,0.03646221398168226,True
random_forest,2000,98,29,0.7902995720399429,2000,0.7689066991791391,0.8052465197795806,True,0.0363398206004415,full_suite,0.0,0.7689066991791391,0.8052465197795806,0.0363398206004415,True,0.7875,0.7740550707470951,0.8100832864573679,0.036028215710272815,True
random_forest,2000,98,30,0.7902995720399429,2000,0.7694213550999073,0.805730378148559,True,0.03630902304865169,full_suite,0.0,0.7694213550999073,0.805730378148559,0.03630902304865169,True,0.788,0.7766307854993183,0.8125001368395336,0.035869351340215294,True
random_forest,2000,98,31,0.7902995720399429,2000,0.7910743795290797,0.8260148537936105,False,0.03494047426453084,full_suite,0.0,0.7910743795290797,0.8260148537936105,0.03494047426453084,False,0.8089999999999999,0.7637623174175752,0.8004057531815412,0.036643435763966004,True
random_forest,2000,98,32,0.7902995720399429,2000,0.7807540932664592,0.8163649274896854,True,0.035610834223226195,full_suite,0.0,0.7807540932664592,0.8163649274896854,0.035610834223226195,True,0.7989999999999999,0.7606775618066639,0.7974994151670869,0.036821853360422985,True
random_forest,2000,98,33,0.7902995720399429,2000,0.7673629703663488,0.8037947051189552,True,0.036431734752606415,full_suite,0.0,0.7673629703663488,0.8037947051189552,0.036431734752606415,True,0.786,0.7611915913723596,0.7979839014386936,0.03679231006633399,True
random_forest,2000,98,34,0.7902995720399429,2000,0.7719952367196227,0.8081490664395747,True,0.03615382971995207,full_suite,0.0,0.7719952367196227,0.8081490664395747,0.03615382971995207,True,0.7905,0.7689066991791391,0.8052465197795806,0.0363398206004415,True
random_forest,2000,98,35,0.7902995720399429,2000,0.767877506914278,0.8042786831622579,True,0.036401176247979894,full_suite,0.0,0.767877506914278,0.8042786831622579,0.036401176247979894,True,0.7865,0.7581079870510067,0.7950764093673929,0.036968422316386196,True
random_forest,2000,98,36,0.7902995720399429,2000,0.7786921037076169,0.8144328687485516,True,0.03574076504093471,full_suite,0.0,0.7786921037076169,0.8144328687485516,0.03574076504093471,True,0.7969999999999999,0.7766307854993183,0.8125001368395336,0.035869351340215294,True
random_forest,2000,98,37,0.7902995720399429,2000,0.7637623174175752,0.8004057531815412,True,0.036643435763966004,full_suite,0.0,0.7637623174175752,0.8004057531815412,0.036643435763966004,True,0.7825,0.7776613611441134,0.8134665864777386,0.03580522533362518,True
random_forest,2000,98,38,0.7902995720399429,2000,0.7699360510164842,0.8062141964200198,True,0.03627814540353558,full_suite,0.0,0.7699360510164842,0.8062141964200198,0.03627814540353558,True,0.7885,0.7781767115040423,0.8139497485914029,0.03577303708736057,True
random_forest,2000,98,39,0.7902995720399429,2000,0.7699360510164842,0.8062141964200198,True,0.03627814540353558,full_suite,0.0,0.7699360510164842,0.8062141964200198,0.03627814540353558,True,0.7885,0.7828167616438876,0.8182963055487172,0.03547954390482966,True
random_forest,2000,98,40,0.7902995720399429,2000,0.7704507870323348,0.8066979744898835,True,0.036247187457548624,full_suite,0.0,0.7704507870323348,0.8066979744898835,0.036247187457548624,True,0.789,0.7606775618066639,0.7974994151670869,0.036821853360422985,True
random_forest,2000,98,41,0.7902995720399429,2000,0.772510134179846,0.8086326826495237,True,0.03612254846967766,full_suite,0.0,0.772510134179846,0.8086326826495237,0.03612254846967766,True,0.791,0.7699360510164842,0.8062141964200198,0.03627814540353558,True
random_forest,2000,98,42,0.7902995720399429,2000,0.7632480947966233,0.7999214604331696,True,0.03667336563654633,full_suite,0.0,0.7632480947966233,0.7999214604331695,0.03667336563654622,True,0.782,0.7545121704150334,0.7916826094878144,0.03717043907278106,True
random_forest,2000,98,43,0.7902995720399429,2000,0.7591357027079096,0.7960457262042816,True,0.03691002349637196,full_suite,0.0,0.7591357027079096,0.7960457262042815,0.03691002349637185,True,0.778,0.7766307854993183,0.8125001368395336,0.035869351340215294,True
random_forest,2000,98,44,0.7902995720399429,2000,0.7606775618066639,0.7974994151670869,True,0.036821853360422985,full_suite,0.0,0.7606775618066639,0.7974994151670869,0.036821853360422985,True,0.7795,0.7668484734065462,0.8033106873882284,0.03646221398168226,True
random_forest,2000,98,45,0.7902995720399429,2000,0.7627339109770874,0.7994371287886841,True,0.03670321781159669,full_suite,0.0,0.7627339109770874,0.7994371287886841,0.03670321781159669,True,0.7815,0.7606775618066639,0.7974994151670869,0.036821853360422985,True
random_forest,2000,98,46,0.7902995720399429,2000,0.7534851307791728,0.7907126150537476,True,0.037227484274574785,full_suite,0.0,0.7534851307791728,0.7907126150537476,0.037227484274574785,True,0.7725,0.7627339109770874,0.7994371287886841,0.03670321781159669,True
random_forest,2000,98,47,0.7902995720399429,2000,0.7704507870323348,0.8066979744898835,True,0.036247187457548624,full_suite,0.0,0.7704507870323348,0.8066979744898835,0.036247187457548624,True,0.789,0.7570804228697326,0.794106940697538,0.037026517827805305,True
random_forest,2000,98,48,0.7902995720399429,2000,0.7555393590409868,0.7926524545885332,True,0.03711309554754638,full_suite,0.0,0.7555393590409868,0.7926524545885332,0.03711309554754638,True,0.7745,0.7766307854993183,0.8125001368395336,0.035869351340215294,True
random_forest,2000,98,49,0.7902995720399429,2000,0.7859120538030689,0.8211920794452026,True,0.03528002564213362,full_suite,0.0,0.7859120538030689,0.8211920794452026,0.03528002564213362,True,0.804,0.7884926630794862,0.8236040218087295,0.035111358729243314,True
random_forest,2000,98,50,0.7902995720399429,2000,0.7570804228697326,0.794106940697538,True,0.037026517827805305,full_suite,0.0,0.7570804228697326,0.794106940697538,0.037026517827805305,True,0.776,0.7771460525136842,0.812983382522405,0.0358373300087208,True
random_forest,2000,98,51,0.7902995720399429,2000,0.7699360510164842,0.8062141964200198,True,0.03627814540353558,full_suite,0.0,0.7699360510164842,0.8062141964200198,0.03627814540353558,True,0.7885,0.7750852330287561,0.8110501505563976,0.03596491752764153,True
random_forest,2000,98,52,0.7902995720399429,2000,0.7632480947966233,0.7999214604331696,True,0.03667336563654633,full_suite,0.0,0.7632480947966233,0.7999214604331695,0.03667336563654622,True,0.782,0.7740550707470951,0.8100832864573679,0.036028215710272815,True
random_forest,2000,98,53,0.7902995720399429,2000,0.7617056593598572,0.7984683491959959,True,0.03676268983613862,full_suite,0.0,0.7617056593598572,0.7984683491959957,0.03676268983613851,True,0.7805,0.7704507870323348,0.8066979744898835,0.036247187457548624,True
random_forest,2000,98,54,0.7902995720399429,2000,0.7694213550999073,0.805730378148559,True,0.03630902304865169,full_suite,0.0,0.7694213550999073,0.805730378148559,0.03630902304865169,True,0.788,0.7859120538030689,0.8211920794452026,0.03528002564213362,True
random_forest,2000,98,55,0.7902995720399429,2000,0.773540051085945,0.8095997927667055,True,0.036059741680760427,full_suite,0.0,0.773540051085945,0.8095997927667054,0.036059741680760315,True,0.792,0.7694213550999073,0.805730378148559,0.03630902304865169,True
random_forest,2000,98,56,0.7902995720399429,2000,0.7699360510164842,0.8062141964200198,True,0.03627814540353558,full_suite,0.0,0.7699360510164842,0.8062141964200198,0.03627814540353558,True,0.7885,0.7750852330287561,0.8110501505563976,0.03596491752764153,True
random_forest,2000,98,57,0.7902995720399429,2000,0.7719952367196227,0.8081490664395747,True,0.03615382971995207,full_suite,0.0,0.7719952367196227,0.8081490664395747,0.03615382971995207,True,0.7905,0.7833325356969099,0.8187790428080745,0.035446507111164594,True
random_forest,2000,98,58,0.7902995720399429,2000,0.7488652777986169,0.7863458105748256,False,0.037480532776208664,full_suite,0.0,0.7488652777986169,0.7863458105748256,0.037480532776208664,False,0.768,0.7745701313582654,0.810566739090586,0.03599660773232061,True
random_forest,2000,98,59,0.7902995720399429,2000,0.7802385325324424,0.8158819763215825,True,0.035643443789140195,full_suite,0.0,0.7802385325324424,0.8158819763215825,0.035643443789140195,True,0.7985,0.7756003758685431,0.8115335207441604,0.03593314487561727,True
random_forest,2000,98,60,0.7902995720399429,2000,0.7550257460606884,0.7921675507486478,True,0.03714180468795936,full_suite,0.0,0.7550257460606884,0.7921675507486478,0.03714180468795936,True,0.774,0.7719952367196227,0.8081490664395747,0.03615382971995207,True
random_forest,2000,98,61,0.7902995720399429,2000,0.7766307854993183,0.8125001368395336,True,0.035869351340215294,full_suite,0.0,0.7766307854993183,0.8125001368395336,0.035869351340215294,True,0.795,0.773540051085945,0.8095997927667055,0.036059741680760427,True
random_forest,2000,98,62,0.7902995720399429,2000,0.7781767115040423,0.8139497485914029,True,0.03577303708736057,full_suite,0.0,0.7781767115040423,0.8139497485914029,0.03577303708736057,True,0.7965,0.7812696964257048,0.8168478361160975,0.035578139690392696,True
random_forest,2000,98,63,0.7902995720399429,2000,0.772510134179846,0.8086326826495237,True,0.03612254846967766,full_suite,0.0,0.772510134179846,0.8086326826495237,0.03612254846967766,True,0.791,0.783848352775403,0.8192617369217517,0.03541338414634876,True
random_forest,2000,98,64,0.7902995720399429,2000,0.7812696964257048,0.8168478361160975,True,0.035578139690392696,full_suite,0.0,0.7812696964257048,0.8168478361160975,0.035578139690392696,True,0.7995,0.7653052190548778,0.8018583970784084,0.03655317802353064,True
random_forest,2000,98,65,0.7902995720399429,2000,0.7637623174175752,0.8004057531815412,True,0.036643435763966004,full_suite,0.0,0.7637623174175752,0.8004057531815412,0.036643435763966004,True,0.7825,0.7673629703663488,0.8037947051189552,0.036431734752606415,True
random_forest,2000,98,66,0.7902995720399429,2000,0.7658195978503161,0.8023425332678655,True,0.036522935417549474,full_suite,0.0,0.7658195978503161,0.8023425332678655,0.036522935417549474,True,0.7845,0.772510134179846,0.8086326826495237,0.03612254846967766,True
random_forest,2000,98,67,0.7902995720399429,2000,0.7786921037076169,0.8144328687485516,True,0.03574076504093471,full_suite,0.0,0.7786921037076169,0.8144328687485516,0.03574076504093471,True,0.7969999999999999,0.7921073798026432,0.8269788719725606,0.03487149216991736,False
random_forest,2000,98,68,0.7902995720399429,2000,0.7719952367196227,0.8081490664395747,True,0.03615382971995207,full_suite,0.0,0.7719952367196227,0.8081490664395747,0.03615382971995207,True,0.7905,0.7637623174175752,0.8004057531815412,0.036643435763966004,True
random_forest,2000,98,69,0.7902995720399429,2000,0.7750852330287561,0.8110501505563976,True,0.03596491752764153,full_suite,0.0,0.7750852330287561,0.8110501505563977,0.03596491752764164,True,0.7935,0.764790879449535,0.8013742216018942,0.036583342152359144,True
random_forest,2000,98,70,0.7902995720399429,2000,0.7663340159344693,0.8028266300710689,True,0.036492614136599655,full_suite,0.0,0.7663340159344693,0.8028266300710689,0.036492614136599655,True,0.785,0.7611915913723596,0.7979839014386936,0.03679231006633399,True
random_forest,2000,98,71,0.7902995720399429,2000,0.7709655632515516,0.8071817122534377,True,0.03621614900188608,full_suite,0.0,0.7709655632515516,0.8071817122534376,0.03621614900188597,True,0.7895,0.7632480947966233,0.7999214604331696,0.03667336563654633,True
random_forest,2000,98,72,0.7902995720399429,2000,0.7771460525136842,0.812983382522405,True,0.0358373300087208,full_suite,0.0,0.7771460525136842,0.812983382522405,0.0358373300087208,True,0.7955,0.7745701313582654,0.810566739090586,0.03599660773232061,True
random_forest,2000,98,73,0.7902995720399429,2000,0.7668484734065462,0.8033106873882284,True,0.03646221398168226,full_suite,0.0,0.7668484734065462,0.8033106873882284,0.03646221398168226,True,0.7855,0.7622197658632256,0.7989527583443825,0.03673299248115691,True
random_forest,2000,98,74,0.7902995720399429,2000,0.772510134179846,0.8086326826495237,True,0.03612254846967766,full_suite,0.0,0.772510134179846,0.8086326826495237,0.03612254846967766,True,0.791,0.783848352775403,0.8192617369217517,0.03541338414634876,True
random_forest,2000,98,75,0.7902995720399429,2000,0.7683920831513377,0.8047626214165371,True,0.036370538265199426,full_suite,0.0,0.7683920831513377,0.8047626214165371,0.036370538265199426,True,0.787,0.7745701313582654,0.810566739090586,0.03599660773232061,True
random_forest,2000,98,76,0.7902995720399429,2000,0.7719952367196227,0.8081490664395747,True,0.03615382971995207,full_suite,0.0,0.7719952367196227,0.8081490664395747,0.03615382971995207,True,0.7905,0.7730250722661842,0.8091162581278849,0.03609118586170068,True
random_forest,2000,98,77,0.7902995720399429,2000,0.776115559988283,0.8120168495425459,True,0.03590128955426297,full_suite,0.0,0.776115559988283,0.8120168495425459,0.03590128955426297,True,0.7945,0.7673629703663488,0.8037947051189552,0.036431734752606415,True
random_forest,2000,98,78,0.7902995720399429,2000,0.7683920831513377,0.8047626214165371,True,0.036370538265199426,full_suite,0.0,0.7683920831513377,0.8047626214165371,0.036370538265199426,True,0.787,0.7683920831513377,0.8047626214165371,0.036370538265199426,True
random_forest,2000,98,79,0.7902995720399429,2000,0.752971666615968,0.7902275620544856,False,0.037255895438517594,full_suite,0.0,0.752971666615968,0.7902275620544856,0.037255895438517594,False,0.772,0.7843642130017251,0.8197443877666224,0.0353801747648973,True
random_forest,2000,98,80,0.7902995720399429,2000,0.7683920831513377,0.8047626214165371,True,0.036370538265199426,full_suite,0.0,0.7683920831513377,0.8047626214165371,0.036370538265199426,True,0.787,0.7611915913723596,0.7979839014386936,0.03679231006633399,True
random_forest,2000,98,81,0.7902995720399429,2000,0.7694213550999073,0.805730378148559,True,0.03630902304865169,full_suite,0.0,0.7694213550999073,0.805730378148559,0.03630902304865169,True,0.788,0.7895252158847861,0.8245684887677462,0.035043272882960164,True
random_forest,2000,98,82,0.7902995720399429,2000,0.7771460525136842,0.812983382522405,True,0.0358373300087208,full_suite,0.0,0.7771460525136842,0.812983382522405,0.0358373300087208,True,0.7955,0.7694213550999073,0.805730378148559,0.03630902304865169,True
random_forest,2000,98,83,0.7902995720399429,2000,0.7890089172742584,0.824086277560637,True,0.035077360286378645,full_suite,0.0,0.7890089172742584,0.824086277560637,0.035077360286378645,True,0.8069999999999999,0.7786921037076169,0.8144328687485516,0.03574076504093471,True
random_forest,2000,98,84,0.7902995720399429,2000,0.7786921037076169,0.8144328687485516,True,0.03574076504093471,full_suite,0.0,0.7786921037076169,0.8144328687485516,0.03574076504093471,True,0.7969999999999999,0.7823010304947565,0.8178135252660219,0.03551249477126539,True
random_forest,2000,98,85,0.7902995720399429,2000,0.7792075378696985,0.8149159468336169,True,0.03570840896391836,full_suite,0.0,0.7792075378696985,0.8149159468336169,0.03570840896391836,True,0.7975,0.7586218258996523,0.7955610868105689,0.036939260910916594,True
random_forest,2000,98,86,0.7902995720399429,2000,0.7859120538030689,0.8211920794452026,True,0.03528002564213362,full_suite,0.0,0.7859120538030689,0.8211920794452026,0.03528002564213362,True,0.804,0.7817853421287096,0.8173307020815517,0.035545359952842026,True
random_forest,2000,98,87,0.7902995720399429,2000,0.7740550707470951,0.8100832864573679,True,0.036028215710272815,full_suite,0.0,0.7740550707470951,0.8100832864573679,0.036028215710272815,True,0.7925,0.7709655632515516,0.8071817122534377,0.03621614900188608,True
random_forest,2000,98,88,0.7902995720399429,2000,0.7637623174175752,0.8004057531815412,True,0.036643435763966004,full_suite,0.0,0.7637623174175752,0.8004057531815412,0.036643435763966004,True,0.7825,0.764790879449535,0.8013742216018942,0.036583342152359144,True
random_forest,2000,98,89,0.7902995720399429,2000,0.7642765789362526,0.8008900069369307,True,0.03661342800067813,full_suite,0.0,0.7642765789362526,0.8008900069369307,0.03661342800067813,True,0.783,0.7766307854993183,0.8125001368395336,0.035869351340215294,True
random_forest,2000,98,90,0.7902995720399429,2000,0.7704507870323348,0.8066979744898835,True,0.036247187457548624,full_suite,0.0,0.7704507870323348,0.8066979744898835,0.036247187457548624,True,0.789,0.7653052190548778,0.8018583970784084,0.03655317802353064,True
random_forest,2000,98,91,0.7902995720399429,2000,0.7750852330287561,0.8110501505563976,True,0.03596491752764153,full_suite,0.0,0.7750852330287561,0.8110501505563977,0.03596491752764164,True,0.7935,0.7730250722661842,0.8091162581278849,0.03609118586170068,True
random_forest,2000,98,92,0.7902995720399429,2000,0.7740550707470951,0.8100832864573679,True,0.036028215710272815,full_suite,0.0,0.7740550707470951,0.8100832864573679,0.036028215710272815,True,0.7925,0.7622197658632256,0.7989527583443825,0.03673299248115691,True
random_forest,2000,98,93,0.7902995720399429,2000,0.7740550707470951,0.8100832864573679,True,0.036028215710272815,full_suite,0.0,0.7740550707470951,0.8100832864573679,0.036028215710272815,True,0.7925,0.7627339109770874,0.7994371287886841,0.03670321781159669,True
random_forest,2000,98,94,0.7902995720399429,2000,0.7817853421287096,0.8173307020815517,True,0.035545359952842026,full_suite,0.0,0.7817853421287096,0.8173307020815516,0.035545359952841915,True,0.8,0.7797230141058702,0.8153989827303035,0.03567596862443334,True
random_forest,2000,98,95,0.7902995720399429,2000,0.7591357027079096,0.7960457262042816,True,0.03691002349637196,full_suite,0.0,0.7591357027079096,0.7960457262042815,0.03691002349637185,True,0.778,0.776115559988283,0.8120168495425459,0.03590128955426297,True
random_forest,2000,98,96,0.7902995720399429,2000,0.7802385325324424,0.8158819763215825,True,0.035643443789140195,full_suite,0.0,0.7802385325324424,0.8158819763215825,0.035643443789140195,True,0.7985,0.7637623174175752,0.8004057531815412,0.036643435763966004,True
random_forest,2000,98,97,0.7902995720399429,2000,0.756566697357003,0.7936221496519851,True,0.03705545229498208,full_suite,0.0,0.756566697357003,0.7936221496519851,0.03705545229498208,True,0.7755,0.7745701313582654,0.810566739090586,0.03599660773232061,True
random_forest,2000,98,98,0.7902995720399429,2000,0.7776613611441134,0.8134665864777386,True,0.03580522533362518,full_suite,0.0,0.7776613611441134,0.8134665864777386,0.03580522533362518,True,0.796,0.7637623174175752,0.8004057531815412,0.036643435763966004,True
random_forest,2000,98,99,0.7902995720399429,2000,0.7823010304947565,0.8178135252660219,True,0.03551249477126539,full_suite,0.0,0.7823010304947565,0.8178135252660218,0.03551249477126528,True,0.8005,0.7797230141058702,0.8153989827303035,0.03567596862443334,True
