model,m,k,rep,theta,full_inputs,partial_lower,partial_upper,partial_width,partial_coverage,full_x,full_lower,full_upper,full_width,full_coverage,mean_detected,status,residual
cognitivecomputations/dolphin-2.6-mixtral-8x7b,500,4,0,1.0,55,0.9319893696653351,1.0,0.06801063033466492,True,55,0.9351292391745754,1.0,0.06487076082542464,True,0.918,ok,2.220446049250313e-16
cognitivecomputations/dolphin-2.6-mixtral-8x7b,500,4,1,1.0,55,0.9225834097776002,1.0,0.07741659022239977,True,55,0.9351292391745754,1.0,0.06487076082542464,True,0.91,ok,1.1102230246251565e-16
cognitivecomputations/dolphin-2.6-mixtral-8x7b,500,4,2,1.0,55,0.8977329198914372,1.0,0.10226708010856278,True,55,0.9351292391745754,1.0,0.06487076082542464,True,0.892,ok,1.1102230246251565e-16
cognitivecomputations/dolphin-2.6-mixtral-8x7b,500,4,3,1.0,55,0.9094118929279916,1.0,0.09058810707200837,True,55,0.9351292391745754,1.0,0.06487076082542464,True,0.906,ok,3.3306690738754696e-16
cognitivecomputations/dolphin-2.6-mixtral-8x7b,500,4,4,1.0,55,0.87579297197841,1.0,0.12420702802159,True,55,0.9351292391745754,1.0,0.06487076082542464,True,0.872,ok,0.0
cognitivecomputations/dolphin-2.6-mixtral-8x7b,500,4,5,1.0,55,0.93686487919571,1.0,0.06313512080428996,True,55,0.9351292391745754,1.0,0.06487076082542464,True,0.928,ok,1.1102230246251565e-16
cognitivecomputations/dolphin-2.6-mixtral-8x7b,500,4,6,1.0,55,0.887234679723176,1.0,0.11276532027682395,True,55,0.9351292391745754,1.0,0.06487076082542464,True,0.892,ok,2.7755575615628914e-17
cognitivecomputations/dolphin-2.6-mixtral-8x7b,500,4,7,1.0,55,0.9132417373031121,1.0,0.08675826269688791,True,55,0.9351292391745754,1.0,0.06487076082542464,True,0.902,ok,1.1102230246251565e-16
cognitivecomputations/dolphin-2.6-mixtral-8x7b,500,4,8,1.0,55,0.8954965501639318,1.0,0.10450344983606819,True,55,0.9351292391745754,1.0,0.06487076082542464,True,0.888,ok,1.3877787807814457e-17
cognitivecomputations/dolphin-2.6-mixtral-8x7b,500,4,9,1.0,55,0.9328149566499099,1.0,0.06718504335009012,True,55,0.9351292391745754,1.0,0.06487076082542464,True,0.92,ok,1.1102230246251565e-16
cognitivecomputations/dolphin-2.6-mixtral-8x7b,500,4,10,1.0,55,0.8941368041311556,1.0,0.1058631958688444,True,55,0.9351292391745754,1.0,0.06487076082542464,True,0.888,ok,1.1102230246251565e-16
cognitivecomputations/dolphin-2.6-mixtral-8x7b,500,4,11,1.0,55,0.9191296496539676,1.0,0.0808703503460324,True,55,0.9351292391745754,1.0,0.06487076082542464,True,0.904,ok,1.1102230246251565e-16
cognitivecomputations/dolphin-2.6-mixtral-8x7b,500,4,12,1.0,55,0.8956989629336999,1.0,0.10430103706630012,True,55,0.9351292391745754,1.0,0.06487076082542464,True,0.892,ok,2.220446049250313e-16
cognitivecomputations/dolphin-2.6-mixtral-8x7b,500,4,13,1.0,55,0.9264064804329253,1.0,0.07359351956707472,True,55,0.9351292391745754,1.0,0.06487076082542464,True,0.908,ok,0.0
cognitivecomputations/dolphin-2.6-mixtral-8x7b,500,4,14,1.0,55,0.9272746400506079,1.0,0.07272535994939211,True,55,0.9351292391745754,1.0,0.06487076082542464,True,0.902,ok,0.0
cognitivecomputations/dolphin-2.6-mixtral-8x7b,500,4,15,1.0,55,0.8877462794142995,1.0,0.11225372058570049,True,55,0.9351292391745754,1.0,0.06487076082542464,True,0.882,ok,2.220446049250313e-16
cognitivecomputations/dolphin-2.6-mixtral-8x7b,500,4,16,1.0,55,0.9125881782922002,1.0,0.08741182170779982,True,55,0.9351292391745754,1.0,0.06487076082542464,True,0.898,ok,1.1102230246251565e-16
cognitivecomputations/dolphin-2.6-mixtral-8x7b,500,4,17,1.0,55,0.8841957771550986,1.0,0.11580422284490144,True,55,0.9351292391745754,1.0,0.06487076082542464,True,0.886,ok,1.1102230246251565e-16
cognitivecomputations/dolphin-2.6-mixtral-8x7b,500,4,18,1.0,55,0.930463142707096,1.0,0.06953685729290404,True,55,0.9351292391745754,1.0,0.06487076082542464,True,0.924,ok,1.1102230246251565e-16
cognitivecomputations/dolphin-2.6-mixtral-8x7b,500,4,19,1.0,55,0.9157795273179252,1.0,0.08422047268207478,True,55,0.9351292391745754,1.0,0.06487076082542464,True,0.91,ok,0.0
cognitivecomputations/dolphin-2.6-mixtral-8x7b,500,4,20,1.0,55,0.9223151485479603,1.0,0.07768485145203974,True,55,0.9351292391745754,1.0,0.06487076082542464,True,0.916,ok,1.1102230246251565e-16
cognitivecomputations/dolphin-2.6-mixtral-8x7b,500,4,21,1.0,55,0.9404710941814564,1.0,0.05952890581854364,True,55,0.9351292391745754,1.0,0.06487076082542464,True,0.918,ok,8.881784197001252e-16
cognitivecomputations/dolphin-2.6-mixtral-8x7b,500,4,22,1.0,55,0.932283691049404,1.0,0.067716308950596,True,55,0.9351292391745754,1.0,0.06487076082542464,True,0.912,ok,1.1102230246251565e-16
cognitivecomputations/dolphin-2.6-mixtral-8x7b,500,4,23,1.0,55,0.8954699389753419,1.0,0.10453006102465812,True,55,0.9351292391745754,1.0,0.06487076082542464,True,0.884,ok,1.1102230246251565e-16
cognitivecomputations/dolphin-2.6-mixtral-8x7b,500,4,24,1.0,55,0.9117688894627494,1.0,0.08823111053725063,True,55,0.9351292391745754,1.0,0.06487076082542464,True,0.9,ok,1.1102230246251565e-16
cognitivecomputations/dolphin-2.6-mixtral-8x7b,500,4,25,1.0,55,0.887662191719894,1.0,0.11233780828010598,True,55,0.9351292391745754,1.0,0.06487076082542464,True,0.88,ok,1.1102230246251565e-16
cognitivecomputations/dolphin-2.6-mixtral-8x7b,500,4,26,1.0,55,0.9136091058658085,1.0,0.08639089413419154,True,55,0.9351292391745754,1.0,0.06487076082542464,True,0.908,ok,1.1102230246251565e-16
cognitivecomputations/dolphin-2.6-mixtral-8x7b,500,4,27,1.0,55,0.907000595978616,1.0,0.09299940402138396,True,55,0.9351292391745754,1.0,0.06487076082542464,True,0.9,ok,1.1102230246251565e-16
cognitivecomputations/dolphin-2.6-mixtral-8x7b,500,4,28,1.0,55,0.9197302439023417,1.0,0.0802697560976583,True,55,0.9351292391745754,1.0,0.06487076082542464,True,0.908,ok,1.1102230246251565e-16
cognitivecomputations/dolphin-2.6-mixtral-8x7b,500,4,29,1.0,55,0.9204129883254835,1.0,0.07958701167451654,True,55,0.9351292391745754,1.0,0.06487076082542464,True,0.908,ok,1.1102230246251565e-16
cognitivecomputations/dolphin-2.6-mixtral-8x7b,500,4,30,1.0,55,0.874615016726395,1.0,0.12538498327360503,True,55,0.9351292391745754,1.0,0.06487076082542464,True,0.876,ok,0.0
cognitivecomputations/dolphin-2.6-mixtral-8x7b,500,4,31,1.0,55,0.9151020883861418,1.0,0.08489791161385818,True,55,0.9351292391745754,1.0,0.06487076082542464,True,0.91,ok,1.1102230246251565e-16
cognitivecomputations/dolphin-2.6-mixtral-8x7b,500,4,32,1.0,55,0.9100882229819591,1.0,0.08991177701804087,True,55,0.9351292391745754,1.0,0.06487076082542464,True,0.906,ok,0.0
cognitivecomputations/dolphin-2.6-mixtral-8x7b,500,4,33,1.0,55,0.9387313609995447,1.0,0.061268639000455316,True,55,0.9351292391745754,1.0,0.06487076082542464,True,0.912,ok,1.1102230246251565e-16
cognitivecomputations/dolphin-2.6-mixtral-8x7b,500,4,34,1.0,55,0.9019139924328616,1.0,0.09808600756713837,True,55,0.9351292391745754,1.0,0.06487076082542464,True,0.894,ok,1.1102230246251565e-16
cognitivecomputations/dolphin-2.6-mixtral-8x7b,500,4,35,1.0,55,0.9194707310494777,1.0,0.08052926895052226,True,55,0.9351292391745754,1.0,0.06487076082542464,True,0.898,ok,2.7755575615628914e-17
cognitivecomputations/dolphin-2.6-mixtral-8x7b,500,4,36,1.0,55,0.9093134110634838,1.0,0.09068658893651615,True,55,0.9351292391745754,1.0,0.06487076082542464,True,0.902,ok,2.220446049250313e-16
cognitivecomputations/dolphin-2.6-mixtral-8x7b,500,4,37,1.0,55,0.9309256477590516,1.0,0.06907435224094838,True,55,0.9351292391745754,1.0,0.06487076082542464,True,0.922,ok,1.1102230246251565e-16
cognitivecomputations/dolphin-2.6-mixtral-8x7b,500,4,38,1.0,55,0.9112766289087074,1.0,0.08872337109129258,True,55,0.9351292391745754,1.0,0.06487076082542464,True,0.896,ok,0.0
cognitivecomputations/dolphin-2.6-mixtral-8x7b,500,4,39,1.0,55,0.9039575649753578,1.0,0.09604243502464216,True,55,0.9351292391745754,1.0,0.06487076082542464,True,0.894,ok,0.0
cognitivecomputations/dolphin-2.6-mixtral-8x7b,500,4,40,1.0,55,0.9065166470666896,1.0,0.09348335293331045,True,55,0.9351292391745754,1.0,0.06487076082542464,True,0.906,ok,1.1102230246251565e-16
cognitivecomputations/dolphin-2.6-mixtral-8x7b,500,4,41,1.0,55,0.944094207294392,1.0,0.055905792705608026,True,55,0.9351292391745754,1.0,0.06487076082542464,True,0.92,ok,0.0
cognitivecomputations/dolphin-2.6-mixtral-8x7b,500,4,42,1.0,55,0.9017602619062401,1.0,0.09823973809375985,True,55,0.9351292391745754,1.0,0.06487076082542464,True,0.89,ok,0.0
cognitivecomputations/dolphin-2.6-mixtral-8x7b,500,4,43,1.0,55,0.9263911509837681,1.0,0.07360884901623188,True,55,0.9351292391745754,1.0,0.06487076082542464,True,0.916,ok,1.1102230246251565e-16
cognitivecomputations/dolphin-2.6-mixtral-8x7b,500,4,44,1.0,55,0.9110861450396075,1.0,0.0889138549603925,True,55,0.9351292391745754,1.0,0.06487076082542464,True,0.9,ok,1.1102230246251565e-16
cognitivecomputations/dolphin-2.6-mixtral-8x7b,500,4,45,1.0,55,0.9098357951919351,1.0,0.09016420480806486,True,55,0.9351292391745754,1.0,0.06487076082542464,True,0.902,ok,1.3877787807814457e-17
cognitivecomputations/dolphin-2.6-mixtral-8x7b,500,4,46,1.0,55,0.9165996013321221,1.0,0.08340039866787785,True,55,0.9351292391745754,1.0,0.06487076082542464,True,0.912,ok,1.1102230246251565e-16
cognitivecomputations/dolphin-2.6-mixtral-8x7b,500,4,47,1.0,55,0.9147036605730494,1.0,0.08529633942695058,True,55,0.9351292391745754,1.0,0.06487076082542464,True,0.9,ok,1.1102230246251565e-16
cognitivecomputations/dolphin-2.6-mixtral-8x7b,500,4,48,1.0,55,0.9111567021312681,1.0,0.08884329786873191,True,55,0.9351292391745754,1.0,0.06487076082542464,True,0.898,ok,5.551115123125783e-17
cognitivecomputations/dolphin-2.6-mixtral-8x7b,500,4,49,1.0,55,0.9443635266242116,1.0,0.055636473375788364,True,55,0.9351292391745754,1.0,0.06487076082542464,True,0.928,ok,1.1102230246251565e-16
cognitivecomputations/dolphin-2.6-mixtral-8x7b,500,4,50,1.0,55,0.9269358373639671,1.0,0.07306416263603288,True,55,0.9351292391745754,1.0,0.06487076082542464,True,0.91,ok,0.0
cognitivecomputations/dolphin-2.6-mixtral-8x7b,500,4,51,1.0,55,0.9110861450396075,1.0,0.0889138549603925,True,55,0.9351292391745754,1.0,0.06487076082542464,True,0.9,ok,1.1102230246251565e-16
cognitivecomputations/dolphin-2.6-mixtral-8x7b,500,4,52,1.0,55,0.9103000149670559,1.0,0.08969998503294407,True,55,0.9351292391745754,1.0,0.06487076082542464,True,0.898,ok,1.1102230246251565e-16
cognitivecomputations/dolphin-2.6-mixtral-8x7b,500,4,53,1.0,55,0.9198555297537332,1.0,0.08014447024626681,True,55,0.9351292391745754,1.0,0.06487076082542464,True,0.91,ok,1.1102230246251565e-16
cognitivecomputations/dolphin-2.6-mixtral-8x7b,500,4,54,1.0,55,0.9079254216760356,1.0,0.09207457832396437,True,55,0.9351292391745754,1.0,0.06487076082542464,True,0.904,ok,1.1102230246251565e-16
cognitivecomputations/dolphin-2.6-mixtral-8x7b,500,4,55,1.0,55,0.9092021897384513,1.0,0.09079781026154865,True,55,0.9351292391745754,1.0,0.06487076082542464,True,0.904,ok,2.7755575615628914e-17
cognitivecomputations/dolphin-2.6-mixtral-8x7b,500,4,56,1.0,55,0.8780158956729728,1.0,0.12198410432702722,True,55,0.9351292391745754,1.0,0.06487076082542464,True,0.884,ok,5.551115123125783e-17
cognitivecomputations/dolphin-2.6-mixtral-8x7b,500,4,57,1.0,55,0.9125881782922002,1.0,0.08741182170779982,True,55,0.9351292391745754,1.0,0.06487076082542464,True,0.898,ok,0.0
cognitivecomputations/dolphin-2.6-mixtral-8x7b,500,4,58,1.0,55,0.9277540560987745,1.0,0.07224594390122552,True,55,0.9351292391745754,1.0,0.06487076082542464,True,0.916,ok,0.0
cognitivecomputations/dolphin-2.6-mixtral-8x7b,500,4,59,1.0,55,0.9355489840678323,1.0,0.06445101593216773,True,55,0.9351292391745754,1.0,0.06487076082542464,True,0.92,ok,1.1102230246251565e-16
cognitivecomputations/dolphin-2.6-mixtral-8x7b,500,4,60,1.0,55,0.887662191719894,1.0,0.11233780828010598,True,55,0.9351292391745754,1.0,0.06487076082542464,True,0.88,ok,1.1102230246251565e-16
cognitivecomputations/dolphin-2.6-mixtral-8x7b,500,4,61,1.0,55,0.9255713324832137,1.0,0.07442866751678634,True,55,0.9351292391745754,1.0,0.06487076082542464,True,0.914,ok,1.1102230246251565e-16
cognitivecomputations/dolphin-2.6-mixtral-8x7b,500,4,62,1.0,55,0.899676186489354,1.0,0.10032381351064601,True,55,0.9351292391745754,1.0,0.06487076082542464,True,0.89,ok,1.3877787807814457e-17
cognitivecomputations/dolphin-2.6-mixtral-8x7b,500,4,63,1.0,55,0.9248542870176513,1.0,0.07514571298234873,True,55,0.9351292391745754,1.0,0.06487076082542464,True,0.902,ok,0.0
cognitivecomputations/dolphin-2.6-mixtral-8x7b,500,4,64,1.0,55,0.9197302439023417,1.0,0.0802697560976583,True,55,0.9351292391745754,1.0,0.06487076082542464,True,0.908,ok,1.1102230246251565e-16
cognitivecomputations/dolphin-2.6-mixtral-8x7b,500,4,65,1.0,55,0.8992616780633328,1.0,0.10073832193666721,True,55,0.9351292391745754,1.0,0.06487076082542464,True,0.902,ok,0.0
cognitivecomputations/dolphin-2.6-mixtral-8x7b,500,4,66,1.0,55,0.9010411613982148,1.0,0.09895883860178523,True,55,0.9351292391745754,1.0,0.06487076082542464,True,0.89,ok,1.1102230246251565e-16
cognitivecomputations/dolphin-2.6-mixtral-8x7b,500,4,67,1.0,55,0.9539489016989048,1.0,0.04605109830109522,True,55,0.9351292391745754,1.0,0.06487076082542464,True,0.936,ok,0.0
cognitivecomputations/dolphin-2.6-mixtral-8x7b,500,4,68,1.0,55,0.8984722626520689,1.0,0.10152773734793108,True,55,0.9351292391745754,1.0,0.06487076082542464,True,0.886,ok,0.0
cognitivecomputations/dolphin-2.6-mixtral-8x7b,500,4,69,1.0,55,0.8933788668959595,1.0,0.10662113310404053,True,55,0.9351292391745754,1.0,0.06487076082542464,True,0.882,ok,1.1102230246251565e-16
cognitivecomputations/dolphin-2.6-mixtral-8x7b,500,4,70,1.0,55,0.9221680139079411,1.0,0.07783198609205888,True,55,0.9351292391745754,1.0,0.06487076082542464,True,0.914,ok,0.0
cognitivecomputations/dolphin-2.6-mixtral-8x7b,500,4,71,1.0,55,0.9266872202728134,1.0,0.07331277972718664,True,55,0.9351292391745754,1.0,0.06487076082542464,True,0.906,ok,3.3306690738754696e-16
cognitivecomputations/dolphin-2.6-mixtral-8x7b,500,4,72,1.0,55,0.9031680807423098,1.0,0.09683191925769019,True,55,0.9351292391745754,1.0,0.06487076082542464,True,0.886,ok,1.3877787807814457e-17
cognitivecomputations/dolphin-2.6-mixtral-8x7b,500,4,73,1.0,55,0.9190480134166226,1.0,0.08095198658337743,True,55,0.9351292391745754,1.0,0.06487076082542464,True,0.908,ok,1.1102230246251565e-16
cognitivecomputations/dolphin-2.6-mixtral-8x7b,500,4,74,1.0,55,0.9191748623262431,1.0,0.08082513767375687,True,55,0.9351292391745754,1.0,0.06487076082542464,True,0.91,ok,0.0
cognitivecomputations/dolphin-2.6-mixtral-8x7b,500,4,75,1.0,55,0.9198378309597001,1.0,0.08016216904029994,True,55,0.9351292391745754,1.0,0.06487076082542464,True,0.916,ok,1.3877787807814457e-17
cognitivecomputations/dolphin-2.6-mixtral-8x7b,500,4,76,1.0,55,0.9424970838590838,1.0,0.05750291614091618,True,55,0.9351292391745754,1.0,0.06487076082542464,True,0.92,ok,1.2212453270876722e-15
cognitivecomputations/dolphin-2.6-mixtral-8x7b,500,4,77,1.0,55,0.9182464310115043,1.0,0.08175356898849573,True,55,0.9351292391745754,1.0,0.06487076082542464,True,0.906,ok,1.1102230246251565e-16
cognitivecomputations/dolphin-2.6-mixtral-8x7b,500,4,78,1.0,55,0.9316052547088662,1.0,0.06839474529113376,True,55,0.9351292391745754,1.0,0.06487076082542464,True,0.922,ok,2.220446049250313e-16
cognitivecomputations/dolphin-2.6-mixtral-8x7b,500,4,79,1.0,55,0.891149597989572,1.0,0.10885040201042795,True,55,0.9351292391745754,1.0,0.06487076082542464,True,0.882,ok,1.1102230246251565e-16
cognitivecomputations/dolphin-2.6-mixtral-8x7b,500,4,80,1.0,55,0.9256041422032246,1.0,0.07439585779677538,True,55,0.9351292391745754,1.0,0.06487076082542464,True,0.908,ok,2.220446049250313e-16
cognitivecomputations/dolphin-2.6-mixtral-8x7b,500,4,81,1.0,55,0.9336358120813237,1.0,0.06636418791867627,True,55,0.9351292391745754,1.0,0.06487076082542464,True,0.916,ok,1.1102230246251565e-16
cognitivecomputations/dolphin-2.6-mixtral-8x7b,500,4,82,1.0,55,0.8915308542266742,1.0,0.10846914577332578,True,55,0.9351292391745754,1.0,0.06487076082542464,True,0.89,ok,1.1102230246251565e-16
cognitivecomputations/dolphin-2.6-mixtral-8x7b,500,4,83,1.0,55,0.8899775085885621,1.0,0.11002249141143794,True,55,0.9351292391745754,1.0,0.06487076082542464,True,0.894,ok,5.551115123125783e-17
cognitivecomputations/dolphin-2.6-mixtral-8x7b,500,4,84,1.0,55,0.8976537341577635,1.0,0.1023462658422365,True,55,0.9351292391745754,1.0,0.06487076082542464,True,0.9,ok,0.0
cognitivecomputations/dolphin-2.6-mixtral-8x7b,500,4,85,1.0,55,0.8998751754504978,1.0,0.10012482454950222,True,55,0.9351292391745754,1.0,0.06487076082542464,True,0.894,ok,2.7755575615628914e-17
cognitivecomputations/dolphin-2.6-mixtral-8x7b,500,4,86,1.0,55,0.9067675968747274,1.0,0.09323240312527259,True,55,0.9351292391745754,1.0,0.06487076082542464,True,0.894,ok,0.0
cognitivecomputations/dolphin-2.6-mixtral-8x7b,500,4,87,1.0,55,0.9062082125788505,1.0,0.09379178742114946,True,55,0.9351292391745754,1.0,0.06487076082542464,True,0.898,ok,0.0
cognitivecomputations/dolphin-2.6-mixtral-8x7b,500,4,88,1.0,55,0.9020206405208736,1.0,0.0979793594791264,True,55,0.9351292391745754,1.0,0.06487076082542464,True,0.896,ok,1.1102230246251565e-16
cognitivecomputations/dolphin-2.6-mixtral-8x7b,500,4,89,1.0,55,0.8821424110375545,1.0,0.11785758896244547,True,55,0.9351292391745754,1.0,0.06487076082542464,True,0.878,ok,0.0
cognitivecomputations/dolphin-2.6-mixtral-8x7b,500,4,90,1.0,55,0.9282720169692278,1.0,0.07172798303077221,True,55,0.9351292391745754,1.0,0.06487076082542464,True,0.912,ok,1.1102230246251565e-16
cognitivecomputations/dolphin-2.6-mixtral-8x7b,500,4,91,1.0,55,0.9570501221684774,1.0,0.0429498778315226,True,55,0.9351292391745754,1.0,0.06487076082542464,True,0.926,ok,2.220446049250313e-16
cognitivecomputations/dolphin-2.6-mixtral-8x7b,500,4,92,1.0,55,0.9141899878960785,1.0,0.08581001210392147,True,55,0.9351292391745754,1.0,0.06487076082542464,True,0.898,ok,1.1102230246251565e-16
cognitivecomputations/dolphin-2.6-mixtral-8x7b,500,4,93,1.0,55,0.8916213992158417,1.0,0.10837860078415829,True,55,0.9351292391745754,1.0,0.06487076082542464,True,0.888,ok,0.0
cognitivecomputations/dolphin-2.6-mixtral-8x7b,500,4,94,1.0,55,0.9120631263319848,1.0,0.08793687366801517,True,55,0.9351292391745754,1.0,0.06487076082542464,True,0.91,ok,1.1102230246251565e-16
cognitivecomputations/dolphin-2.6-mixtral-8x7b,500,4,95,1.0,55,0.9248542870176513,1.0,0.07514571298234873,True,55,0.9351292391745754,1.0,0.06487076082542464,True,0.902,ok,0.0
cognitivecomputations/dolphin-2.6-mixtral-8x7b,500,4,96,1.0,55,0.9026997114704612,1.0,0.09730028852953876,True,55,0.9351292391745754,1.0,0.06487076082542464,True,0.896,ok,1.1102230246251565e-16
cognitivecomputations/dolphin-2.6-mixtral-8x7b,500,4,97,1.0,55,0.92138268856457,1.0,0.07861731143543005,True,55,0.9351292391745754,1.0,0.06487076082542464,True,0.92,ok,0.0
cognitivecomputations/dolphin-2.6-mixtral-8x7b,500,4,98,1.0,55,0.900873745534839,1.0,0.09912625446516099,True,55,0.9351292391745754,1.0,0.06487076082542464,True,0.904,ok,0.0
cognitivecomputations/dolphin-2.6-mixtral-8x7b,500,4,99,1.0,55,0.9233928344528064,1.0,0.0766071655471936,True,55,0.9351292391745754,1.0,0.06487076082542464,True,0.912,ok,1.1102230246251565e-16
cognitivecomputations/dolphin-2.6-mixtral-8x7b,500,16,0,1.0,222,0.9916387682187578,1.0,0.008361231781242151,True,222,0.9835207196475589,1.0,0.01647928035244106,True,1.0,ok,4.440892098500626e-16
cognitivecomputations/dolphin-2.6-mixtral-8x7b,500,16,1,1.0,222,0.9873310340602166,1.0,0.012668965939783394,True,222,0.9835207196475589,1.0,0.01647928035244106,True,0.998,ok,1.6653345369377348e-15
cognitivecomputations/dolphin-2.6-mixtral-8x7b,500,16,2,1.0,222,0.9912871051439598,1.0,0.00871289485604021,True,222,0.9835207196475589,1.0,0.01647928035244106,True,1.0,ok,4.440892098500626e-16
cognitivecomputations/dolphin-2.6-mixtral-8x7b,500,16,3,1.0,222,0.9913095883012102,1.0,0.008690411698789813,True,222,0.9835207196475589,1.0,0.01647928035244106,True,1.0,ok,4.440892098500626e-16
cognitivecomputations/dolphin-2.6-mixtral-8x7b,500,16,4,1.0,222,0.9873310605273995,1.0,0.012668939472600504,True,222,0.9835207196475589,1.0,0.01647928035244106,True,0.998,ok,1.7763568394002505e-15
cognitivecomputations/dolphin-2.6-mixtral-8x7b,500,16,5,1.0,222,0.9912870967414088,1.0,0.008712903258591198,True,222,0.9835207196475589,1.0,0.01647928035244106,True,1.0,ok,3.3306690738754696e-16
cognitivecomputations/dolphin-2.6-mixtral-8x7b,500,16,6,1.0,222,0.991287586615551,1.0,0.008712413384448947,True,222,0.9835207196475589,1.0,0.01647928035244106,True,1.0,ok,5.551115123125783e-16
cognitivecomputations/dolphin-2.6-mixtral-8x7b,500,16,7,1.0,222,0.991282427380278,1.0,0.008717572619721947,True,222,0.9835207196475589,1.0,0.01647928035244106,True,1.0,ok,5.551115123125783e-16
cognitivecomputations/dolphin-2.6-mixtral-8x7b,500,16,8,1.0,222,0.9913018374926006,1.0,0.00869816250739941,True,222,0.9835207196475589,1.0,0.01647928035244106,True,1.0,ok,1.1102230246251565e-16
cognitivecomputations/dolphin-2.6-mixtral-8x7b,500,16,9,1.0,222,0.9913428849034407,1.0,0.008657115096559309,True,222,0.9835207196475589,1.0,0.01647928035244106,True,1.0,ok,2.4424906541753444e-15
cognitivecomputations/dolphin-2.6-mixtral-8x7b,500,16,10,1.0,222,0.9912793152004713,1.0,0.0087206847995287,True,222,0.9835207196475589,1.0,0.01647928035244106,True,1.0,ok,3.3306690738754696e-16
cognitivecomputations/dolphin-2.6-mixtral-8x7b,500,16,11,1.0,222,0.9873767114645275,1.0,0.012623288535472454,True,222,0.9835207196475589,1.0,0.01647928035244106,True,0.998,ok,2.220446049250313e-16
cognitivecomputations/dolphin-2.6-mixtral-8x7b,500,16,12,1.0,222,0.9913151340730051,1.0,0.008684865926994911,True,222,0.9835207196475589,1.0,0.01647928035244106,True,1.0,ok,1.1102230246251565e-16
cognitivecomputations/dolphin-2.6-mixtral-8x7b,500,16,13,1.0,222,0.9873409801133733,1.0,0.012659019886626655,True,222,0.9835207196475589,1.0,0.01647928035244106,True,0.998,ok,0.0
cognitivecomputations/dolphin-2.6-mixtral-8x7b,500,16,14,1.0,222,0.9873418423391848,1.0,0.012658157660815239,True,222,0.9835207196475589,1.0,0.01647928035244106,True,0.998,ok,1.1102230246251565e-16
cognitivecomputations/dolphin-2.6-mixtral-8x7b,500,16,15,1.0,222,0.9912864872931281,1.0,0.008713512706871929,True,222,0.9835207196475589,1.0,0.01647928035244106,True,1.0,ok,1.1102230246251565e-16
cognitivecomputations/dolphin-2.6-mixtral-8x7b,500,16,16,1.0,222,0.9912818880680219,1.0,0.008718111931978134,True,222,0.9835207196475589,1.0,0.01647928035244106,True,1.0,ok,1.3322676295501878e-15
cognitivecomputations/dolphin-2.6-mixtral-8x7b,500,16,17,1.0,222,0.9913116274751147,1.0,0.008688372524885302,True,222,0.9835207196475589,1.0,0.01647928035244106,True,1.0,ok,2.220446049250313e-16
cognitivecomputations/dolphin-2.6-mixtral-8x7b,500,16,18,1.0,222,0.991291955904072,1.0,0.008708044095927958,True,222,0.9835207196475589,1.0,0.01647928035244106,True,1.0,ok,1.1102230246251565e-16
cognitivecomputations/dolphin-2.6-mixtral-8x7b,500,16,19,1.0,222,0.9912975254493241,1.0,0.008702474550675854,True,222,0.9835207196475589,1.0,0.01647928035244106,True,1.0,ok,1.6653345369377348e-15
cognitivecomputations/dolphin-2.6-mixtral-8x7b,500,16,20,1.0,222,0.9912879282623108,1.0,0.008712071737689175,True,222,0.9835207196475589,1.0,0.01647928035244106,True,1.0,ok,1.3877787807814457e-17
cognitivecomputations/dolphin-2.6-mixtral-8x7b,500,16,21,1.0,222,0.9913029484826077,1.0,0.008697051517392307,True,222,0.9835207196475589,1.0,0.01647928035244106,True,1.0,ok,1.1102230246251565e-16
cognitivecomputations/dolphin-2.6-mixtral-8x7b,500,16,22,1.0,222,0.9838612586871475,1.0,0.016138741312852534,True,222,0.9835207196475589,1.0,0.01647928035244106,True,0.996,ok,7.771561172376096e-16
cognitivecomputations/dolphin-2.6-mixtral-8x7b,500,16,23,1.0,222,0.9912869465468822,1.0,0.008713053453117792,True,222,0.9835207196475589,1.0,0.01647928035244106,True,1.0,ok,1.1102230246251565e-16
cognitivecomputations/dolphin-2.6-mixtral-8x7b,500,16,24,1.0,222,0.991314076069032,1.0,0.00868592393096801,True,222,0.9835207196475589,1.0,0.01647928035244106,True,1.0,ok,2.220446049250313e-16
cognitivecomputations/dolphin-2.6-mixtral-8x7b,500,16,25,1.0,222,0.9838667854507855,1.0,0.01613321454921446,True,222,0.9835207196475589,1.0,0.01647928035244106,True,0.996,ok,1.7763568394002505e-15
cognitivecomputations/dolphin-2.6-mixtral-8x7b,500,16,26,1.0,222,0.987342326302778,1.0,0.012657673697222038,True,222,0.9835207196475589,1.0,0.01647928035244106,True,0.998,ok,1.3877787807814457e-17
cognitivecomputations/dolphin-2.6-mixtral-8x7b,500,16,27,1.0,222,0.9912866356853833,1.0,0.008713364314616667,True,222,0.9835207196475589,1.0,0.01647928035244106,True,1.0,ok,1.1102230246251565e-16
cognitivecomputations/dolphin-2.6-mixtral-8x7b,500,16,28,1.0,222,0.9838904637262812,1.0,0.016109536273718805,True,222,0.9835207196475589,1.0,0.01647928035244106,True,0.996,ok,7.771561172376096e-16
cognitivecomputations/dolphin-2.6-mixtral-8x7b,500,16,29,1.0,222,0.9912988722932217,1.0,0.008701127706778333,True,222,0.9835207196475589,1.0,0.01647928035244106,True,1.0,ok,7.66053886991358e-15
cognitivecomputations/dolphin-2.6-mixtral-8x7b,500,16,30,1.0,222,0.9873189092314616,1.0,0.012681090768538406,True,222,0.9835207196475589,1.0,0.01647928035244106,True,0.998,ok,2.7755575615628914e-17
cognitivecomputations/dolphin-2.6-mixtral-8x7b,500,16,31,1.0,222,0.9912913216072873,1.0,0.008708678392712721,True,222,0.9835207196475589,1.0,0.01647928035244106,True,1.0,ok,3.3306690738754696e-16
cognitivecomputations/dolphin-2.6-mixtral-8x7b,500,16,32,1.0,222,0.9913429879314818,1.0,0.00865701206851821,True,222,0.9835207196475589,1.0,0.01647928035244106,True,1.0,ok,2.220446049250313e-16
cognitivecomputations/dolphin-2.6-mixtral-8x7b,500,16,33,1.0,222,0.9912868221447106,1.0,0.008713177855289356,True,222,0.9835207196475589,1.0,0.01647928035244106,True,1.0,ok,2.7755575615628914e-17
cognitivecomputations/dolphin-2.6-mixtral-8x7b,500,16,34,1.0,222,0.9913465134607797,1.0,0.008653486539220268,True,222,0.9835207196475589,1.0,0.01647928035244106,True,1.0,ok,2.6645352591003757e-15
cognitivecomputations/dolphin-2.6-mixtral-8x7b,500,16,35,1.0,222,0.9839093026717244,1.0,0.016090697328275616,True,222,0.9835207196475589,1.0,0.01647928035244106,True,0.996,ok,4.440892098500626e-16
cognitivecomputations/dolphin-2.6-mixtral-8x7b,500,16,36,1.0,222,0.9873337636244816,1.0,0.012666236375518447,True,222,0.9835207196475589,1.0,0.01647928035244106,True,0.998,ok,8.326672684688674e-17
cognitivecomputations/dolphin-2.6-mixtral-8x7b,500,16,37,1.0,222,0.9873416605746719,1.0,0.012658339425328125,True,222,0.9835207196475589,1.0,0.01647928035244106,True,0.998,ok,2.220446049250313e-16
cognitivecomputations/dolphin-2.6-mixtral-8x7b,500,16,38,1.0,222,0.9913369683689549,1.0,0.008663031631045093,True,222,0.9835207196475589,1.0,0.01647928035244106,True,1.0,ok,8.881784197001252e-16
cognitivecomputations/dolphin-2.6-mixtral-8x7b,500,16,39,1.0,222,0.9873417063547506,1.0,0.012658293645249397,True,222,0.9835207196475589,1.0,0.01647928035244106,True,0.998,ok,6.661338147750939e-16
cognitivecomputations/dolphin-2.6-mixtral-8x7b,500,16,40,1.0,222,0.9912922142727113,1.0,0.008707785727288697,True,222,0.9835207196475589,1.0,0.01647928035244106,True,1.0,ok,5.329070518200751e-15
cognitivecomputations/dolphin-2.6-mixtral-8x7b,500,16,41,1.0,222,0.9873201974280945,1.0,0.012679802571905485,True,222,0.9835207196475589,1.0,0.01647928035244106,True,0.998,ok,5.551115123125783e-16
cognitivecomputations/dolphin-2.6-mixtral-8x7b,500,16,42,1.0,222,0.9913445731514905,1.0,0.008655426848509506,True,222,0.9835207196475589,1.0,0.01647928035244106,True,1.0,ok,2.220446049250313e-16
cognitivecomputations/dolphin-2.6-mixtral-8x7b,500,16,43,1.0,222,0.9913320326777807,1.0,0.008667967322219305,True,222,0.9835207196475589,1.0,0.01647928035244106,True,1.0,ok,4.440892098500626e-16
cognitivecomputations/dolphin-2.6-mixtral-8x7b,500,16,44,1.0,222,0.9912916262993923,1.0,0.00870837370060773,True,222,0.9835207196475589,1.0,0.01647928035244106,True,1.0,ok,9.992007221626409e-16
cognitivecomputations/dolphin-2.6-mixtral-8x7b,500,16,45,1.0,222,0.9913649602450615,1.0,0.008635039754938512,True,222,0.9835207196475589,1.0,0.01647928035244106,True,1.0,ok,3.3306690738754696e-16
cognitivecomputations/dolphin-2.6-mixtral-8x7b,500,16,46,1.0,222,0.9873785954944667,1.0,0.012621404505533285,True,222,0.9835207196475589,1.0,0.01647928035244106,True,0.998,ok,1.1102230246251565e-16
cognitivecomputations/dolphin-2.6-mixtral-8x7b,500,16,47,1.0,222,0.9913088019230718,1.0,0.008691198076928197,True,222,0.9835207196475589,1.0,0.01647928035244106,True,1.0,ok,0.0
cognitivecomputations/dolphin-2.6-mixtral-8x7b,500,16,48,1.0,222,0.9912881388056857,1.0,0.00871186119431433,True,222,0.9835207196475589,1.0,0.01647928035244106,True,1.0,ok,2.7755575615628914e-17
cognitivecomputations/dolphin-2.6-mixtral-8x7b,500,16,49,1.0,222,0.9873367035649737,1.0,0.012663296435026283,True,222,0.9835207196475589,1.0,0.01647928035244106,True,0.998,ok,4.884981308350689e-15
cognitivecomputations/dolphin-2.6-mixtral-8x7b,500,16,50,1.0,222,0.9838730553785694,1.0,0.016126944621430606,True,222,0.9835207196475589,1.0,0.01647928035244106,True,0.996,ok,1.3322676295501878e-15
cognitivecomputations/dolphin-2.6-mixtral-8x7b,500,16,51,1.0,222,0.9912872473710743,1.0,0.00871275262892568,True,222,0.9835207196475589,1.0,0.01647928035244106,True,1.0,ok,0.0
cognitivecomputations/dolphin-2.6-mixtral-8x7b,500,16,52,1.0,222,0.9873194930457844,1.0,0.012680506954215631,True,222,0.9835207196475589,1.0,0.01647928035244106,True,0.998,ok,1.9984014443252818e-15
cognitivecomputations/dolphin-2.6-mixtral-8x7b,500,16,53,1.0,222,0.9873506377561475,1.0,0.012649362243852491,True,222,0.9835207196475589,1.0,0.01647928035244106,True,0.998,ok,4.440892098500626e-16
cognitivecomputations/dolphin-2.6-mixtral-8x7b,500,16,54,1.0,222,0.9874325942397647,1.0,0.012567405760235295,True,222,0.9835207196475589,1.0,0.01647928035244106,True,0.998,ok,2.7755575615628914e-17
cognitivecomputations/dolphin-2.6-mixtral-8x7b,500,16,55,1.0,222,0.9913098058213671,1.0,0.008690194178632926,True,222,0.9835207196475589,1.0,0.01647928035244106,True,1.0,ok,8.881784197001252e-16
cognitivecomputations/dolphin-2.6-mixtral-8x7b,500,16,56,1.0,222,0.9913170323978265,1.0,0.008682967602173464,True,222,0.9835207196475589,1.0,0.01647928035244106,True,1.0,ok,5.773159728050814e-15
cognitivecomputations/dolphin-2.6-mixtral-8x7b,500,16,57,1.0,222,0.9840217303373215,1.0,0.015978269662678457,True,222,0.9835207196475589,1.0,0.01647928035244106,True,0.996,ok,1.1102230246251565e-16
cognitivecomputations/dolphin-2.6-mixtral-8x7b,500,16,58,1.0,222,0.9913929396791741,1.0,0.008607060320825921,True,222,0.9835207196475589,1.0,0.01647928035244106,True,1.0,ok,1.1102230246251565e-16
cognitivecomputations/dolphin-2.6-mixtral-8x7b,500,16,59,1.0,222,0.9912872861529344,1.0,0.008712713847065623,True,222,0.9835207196475589,1.0,0.01647928035244106,True,1.0,ok,0.0
cognitivecomputations/dolphin-2.6-mixtral-8x7b,500,16,60,1.0,222,0.9838667961987977,1.0,0.01613320380120231,True,222,0.9835207196475589,1.0,0.01647928035244106,True,0.996,ok,4.440892098500626e-16
cognitivecomputations/dolphin-2.6-mixtral-8x7b,500,16,61,1.0,222,0.9912911450826919,1.0,0.008708854917308106,True,222,0.9835207196475589,1.0,0.01647928035244106,True,1.0,ok,2.9976021664879227e-15
cognitivecomputations/dolphin-2.6-mixtral-8x7b,500,16,62,1.0,222,0.9873417969141198,1.0,0.01265820308588017,True,222,0.9835207196475589,1.0,0.01647928035244106,True,0.998,ok,2.220446049250313e-16
cognitivecomputations/dolphin-2.6-mixtral-8x7b,500,16,63,1.0,222,0.9873793717563056,1.0,0.012620628243694365,True,222,0.9835207196475589,1.0,0.01647928035244106,True,0.998,ok,1.1102230246251565e-16
cognitivecomputations/dolphin-2.6-mixtral-8x7b,500,16,64,1.0,222,0.9873187280406038,1.0,0.012681271959396168,True,222,0.9835207196475589,1.0,0.01647928035244106,True,0.998,ok,1.3322676295501878e-15
cognitivecomputations/dolphin-2.6-mixtral-8x7b,500,16,65,1.0,222,0.9912885745514042,1.0,0.008711425448595822,True,222,0.9835207196475589,1.0,0.01647928035244106,True,1.0,ok,4.440892098500626e-16
cognitivecomputations/dolphin-2.6-mixtral-8x7b,500,16,66,1.0,222,0.9913092864835151,1.0,0.008690713516484871,True,222,0.9835207196475589,1.0,0.01647928035244106,True,1.0,ok,1.1102230246251565e-15
cognitivecomputations/dolphin-2.6-mixtral-8x7b,500,16,67,1.0,222,0.9912767837916129,1.0,0.008723216208387119,True,222,0.9835207196475589,1.0,0.01647928035244106,True,1.0,ok,1.1102230246251565e-15
cognitivecomputations/dolphin-2.6-mixtral-8x7b,500,16,68,1.0,222,0.987341969393088,1.0,0.012658030606911952,True,222,0.9835207196475589,1.0,0.01647928035244106,True,0.998,ok,1.3877787807814457e-17
cognitivecomputations/dolphin-2.6-mixtral-8x7b,500,16,69,1.0,222,0.9913088633738486,1.0,0.008691136626151397,True,222,0.9835207196475589,1.0,0.01647928035244106,True,1.0,ok,3.3306690738754696e-16
cognitivecomputations/dolphin-2.6-mixtral-8x7b,500,16,70,1.0,222,0.9873771857511647,1.0,0.012622814248835268,True,222,0.9835207196475589,1.0,0.01647928035244106,True,0.998,ok,8.881784197001252e-16
cognitivecomputations/dolphin-2.6-mixtral-8x7b,500,16,71,1.0,222,0.9873395257450027,1.0,0.012660474254997278,True,222,0.9835207196475589,1.0,0.01647928035244106,True,0.998,ok,2.220446049250313e-16
cognitivecomputations/dolphin-2.6-mixtral-8x7b,500,16,72,1.0,222,0.9912868684869833,1.0,0.00871313151301667,True,222,0.9835207196475589,1.0,0.01647928035244106,True,1.0,ok,1.1102230246251565e-16
cognitivecomputations/dolphin-2.6-mixtral-8x7b,500,16,73,1.0,222,0.9838895009110131,1.0,0.016110499088986874,True,222,0.9835207196475589,1.0,0.01647928035244106,True,0.996,ok,2.220446049250313e-16
cognitivecomputations/dolphin-2.6-mixtral-8x7b,500,16,74,1.0,222,0.9913463335503343,1.0,0.008653666449665698,True,222,0.9835207196475589,1.0,0.01647928035244106,True,1.0,ok,1.1102230246251565e-16
cognitivecomputations/dolphin-2.6-mixtral-8x7b,500,16,75,1.0,222,0.9913928390145706,1.0,0.008607160985429352,True,222,0.9835207196475589,1.0,0.01647928035244106,True,1.0,ok,8.881784197001252e-15
cognitivecomputations/dolphin-2.6-mixtral-8x7b,500,16,76,1.0,222,0.9914491132674719,1.0,0.008550886732528129,True,222,0.9835207196475589,1.0,0.01647928035244106,True,1.0,ok,1.1102230246251565e-16
cognitivecomputations/dolphin-2.6-mixtral-8x7b,500,16,77,1.0,222,0.9838851769912887,1.0,0.016114823008711254,True,222,0.9835207196475589,1.0,0.01647928035244106,True,0.996,ok,2.220446049250313e-16
cognitivecomputations/dolphin-2.6-mixtral-8x7b,500,16,78,1.0,222,0.9912805312486135,1.0,0.008719468751386517,True,222,0.9835207196475589,1.0,0.01647928035244106,True,1.0,ok,1.1102230246251565e-16
cognitivecomputations/dolphin-2.6-mixtral-8x7b,500,16,79,1.0,222,0.991277078763872,1.0,0.008722921236127945,True,222,0.9835207196475589,1.0,0.01647928035244106,True,1.0,ok,2.220446049250313e-16
cognitivecomputations/dolphin-2.6-mixtral-8x7b,500,16,80,1.0,222,0.9913456279203169,1.0,0.008654372079683115,True,222,0.9835207196475589,1.0,0.01647928035244106,True,1.0,ok,2.220446049250313e-16
cognitivecomputations/dolphin-2.6-mixtral-8x7b,500,16,81,1.0,222,0.9912866521718265,1.0,0.008713347828173457,True,222,0.9835207196475589,1.0,0.01647928035244106,True,1.0,ok,1.1102230246251565e-16
cognitivecomputations/dolphin-2.6-mixtral-8x7b,500,16,82,1.0,222,0.9913089153465098,1.0,0.008691084653490222,True,222,0.9835207196475589,1.0,0.01647928035244106,True,1.0,ok,1.3877787807814457e-17
cognitivecomputations/dolphin-2.6-mixtral-8x7b,500,16,83,1.0,222,0.9912919396469999,1.0,0.008708060353000091,True,222,0.9835207196475589,1.0,0.01647928035244106,True,1.0,ok,2.220446049250313e-16
cognitivecomputations/dolphin-2.6-mixtral-8x7b,500,16,84,1.0,222,0.9913116543113032,1.0,0.008688345688696808,True,222,0.9835207196475589,1.0,0.01647928035244106,True,1.0,ok,2.220446049250313e-16
cognitivecomputations/dolphin-2.6-mixtral-8x7b,500,16,85,1.0,222,0.9913089730845567,1.0,0.008691026915443323,True,222,0.9835207196475589,1.0,0.01647928035244106,True,1.0,ok,2.55351295663786e-15
cognitivecomputations/dolphin-2.6-mixtral-8x7b,500,16,86,1.0,222,0.9913131092146209,1.0,0.008686890785379098,True,222,0.9835207196475589,1.0,0.01647928035244106,True,1.0,ok,4.440892098500626e-16
cognitivecomputations/dolphin-2.6-mixtral-8x7b,500,16,87,1.0,222,0.9913098989792641,1.0,0.008690101020735863,True,222,0.9835207196475589,1.0,0.01647928035244106,True,1.0,ok,2.7755575615628914e-17
cognitivecomputations/dolphin-2.6-mixtral-8x7b,500,16,88,1.0,222,0.9912869201445855,1.0,0.008713079855414474,True,222,0.9835207196475589,1.0,0.01647928035244106,True,1.0,ok,3.3306690738754696e-16
cognitivecomputations/dolphin-2.6-mixtral-8x7b,500,16,89,1.0,222,0.9912865228780171,1.0,0.008713477121982893,True,222,0.9835207196475589,1.0,0.01647928035244106,True,1.0,ok,1.1102230246251565e-16
cognitivecomputations/dolphin-2.6-mixtral-8x7b,500,16,90,1.0,222,0.9912874176385167,1.0,0.008712582361483312,True,222,0.9835207196475589,1.0,0.01647928035244106,True,1.0,ok,1.1102230246251565e-16
cognitivecomputations/dolphin-2.6-mixtral-8x7b,500,16,91,1.0,222,0.9913250680789736,1.0,0.008674931921026419,True,222,0.9835207196475589,1.0,0.01647928035244106,True,1.0,ok,9.992007221626409e-16
cognitivecomputations/dolphin-2.6-mixtral-8x7b,500,16,92,1.0,222,0.9913186671349334,1.0,0.00868133286506656,True,222,0.9835207196475589,1.0,0.01647928035244106,True,1.0,ok,3.191891195797325e-16
cognitivecomputations/dolphin-2.6-mixtral-8x7b,500,16,93,1.0,222,0.9838893120036102,1.0,0.016110687996389816,True,222,0.9835207196475589,1.0,0.01647928035244106,True,0.996,ok,2.220446049250313e-16
cognitivecomputations/dolphin-2.6-mixtral-8x7b,500,16,94,1.0,222,0.9914025897615691,1.0,0.008597410238430858,True,222,0.9835207196475589,1.0,0.01647928035244106,True,1.0,ok,1.1102230246251565e-16
cognitivecomputations/dolphin-2.6-mixtral-8x7b,500,16,95,1.0,222,0.9912834257364174,1.0,0.008716574263582633,True,222,0.9835207196475589,1.0,0.01647928035244106,True,1.0,ok,4.9960036108132044e-15
cognitivecomputations/dolphin-2.6-mixtral-8x7b,500,16,96,1.0,222,0.9913095806585139,1.0,0.008690419341486066,True,222,0.9835207196475589,1.0,0.01647928035244106,True,1.0,ok,2.220446049250313e-16
cognitivecomputations/dolphin-2.6-mixtral-8x7b,500,16,97,1.0,222,0.9913449732710133,1.0,0.008655026728986659,True,222,0.9835207196475589,1.0,0.01647928035244106,True,1.0,ok,3.6637359812630166e-15
cognitivecomputations/dolphin-2.6-mixtral-8x7b,500,16,98,1.0,222,0.9913091028449924,1.0,0.008690897155007593,True,222,0.9835207196475589,1.0,0.01647928035244106,True,1.0,ok,2.7755575615628914e-17
cognitivecomputations/dolphin-2.6-mixtral-8x7b,500,16,99,1.0,222,0.9873153885777848,1.0,0.01268461142221522,True,222,0.9835207196475589,1.0,0.01647928035244106,True,0.998,ok,1.1102230246251565e-15
cognitivecomputations/dolphin-2.6-mixtral-8x7b,500,36,0,1.0,500,0.9926493899480923,1.0,0.0073506100519077355,True,500,0.9926493899480923,1.0,0.0073506100519077355,True,1.0,full_suite,0.0
cognitivecomputations/dolphin-2.6-mixtral-8x7b,500,36,1,1.0,500,0.9926493899480923,1.0,0.0073506100519077355,True,500,0.9926493899480923,1.0,0.0073506100519077355,True,1.0,full_suite,0.0
cognitivecomputations/dolphin-2.6-mixtral-8x7b,500,36,2,1.0,500,0.9926493899480923,1.0,0.0073506100519077355,True,500,0.9926493899480923,1.0,0.0073506100519077355,True,1.0,full_suite,0.0
cognitivecomputations/dolphin-2.6-mixtral-8x7b,500,36,3,1.0,500,0.9926493899480923,1.0,0.0073506100519077355,True,500,0.9926493899480923,1.0,0.0073506100519077355,True,1.0,full_suite,0.0
cognitivecomputations/dolphin-2.6-mixtral-8x7b,500,36,4,1.0,500,0.9926493899480923,1.0,0.0073506100519077355,True,500,0.9926493899480923,1.0,0.0073506100519077355,True,1.0,full_suite,0.0
cognitivecomputations/dolphin-2.6-mixtral-8x7b,500,36,5,1.0,500,0.9926493899480923,1.0,0.0073506100519077355,True,500,0.9926493899480923,1.0,0.0073506100519077355,True,1.0,full_suite,0.0
cognitivecomputations/dolphin-2.6-mixtral-8x7b,500,36,6,1.0,500,0.9926493899480923,1.0,0.0073506100519077355,True,500,0.9926493899480923,1.0,0.0073506100519077355,True,1.0,full_suite,0.0
cognitivecomputations/dolphin-2.6-mixtral-8x7b,500,36,7,1.0,500,0.9926493899480923,1.0,0.0073506100519077355,True,500,0.9926493899480923,1.0,0.0073506100519077355,True,1.0,full_suite,0.0
cognitivecomputations/dolphin-2.6-mixtral-8x7b,500,36,8,1.0,500,0.9926493899480923,1.0,0.0073506100519077355,True,500,0.9926493899480923,1.0,0.0073506100519077355,True,1.0,full_suite,0.0
cognitivecomputations/dolphin-2.6-mixtral-8x7b,500,36,9,1.0,500,0.9926493899480923,1.0,0.0073506100519077355,True,500,0.9926493899480923,1.0,0.0073506100519077355,True,1.0,full_suite,0.0
cognitivecomputations/dolphin-2.6-mixtral-8x7b,500,36,10,1.0,500,0.9926493899480923,1.0,0.0073506100519077355,True,500,0.9926493899480923,1.0,0.0073506100519077355,True,1.0,full_suite,0.0
cognitivecomputations/dolphin-2.6-mixtral-8x7b,500,36,11,1.0,500,0.9926493899480923,1.0,0.0073506100519077355,True,500,0.9926493899480923,1.0,0.0073506100519077355,True,1.0,full_suite,0.0
cognitivecomputations/dolphin-2.6-mixtral-8x7b,500,36,12,1.0,500,0.9926493899480923,1.0,0.0073506100519077355,True,500,0.9926493899480923,1.0,0.0073506100519077355,True,1.0,full_suite,0.0
cognitivecomputations/dolphin-2.6-mixtral-8x7b,500,36,13,1.0,500,0.9926493899480923,1.0,0.0073506100519077355,True,500,0.9926493899480923,1.0,0.0073506100519077355,True,1.0,full_suite,0.0
cognitivecomputations/dolphin-2.6-mixtral-8x7b,500,36,14,1.0,500,0.9926493899480923,1.0,0.0073506100519077355,True,500,0.9926493899480923,1.0,0.0073506100519077355,True,1.0,full_suite,0.0
cognitivecomputations/dolphin-2.6-mixtral-8x7b,500,36,15,1.0,500,0.9926493899480923,1.0,0.0073506100519077355,True,500,0.9926493899480923,1.0,0.0073506100519077355,True,1.0,full_suite,0.0
cognitivecomputations/dolphin-2.6-mixtral-8x7b,500,36,16,1.0,500,0.9926493899480923,1.0,0.0073506100519077355,True,500,0.9926493899480923,1.0,0.0073506100519077355,True,1.0,full_suite,0.0
cognitivecomputations/dolphin-2.6-mixtral-8x7b,500,36,17,1.0,500,0.9926493899480923,1.0,0.0073506100519077355,True,500,0.9926493899480923,1.0,0.0073506100519077355,True,1.0,full_suite,0.0
cognitivecomputations/dolphin-2.6-mixtral-8x7b,500,36,18,1.0,500,0.9926493899480923,1.0,0.0073506100519077355,True,500,0.9926493899480923,1.0,0.0073506100519077355,True,1.0,full_suite,0.0
cognitivecomputations/dolphin-2.6-mixtral-8x7b,500,36,19,1.0,500,0.9926493899480923,1.0,0.0073506100519077355,True,500,0.9926493899480923,1.0,0.0073506100519077355,True,1.0,full_suite,0.0
cognitivecomputations/dolphin-2.6-mixtral-8x7b,500,36,20,1.0,500,0.9926493899480923,1.0,0.0073506100519077355,True,500,0.9926493899480923,1.0,0.0073506100519077355,True,1.0,full_suite,0.0
cognitivecomputations/dolphin-2.6-mixtral-8x7b,500,36,21,1.0,500,0.9926493899480923,1.0,0.0073506100519077355,True,500,0.9926493899480923,1.0,0.0073506100519077355,True,1.0,full_suite,0.0
cognitivecomputations/dolphin-2.6-mixtral-8x7b,500,36,22,1.0,500,0.9926493899480923,1.0,0.0073506100519077355,True,500,0.9926493899480923,1.0,0.0073506100519077355,True,1.0,full_suite,0.0
cognitivecomputations/dolphin-2.6-mixtral-8x7b,500,36,23,1.0,500,0.9926493899480923,1.0,0.0073506100519077355,True,500,0.9926493899480923,1.0,0.0073506100519077355,True,1.0,full_suite,0.0
cognitivecomputations/dolphin-2.6-mixtral-8x7b,500,36,24,1.0,500,0.9926493899480923,1.0,0.0073506100519077355,True,500,0.9926493899480923,1.0,0.0073506100519077355,True,1.0,full_suite,0.0
cognitivecomputations/dolphin-2.6-mixtral-8x7b,500,36,25,1.0,500,0.9926493899480923,1.0,0.0073506100519077355,True,500,0.9926493899480923,1.0,0.0073506100519077355,True,1.0,full_suite,0.0
cognitivecomputations/dolphin-2.6-mixtral-8x7b,500,36,26,1.0,500,0.9926493899480923,1.0,0.0073506100519077355,True,500,0.9926493899480923,1.0,0.0073506100519077355,True,1.0,full_suite,0.0
cognitivecomputations/dolphin-2.6-mixtral-8x7b,500,36,27,1.0,500,0.9926493899480923,1.0,0.0073506100519077355,True,500,0.9926493899480923,1.0,0.0073506100519077355,True,1.0,full_suite,0.0
cognitivecomputations/dolphin-2.6-mixtral-8x7b,500,36,28,1.0,500,0.9926493899480923,1.0,0.0073506100519077355,True,500,0.9926493899480923,1.0,0.0073506100519077355,True,1.0,full_suite,0.0
cognitivecomputations/dolphin-2.6-mixtral-8x7b,500,36,29,1.0,500,0.9926493899480923,1.0,0.0073506100519077355,True,500,0.9926493899480923,1.0,0.0073506100519077355,True,1.0,full_suite,0.0
cognitivecomputations/dolphin-2.6-mixtral-8x7b,500,36,30,1.0,500,0.9926493899480923,1.0,0.0073506100519077355,True,500,0.9926493899480923,1.0,0.0073506100519077355,True,1.0,full_suite,0.0
cognitivecomputations/dolphin-2.6-mixtral-8x7b,500,36,31,1.0,500,0.9926493899480923,1.0,0.0073506100519077355,True,500,0.9926493899480923,1.0,0.0073506100519077355,True,1.0,full_suite,0.0
cognitivecomputations/dolphin-2.6-mixtral-8x7b,500,36,32,1.0,500,0.9926493899480923,1.0,0.0073506100519077355,True,500,0.9926493899480923,1.0,0.0073506100519077355,True,1.0,full_suite,0.0
cognitivecomputations/dolphin-2.6-mixtral-8x7b,500,36,33,1.0,500,0.9926493899480923,1.0,0.0073506100519077355,True,500,0.9926493899480923,1.0,0.0073506100519077355,True,1.0,full_suite,0.0
cognitivecomputations/dolphin-2.6-mixtral-8x7b,500,36,34,1.0,500,0.9926493899480923,1.0,0.0073506100519077355,True,500,0.9926493899480923,1.0,0.0073506100519077355,True,1.0,full_suite,0.0
cognitivecomputations/dolphin-2.6-mixtral-8x7b,500,36,35,1.0,500,0.9926493899480923,1.0,0.0073506100519077355,True,500,0.9926493899480923,1.0,0.0073506100519077355,True,1.0,full_suite,0.0
cognitivecomputations/dolphin-2.6-mixtral-8x7b,500,36,36,1.0,500,0.9926493899480923,1.0,0.0073506100519077355,True,500,0.9926493899480923,1.0,0.0073506100519077355,True,1.0,full_suite,0.0
cognitivecomputations/dolphin-2.6-mixtral-8x7b,500,36,37,1.0,500,0.9926493899480923,1.0,0.0073506100519077355,True,500,0.9926493899480923,1.0,0.0073506100519077355,True,1.0,full_suite,0.0
cognitivecomputations/dolphin-2.6-mixtral-8x7b,500,36,38,1.0,500,0.9926493899480923,1.0,0.0073506100519077355,True,500,0.9926493899480923,1.0,0.0073506100519077355,True,1.0,full_suite,0.0
cognitivecomputations/dolphin-2.6-mixtral-8x7b,500,36,39,1.0,500,0.9926493899480923,1.0,0.0073506100519077355,True,500,0.9926493899480923,1.0,0.0073506100519077355,True,1.0,full_suite,0.0
cognitivecomputations/dolphin-2.6-mixtral-8x7b,500,36,40,1.0,500,0.9926493899480923,1.0,0.0073506100519077355,True,500,0.9926493899480923,1.0,0.0073506100519077355,True,1.0,full_suite,0.0
cognitivecomputations/dolphin-2.6-mixtral-8x7b,500,36,41,1.0,500,0.9926493899480923,1.0,0.0073506100519077355,True,500,0.9926493899480923,1.0,0.0073506100519077355,True,1.0,full_suite,0.0
cognitivecomputations/dolphin-2.6-mixtral-8x7b,500,36,42,1.0,500,0.9926493899480923,1.0,0.0073506100519077355,True,500,0.9926493899480923,1.0,0.0073506100519077355,True,1.0,full_suite,0.0
cognitivecomputations/dolphin-2.6-mixtral-8x7b,500,36,43,1.0,500,0.9926493899480923,1.0,0.0073506100519077355,True,500,0.9926493899480923,1.0,0.0073506100519077355,True,1.0,full_suite,0.0
cognitivecomputations/dolphin-2.6-mixtral-8x7b,500,36,44,1.0,500,0.9926493899480923,1.0,0.0073506100519077355,True,500,0.9926493899480923,1.0,0.0073506100519077355,True,1.0,full_suite,0.0
cognitivecomputations/dolphin-2.6-mixtral-8x7b,500,36,45,1.0,500,0.9926493899480923,1.0,0.0073506100519077355,True,500,0.9926493899480923,1.0,0.0073506100519077355,True,1.0,full_suite,0.0
cognitivecomputations/dolphin-2.6-mixtral-8x7b,500,36,46,1.0,500,0.9926493899480923,1.0,0.0073506100519077355,True,500,0.9926493899480923,1.0,0.0073506100519077355,True,1.0,full_suite,0.0
cognitivecomputations/dolphin-2.6-mixtral-8x7b,500,36,47,1.0,500,0.9926493899480923,1.0,0.0073506100519077355,True,500,0.9926493899480923,1.0,0.0073506100519077355,True,1.0,full_suite,0.0
cognitivecomputations/dolphin-2.6-mixtral-8x7b,500,36,48,1.0,500,0.9926493899480923,1.0,0.0073506100519077355,True,500,0.9926493899480923,1.0,0.0073506100519077355,True,1.0,full_suite,0.0
cognitivecomputations/dolphin-2.6-mixtral-8x7b,500,36,49,1.0,500,0.9926493899480923,1.0,0.0073506100519077355,True,500,0.9926493899480923,1.0,0.0073506100519077355,True,1.0,full_suite,0.0
cognitivecomputations/dolphin-2.6-mixtral-8x7b,500,36,50,1.0,500,0.9926493899480923,1.0,0.0073506100519077355,True,500,0.9926493899480923,1.0,0.0073506100519077355,True,1.0,full_suite,0.0
cognitivecomputations/dolphin-2.6-mixtral-8x7b,500,36,51,1.0,500,0.9926493899480923,1.0,0.0073506100519077355,True,500,0.9926493899480923,1.0,0.0073506100519077355,True,1.0,full_suite,0.0
cognitivecomputations/dolphin-2.6-mixtral-8x7b,500,36,52,1.0,500,0.9926493899480923,1.0,0.0073506100519077355,True,500,0.9926493899480923,1.0,0.0073506100519077355,True,1.0,full_suite,0.0
cognitivecomputations/dolphin-2.6-mixtral-8x7b,500,36,53,1.0,500,0.9926493899480923,1.0,0.0073506100519077355,True,500,0.9926493899480923,1.0,0.0073506100519077355,True,1.0,full_suite,0.0
cognitivecomputations/dolphin-2.6-mixtral-8x7b,500,36,54,1.0,500,0.9926493899480923,1.0,0.0073506100519077355,True,500,0.9926493899480923,1.0,0.0073506100519077355,True,1.0,full_suite,0.0
cognitivecomputations/dolphin-2.6-mixtral-8x7b,500,36,55,1.0,500,0.9926493899480923,1.0,0.0073506100519077355,True,500,0.9926493899480923,1.0,0.0073506100519077355,True,1.0,full_suite,0.0
cognitivecomputations/dolphin-2.6-mixtral-8x7b,500,36,56,1.0,500,0.9926493899480923,1.0,0.0073506100519077355,True,500,0.9926493899480923,1.0,0.0073506100519077355,True,1.0,full_suite,0.0
cognitivecomputations/dolphin-2.6-mixtral-8x7b,500,36,57,1.0,500,0.9926493899480923,1.0,0.0073506100519077355,True,500,0.9926493899480923,1.0,0.0073506100519077355,True,1.0,full_suite,0.0
cognitivecomputations/dolphin-2.6-mixtral-8x7b,500,36,58,1.0,500,0.9926493899480923,1.0,0.0073506100519077355,True,500,0.9926493899480923,1.0,0.0073506100519077355,True,1.0,full_suite,0.0
cognitivecomputations/dolphin-2.6-mixtral-8x7b,500,36,59,1.0,500,0.9926493899480923,1.0,0.0073506100519077355,True,500,0.9926493899480923,1.0,0.0073506100519077355,True,1.0,full_suite,0.0
cognitivecomputations/dolphin-2.6-mixtral-8x7b,500,36,60,1.0,500,0.9926493899480923,1.0,0.0073506100519077355,True,500,0.9926493899480923,1.0,0.0073506100519077355,True,1.0,full_suite,0.0
cognitivecomputations/dolphin-2.6-mixtral-8x7b,500,36,61,1.0,500,0.9926493899480923,1.0,0.0073506100519077355,True,500,0.9926493899480923,1.0,0.0073506100519077355,True,1.0,full_suite,0.0
cognitivecomputations/dolphin-2.6-mixtral-8x7b,500,36,62,1.0,500,0.9926493899480923,1.0,0.0073506100519077355,True,500,0.9926493899480923,1.0,0.0073506100519077355,True,1.0,full_suite,0.0
cognitivecomputations/dolphin-2.6-mixtral-8x7b,500,36,63,1.0,500,0.9926493899480923,1.0,0.0073506100519077355,True,500,0.9926493899480923,1.0,0.0073506100519077355,True,1.0,full_suite,0.0
cognitivecomputations/dolphin-2.6-mixtral-8x7b,500,36,64,1.0,500,0.9926493899480923,1.0,0.0073506100519077355,True,500,0.9926493899480923,1.0,0.0073506100519077355,True,1.0,full_suite,0.0
cognitivecomputations/dolphin-2.6-mixtral-8x7b,500,36,65,1.0,500,0.9926493899480923,1.0,0.0073506100519077355,True,500,0.9926493899480923,1.0,0.0073506100519077355,True,1.0,full_suite,0.0
cognitivecomputations/dolphin-2.6-mixtral-8x7b,500,36,66,1.0,500,0.9926493899480923,1.0,0.0073506100519077355,True,500,0.9926493899480923,1.0,0.0073506100519077355,True,1.0,full_suite,0.0
cognitivecomputations/dolphin-2.6-mixtral-8x7b,500,36,67,1.0,500,0.9926493899480923,1.0,0.0073506100519077355,True,500,0.9926493899480923,1.0,0.0073506100519077355,True,1.0,full_suite,0.0
cognitivecomputations/dolphin-2.6-mixtral-8x7b,500,36,68,1.0,500,0.9926493899480923,1.0,0.0073506100519077355,True,500,0.9926493899480923,1.0,0.0073506100519077355,True,1.0,full_suite,0.0
cognitivecomputations/dolphin-2.6-mixtral-8x7b,500,36,69,1.0,500,0.9926493899480923,1.0,0.0073506100519077355,True,500,0.9926493899480923,1.0,0.0073506100519077355,True,1.0,full_suite,0.0
cognitivecomputations/dolphin-2.6-mixtral-8x7b,500,36,70,1.0,500,0.9926493899480923,1.0,0.0073506100519077355,True,500,0.9926493899480923,1.0,0.0073506100519077355,True,1.0,full_suite,0.0
cognitivecomputations/dolphin-2.6-mixtral-8x7b,500,36,71,1.0,500,0.9926493899480923,1.0,0.0073506100519077355,True,500,0.9926493899480923,1.0,0.0073506100519077355,True,1.0,full_suite,0.0
cognitivecomputations/dolphin-2.6-mixtral-8x7b,500,36,72,1.0,500,0.9926493899480923,1.0,0.0073506100519077355,True,500,0.9926493899480923,1.0,0.0073506100519077355,True,1.0,full_suite,0.0
cognitivecomputations/dolphin-2.6-mixtral-8x7b,500,36,73,1.0,500,0.9926493899480923,1.0,0.0073506100519077355,True,500,0.9926493899480923,1.0,0.0073506100519077355,True,1.0,full_suite,0.0
cognitivecomputations/dolphin-2.6-mixtral-8x7b,500,36,74,1.0,500,0.9926493899480923,1.0,0.0073506100519077355,True,500,0.9926493899480923,1.0,0.0073506100519077355,True,1.0,full_suite,0.0
cognitivecomputations/dolphin-2.6-mixtral-8x7b,500,36,75,1.0,500,0.9926493899480923,1.0,0.0073506100519077355,True,500,0.9926493899480923,1.0,0.0073506100519077355,True,1.0,full_suite,0.0
cognitivecomputations/dolphin-2.6-mixtral-8x7b,500,36,76,1.0,500,0.9926493899480923,1.0,0.0073506100519077355,True,500,0.9926493899480923,1.0,0.0073506100519077355,True,1.0,full_suite,0.0
cognitivecomputations/dolphin-2.6-mixtral-8x7b,500,36,77,1.0,500,0.9926493899480923,1.0,0.0073506100519077355,True,500,0.9926493899480923,1.0,0.0073506100519077355,True,1.0,full_suite,0.0
cognitivecomputations/dolphin-2.6-mixtral-8x7b,500,36,78,1.0,500,0.9926493899480923,1.0,0.0073506100519077355,True,500,0.9926493899480923,1.0,0.0073506100519077355,True,1.0,full_suite,0.0
cognitivecomputations/dolphin-2.6-mixtral-8x7b,500,36,79,1.0,500,0.9926493899480923,1.0,0.0073506100519077355,True,500,0.9926493899480923,1.0,0.0073506100519077355,True,1.0,full_suite,0.0
cognitivecomputations/dolphin-2.6-mixtral-8x7b,500,36,80,1.0,500,0.9926493899480923,1.0,0.0073506100519077355,True,500,0.9926493899480923,1.0,0.0073506100519077355,True,1.0,full_suite,0.0
cognitivecomputations/dolphin-2.6-mixtral-8x7b,500,36,81,1.0,500,0.9926493899480923,1.0,0.0073506100519077355,True,500,0.9926493899480923,1.0,0.0073506100519077355,True,1.0,full_suite,0.0
cognitivecomputations/dolphin-2.6-mixtral-8x7b,500,36,82,1.0,500,0.9926493899480923,1.0,0.0073506100519077355,True,500,0.9926493899480923,1.0,0.0073506100519077355,True,1.0,full_suite,0.0
cognitivecomputations/dolphin-2.6-mixtral-8x7b,500,36,83,1.0,500,0.9926493899480923,1.0,0.0073506100519077355,True,500,0.9926493899480923,1.0,0.0073506100519077355,True,1.0,full_suite,0.0
cognitivecomputations/dolphin-2.6-mixtral-8x7b,500,36,84,1.0,500,0.9926493899480923,1.0,0.0073506100519077355,True,500,0.9926493899480923,1.0,0.0073506100519077355,True,1.0,full_suite,0.0
cognitivecomputations/dolphin-2.6-mixtral-8x7b,500,36,85,1.0,500,0.9926493899480923,1.0,0.0073506100519077355,True,500,0.9926493899480923,1.0,0.0073506100519077355,True,1.0,full_suite,0.0
cognitivecomputations/dolphin-2.6-mixtral-8x7b,500,36,86,1.0,500,0.9926493899480923,1.0,0.0073506100519077355,True,500,0.9926493899480923,1.0,0.0073506100519077355,True,1.0,full_suite,0.0
cognitivecomputations/dolphin-2.6-mixtral-8x7b,500,36,87,1.0,500,0.9926493899480923,1.0,0.0073506100519077355,True,500,0.9926493899480923,1.0,0.0073506100519077355,True,1.0,full_suite,0.0
cognitivecomputations/dolphin-2.6-mixtral-8x7b,500,36,88,1.0,500,0.9926493899480923,1.0,0.0073506100519077355,True,500,0.9926493899480923,1.0,0.0073506100519077355,True,1.0,full_suite,0.0
cognitivecomputations/dolphin-2.6-mixtral-8x7b,500,36,89,1.0,500,0.9926493899480923,1.0,0.0073506100519077355,True,500,0.9926493899480923,1.0,0.0073506100519077355,True,1.0,full_suite,0.0
cognitivecomputations/dolphin-2.6-mixtral-8x7b,500,36,90,1.0,500,0.9926493899480923,1.0,0.0073506100519077355,True,500,0.9926493899480923,1.0,0.0073506100519077355,True,1.0,full_suite,0.0
cognitivecomputations/dolphin-2.6-mixtral-8x7b,500,36,91,1.0,500,0.9926493899480923,1.0,0.0073506100519077355,True,500,0.9926493899480923,1.0,0.0073506100519077355,True,1.0,full_suite,0.0
cognitivecomputations/dolphin-2.6-mixtral-8x7b,500,36,92,1.0,500,0.9926493899480923,1.0,0.0073506100519077355,True,500,0.9926493899480923,1.0,0.0073506100519077355,True,1.0,full_suite,0.0
cognitivecomputations/dolphin-2.6-mixtral-8x7b,500,36,93,1.0,500,0.9926493899480923,1.0,0.0073506100519077355,True,500,0.9926493899480923,1.0,0.0073506100519077355,True,1.0,full_suite,0.0
cognitivecomputations/dolphin-2.6-mixtral-8x7b,500,36,94,1.0,500,0.9926493899480923,1.0,0.0073506100519077355,True,500,0.9926493899480923,1.0,0.0073506100519077355,True,1.0,full_suite,0.0
cognitivecomputations/dolphin-2.6-mixtral-8x7b,500,36,95,1.0,500,0.9926493899480923,1.0,0.0073506100519077355,True,500,0.9926493899480923,1.0,0.0073506100519077355,True,1.0,full_suite,0.0
cognitivecomputations/dolphin-2.6-mixtral-8x7b,500,36,96,1.0,500,0.9926493899480923,1.0,0.0073506100519077355,True,500,0.9926493899480923,1.0,0.0073506100519077355,True,1.0,full_suite,0.0
cognitivecomputations/dolphin-2.6-mixtral-8x7b,500,36,97,1.0,500,0.9926493899480923,1.0,0.0073506100519077355,True,500,0.9926493899480923,1.0,0.0073506100519077355,True,1.0,full_suite,0.0
cognitivecomputations/dolphin-2.6-mixtral-8x7b,500,36,98,1.0,500,0.9926493899480923,1.0,0.0073506100519077355,True,500,0.9926493899480923,1.0,0.0073506100519077355,True,1.0,full_suite,0.0
cognitivecomputations/dolphin-2.6-mixtral-8x7b,500,36,99,1.0,500,0.9926493899480923,1.0,0.0073506100519077355,True,500,0.9926493899480923,1.0,0.0073506100519077355,True,1.0,full_suite,0.0
gpt-3.5-turbo,500,4,0,0.9968051118210862,55,0.83546811100001,1.0,0.16453188899999005,True,55,0.9351292391745754,1.0,0.06487076082542464,True,0.782,ok,1.1102230246251565e-16
gpt-3.5-turbo,500,4,1,0.9968051118210862,55,0.8171190939462561,1.0,0.18288090605374385,True,54,0.9028089842507466,0.9995397821512043,0.09673079790045769,True,0.754,ok,2.220446049250313e-16
gpt-3.5-turbo,500,4,2,0.9968051118210862,55,0.8205322166549339,1.0,0.17946778334506608,True,55,0.9351292391745754,1.0,0.06487076082542464,True,0.76,ok,2.220446049250313e-16
gpt-3.5-turbo,500,4,3,0.9968051118210862,55,0.8885799679463804,1.0,0.11142003205361961,True,55,0.9351292391745754,1.0,0.06487076082542464,True,0.784,ok,2.220446049250313e-16
gpt-3.5-turbo,500,4,4,0.9968051118210862,55,0.8351133502687135,1.0,0.16488664973128653,True,55,0.9351292391745754,1.0,0.06487076082542464,True,0.766,ok,1.1102230246251565e-16
gpt-3.5-turbo,500,4,5,0.9968051118210862,55,0.8463258366556187,1.0,0.15367416334438133,True,55,0.9351292391745754,1.0,0.06487076082542464,True,0.746,ok,0.0
gpt-3.5-turbo,500,4,6,0.9968051118210862,55,0.8211059560367805,1.0,0.1788940439632195,True,55,0.9351292391745754,1.0,0.06487076082542464,True,0.766,ok,3.469446951953614e-18
gpt-3.5-turbo,500,4,7,0.9968051118210862,55,0.8587999966713925,1.0,0.1412000033286075,True,55,0.9351292391745754,1.0,0.06487076082542464,True,0.796,ok,0.0
gpt-3.5-turbo,500,4,8,0.9968051118210862,55,0.8546205303756219,1.0,0.1453794696243781,True,54,0.9028089842507466,0.9995397821512043,0.09673079790045769,True,0.774,ok,2.7755575615628914e-17
gpt-3.5-turbo,500,4,9,0.9968051118210862,55,0.8319677559995111,1.0,0.16803224400048888,True,54,0.9028089842507466,0.9995397821512043,0.09673079790045769,True,0.75,ok,0.0
gpt-3.5-turbo,500,4,10,0.9968051118210862,55,0.7991835193997828,1.0,0.20081648060021717,True,55,0.9351292391745754,1.0,0.06487076082542464,True,0.742,ok,2.7755575615628914e-17
gpt-3.5-turbo,500,4,11,0.9968051118210862,55,0.9239820522316131,1.0,0.07601794776838688,True,55,0.9351292391745754,1.0,0.06487076082542464,True,0.81,ok,1.1102230246251565e-16
gpt-3.5-turbo,500,4,12,0.9968051118210862,55,0.8366692547400293,1.0,0.1633307452599707,True,54,0.9028089842507466,0.9995397821512043,0.09673079790045769,True,0.746,ok,0.0
gpt-3.5-turbo,500,4,13,0.9968051118210862,55,0.8594508030911177,1.0,0.14054919690888235,True,55,0.9351292391745754,1.0,0.06487076082542464,True,0.766,ok,8.881784197001252e-16
gpt-3.5-turbo,500,4,14,0.9968051118210862,55,0.8654998895345918,1.0,0.13450011046540822,True,55,0.9351292391745754,1.0,0.06487076082542464,True,0.774,ok,0.0
gpt-3.5-turbo,500,4,15,0.9968051118210862,55,0.8834486343875585,1.0,0.1165513656124415,True,55,0.9351292391745754,1.0,0.06487076082542464,True,0.79,ok,0.0
gpt-3.5-turbo,500,4,16,0.9968051118210862,55,0.8694451166810321,1.0,0.13055488331896792,True,55,0.9351292391745754,1.0,0.06487076082542464,True,0.784,ok,1.1102230246251565e-16
gpt-3.5-turbo,500,4,17,0.9968051118210862,55,0.846934408992078,1.0,0.15306559100792205,True,54,0.9028089842507466,0.9995397821512043,0.09673079790045769,True,0.782,ok,3.469446951953614e-18
gpt-3.5-turbo,500,4,18,0.9968051118210862,55,0.7922828111111336,1.0,0.20771718888886637,True,55,0.9351292391745754,1.0,0.06487076082542464,True,0.726,ok,0.0
gpt-3.5-turbo,500,4,19,0.9968051118210862,55,0.8415095460270835,1.0,0.1584904539729165,True,55,0.9351292391745754,1.0,0.06487076082542464,True,0.766,ok,0.0
gpt-3.5-turbo,500,4,20,0.9968051118210862,55,0.8497995295733815,1.0,0.15020047042661855,True,55,0.9351292391745754,1.0,0.06487076082542464,True,0.766,ok,1.1102230246251565e-16
gpt-3.5-turbo,500,4,21,0.9968051118210862,55,0.8255465642875491,1.0,0.17445343571245087,True,55,0.9351292391745754,1.0,0.06487076082542464,True,0.766,ok,0.0
gpt-3.5-turbo,500,4,22,0.9968051118210862,55,0.8195428590570053,1.0,0.1804571409429947,True,55,0.9351292391745754,1.0,0.06487076082542464,True,0.736,ok,0.0
gpt-3.5-turbo,500,4,23,0.9968051118210862,55,0.8269818814645994,1.0,0.1730181185354006,True,55,0.9351292391745754,1.0,0.06487076082542464,True,0.762,ok,0.0
gpt-3.5-turbo,500,4,24,0.9968051118210862,55,0.8349657115779245,1.0,0.16503428842207546,True,55,0.9351292391745754,1.0,0.06487076082542464,True,0.762,ok,6.938893903907228e-18
gpt-3.5-turbo,500,4,25,0.9968051118210862,55,0.8563730828526563,1.0,0.14362691714734366,True,55,0.9351292391745754,1.0,0.06487076082542464,True,0.778,ok,0.0
gpt-3.5-turbo,500,4,26,0.9968051118210862,55,0.8678541097377976,1.0,0.13214589026220236,True,54,0.9028089842507466,0.9995397821512043,0.09673079790045769,True,0.772,ok,1.1102230246251565e-16
gpt-3.5-turbo,500,4,27,0.9968051118210862,55,0.8646015145069461,1.0,0.1353984854930539,True,55,0.9351292391745754,1.0,0.06487076082542464,True,0.76,ok,3.469446951953614e-18
gpt-3.5-turbo,500,4,28,0.9968051118210862,55,0.8368646386984224,1.0,0.16313536130157757,True,55,0.9351292391745754,1.0,0.06487076082542464,True,0.77,ok,0.0
gpt-3.5-turbo,500,4,29,0.9968051118210862,55,0.8532463536351519,1.0,0.1467536463648481,True,54,0.9028089842507466,0.9995397821512043,0.09673079790045769,True,0.78,ok,0.0
gpt-3.5-turbo,500,4,30,0.9968051118210862,55,0.8364951983944683,1.0,0.1635048016055317,True,55,0.9351292391745754,1.0,0.06487076082542464,True,0.76,ok,1.1102230246251565e-16
gpt-3.5-turbo,500,4,31,0.9968051118210862,55,0.8383096298384047,1.0,0.16169037016159526,True,54,0.9028089842507466,0.9995397821512043,0.09673079790045769,True,0.766,ok,1.1102230246251565e-16
gpt-3.5-turbo,500,4,32,0.9968051118210862,55,0.8681144673047698,1.0,0.13188553269523018,True,55,0.9351292391745754,1.0,0.06487076082542464,True,0.78,ok,0.0
gpt-3.5-turbo,500,4,33,0.9968051118210862,55,0.8090135327576088,1.0,0.1909864672423912,True,55,0.9351292391745754,1.0,0.06487076082542464,True,0.75,ok,2.220446049250313e-16
gpt-3.5-turbo,500,4,34,0.9968051118210862,55,0.8977730613784853,1.0,0.10222693862151466,True,55,0.9351292391745754,1.0,0.06487076082542464,True,0.808,ok,2.220446049250313e-16
gpt-3.5-turbo,500,4,35,0.9968051118210862,55,0.8448576034223371,1.0,0.15514239657766293,True,55,0.9351292391745754,1.0,0.06487076082542464,True,0.77,ok,1.1102230246251565e-16
gpt-3.5-turbo,500,4,36,0.9968051118210862,55,0.8654998895345918,1.0,0.13450011046540822,True,55,0.9351292391745754,1.0,0.06487076082542464,True,0.774,ok,0.0
gpt-3.5-turbo,500,4,37,0.9968051118210862,55,0.8465332074731727,1.0,0.15346679252682727,True,55,0.9351292391745754,1.0,0.06487076082542464,True,0.772,ok,0.0
gpt-3.5-turbo,500,4,38,0.9968051118210862,55,0.8828606896915082,1.0,0.11713931030849178,True,55,0.9351292391745754,1.0,0.06487076082542464,True,0.798,ok,0.0
gpt-3.5-turbo,500,4,39,0.9968051118210862,55,0.8667651148715042,1.0,0.1332348851284958,True,55,0.9351292391745754,1.0,0.06487076082542464,True,0.768,ok,6.661338147750939e-16
gpt-3.5-turbo,500,4,40,0.9968051118210862,55,0.9081510385563297,1.0,0.09184896144367027,True,55,0.9351292391745754,1.0,0.06487076082542464,True,0.786,ok,2.220446049250313e-16
gpt-3.5-turbo,500,4,41,0.9968051118210862,55,0.8482098745429828,1.0,0.1517901254570172,True,55,0.9351292391745754,1.0,0.06487076082542464,True,0.774,ok,2.7755575615628914e-17
gpt-3.5-turbo,500,4,42,0.9968051118210862,55,0.8369443915661718,1.0,0.16305560843382816,True,55,0.9351292391745754,1.0,0.06487076082542464,True,0.772,ok,6.938893903907228e-18
gpt-3.5-turbo,500,4,43,0.9968051118210862,55,0.8553422189735838,1.0,0.14465778102641624,True,55,0.9351292391745754,1.0,0.06487076082542464,True,0.804,ok,1.1102230246251565e-16
gpt-3.5-turbo,500,4,44,0.9968051118210862,55,0.8269818814645994,1.0,0.1730181185354006,True,55,0.9351292391745754,1.0,0.06487076082542464,True,0.762,ok,2.220446049250313e-16
gpt-3.5-turbo,500,4,45,0.9968051118210862,55,0.8068749509349552,1.0,0.1931250490650448,True,55,0.9351292391745754,1.0,0.06487076082542464,True,0.762,ok,0.0
gpt-3.5-turbo,500,4,46,0.9968051118210862,55,0.8222026460270689,1.0,0.17779735397293106,True,55,0.9351292391745754,1.0,0.06487076082542464,True,0.762,ok,2.220446049250313e-16
gpt-3.5-turbo,500,4,47,0.9968051118210862,55,0.8121226743175822,1.0,0.18787732568241777,True,55,0.9351292391745754,1.0,0.06487076082542464,True,0.748,ok,0.0
gpt-3.5-turbo,500,4,48,0.9968051118210862,55,0.8242323094217908,1.0,0.17576769057820918,True,55,0.9351292391745754,1.0,0.06487076082542464,True,0.768,ok,1.1102230246251565e-16
gpt-3.5-turbo,500,4,49,0.9968051118210862,55,0.8278182431818882,1.0,0.17218175681811176,True,55,0.9351292391745754,1.0,0.06487076082542464,True,0.772,ok,0.0
gpt-3.5-turbo,500,4,50,0.9968051118210862,55,0.8284186111928258,1.0,0.17158138880717422,True,55,0.9351292391745754,1.0,0.06487076082542464,True,0.786,ok,1.1102230246251565e-16
gpt-3.5-turbo,500,4,51,0.9968051118210862,55,0.850299804259908,1.0,0.14970019574009197,True,55,0.9351292391745754,1.0,0.06487076082542464,True,0.786,ok,0.0
gpt-3.5-turbo,500,4,52,0.9968051118210862,55,0.8633494197653672,1.0,0.13665058023463283,True,55,0.9351292391745754,1.0,0.06487076082542464,True,0.792,ok,2.220446049250313e-16
gpt-3.5-turbo,500,4,53,0.9968051118210862,55,0.8055471298524329,1.0,0.19445287014756707,True,55,0.9351292391745754,1.0,0.06487076082542464,True,0.762,ok,1.1102230246251565e-16
gpt-3.5-turbo,500,4,54,0.9968051118210862,55,0.8399831365604978,1.0,0.16001686343950217,True,55,0.9351292391745754,1.0,0.06487076082542464,True,0.768,ok,0.0
gpt-3.5-turbo,500,4,55,0.9968051118210862,55,0.8743336719089815,1.0,0.12566632809101852,True,55,0.9351292391745754,1.0,0.06487076082542464,True,0.778,ok,0.0
gpt-3.5-turbo,500,4,56,0.9968051118210862,55,0.877954402569489,1.0,0.12204559743051102,True,55,0.9351292391745754,1.0,0.06487076082542464,True,0.796,ok,0.0
gpt-3.5-turbo,500,4,57,0.9968051118210862,55,0.7877152926859708,1.0,0.21228470731402915,True,55,0.9351292391745754,1.0,0.06487076082542464,True,0.732,ok,0.0
gpt-3.5-turbo,500,4,58,0.9968051118210862,55,0.8170457272860568,1.0,0.18295427271394316,True,55,0.9351292391745754,1.0,0.06487076082542464,True,0.752,ok,1.1102230246251565e-16
gpt-3.5-turbo,500,4,59,0.9968051118210862,55,0.8200973109444886,1.0,0.17990268905551143,True,55,0.9351292391745754,1.0,0.06487076082542464,True,0.748,ok,0.0
gpt-3.5-turbo,500,4,60,0.9968051118210862,55,0.8481345224389225,1.0,0.1518654775610775,True,55,0.9351292391745754,1.0,0.06487076082542464,True,0.772,ok,3.469446951953614e-18
gpt-3.5-turbo,500,4,61,0.9968051118210862,55,0.8497621785775065,1.0,0.15023782142249353,True,55,0.9351292391745754,1.0,0.06487076082542464,True,0.748,ok,0.0
gpt-3.5-turbo,500,4,62,0.9968051118210862,55,0.8250249681724687,1.0,0.17497503182753127,True,55,0.9351292391745754,1.0,0.06487076082542464,True,0.752,ok,1.1102230246251565e-16
gpt-3.5-turbo,500,4,63,0.9968051118210862,55,0.8321623750878964,1.0,0.16783762491210363,True,55,0.9351292391745754,1.0,0.06487076082542464,True,0.772,ok,3.469446951953614e-18
gpt-3.5-turbo,500,4,64,0.9968051118210862,55,0.8264831754976604,1.0,0.17351682450233963,True,55,0.9351292391745754,1.0,0.06487076082542464,True,0.772,ok,0.0
gpt-3.5-turbo,500,4,65,0.9968051118210862,55,0.8684799167864309,1.0,0.13152008321356912,True,55,0.9351292391745754,1.0,0.06487076082542464,True,0.76,ok,0.0
gpt-3.5-turbo,500,4,66,0.9968051118210862,55,0.8205322166549339,1.0,0.17946778334506608,True,55,0.9351292391745754,1.0,0.06487076082542464,True,0.76,ok,1.1102230246251565e-16
gpt-3.5-turbo,500,4,67,0.9968051118210862,55,0.8121226743175822,1.0,0.18787732568241777,True,55,0.9351292391745754,1.0,0.06487076082542464,True,0.748,ok,0.0
gpt-3.5-turbo,500,4,68,0.9968051118210862,55,0.8723981321608334,1.0,0.1276018678391666,True,55,0.9351292391745754,1.0,0.06487076082542464,True,0.778,ok,4.440892098500626e-16
gpt-3.5-turbo,500,4,69,0.9968051118210862,55,0.8513103788998964,1.0,0.14868962110010364,True,55,0.9351292391745754,1.0,0.06487076082542464,True,0.768,ok,1.1102230246251565e-16
gpt-3.5-turbo,500,4,70,0.9968051118210862,55,0.8305702257336384,1.0,0.16942977426636163,True,55,0.9351292391745754,1.0,0.06487076082542464,True,0.772,ok,0.0
gpt-3.5-turbo,500,4,71,0.9968051118210862,55,0.8740898110418555,1.0,0.12591018895814454,True,55,0.9351292391745754,1.0,0.06487076082542464,True,0.77,ok,2.220446049250313e-16
gpt-3.5-turbo,500,4,72,0.9968051118210862,55,0.8131123028237115,1.0,0.1868876971762885,True,54,0.9028089842507466,0.9995397821512043,0.09673079790045769,True,0.766,ok,1.1102230246251565e-16
gpt-3.5-turbo,500,4,73,0.9968051118210862,55,0.8394756805264005,1.0,0.16052431947359946,True,55,0.9351292391745754,1.0,0.06487076082542464,True,0.782,ok,6.938893903907228e-18
gpt-3.5-turbo,500,4,74,0.9968051118210862,55,0.7889768164603305,1.0,0.21102318353966953,True,55,0.9351292391745754,1.0,0.06487076082542464,True,0.722,ok,0.0
gpt-3.5-turbo,500,4,75,0.9968051118210862,55,0.8448576034223371,1.0,0.15514239657766293,True,54,0.9028089842507466,0.9995397821512043,0.09673079790045769,True,0.77,ok,1.1102230246251565e-16
gpt-3.5-turbo,500,4,76,0.9968051118210862,55,0.8595089690989937,1.0,0.14049103090100634,True,55,0.9351292391745754,1.0,0.06487076082542464,True,0.776,ok,1.1102230246251565e-16
gpt-3.5-turbo,500,4,77,0.9968051118210862,55,0.8853115457079351,1.0,0.11468845429206487,True,55,0.9351292391745754,1.0,0.06487076082542464,True,0.772,ok,4.440892098500626e-16
gpt-3.5-turbo,500,4,78,0.9968051118210862,55,0.8022222685913832,1.0,0.19777773140861676,True,55,0.9351292391745754,1.0,0.06487076082542464,True,0.738,ok,0.0
gpt-3.5-turbo,500,4,79,0.9968051118210862,55,0.8247413470993648,1.0,0.17525865290063525,True,55,0.9351292391745754,1.0,0.06487076082542464,True,0.776,ok,1.1102230246251565e-16
gpt-3.5-turbo,500,4,80,0.9968051118210862,55,0.8701186866719851,1.0,0.1298813133280149,True,55,0.9351292391745754,1.0,0.06487076082542464,True,0.78,ok,2.220446049250313e-16
gpt-3.5-turbo,500,4,81,0.9968051118210862,55,0.8598940839495723,1.0,0.14010591605042766,True,55,0.9351292391745754,1.0,0.06487076082542464,True,0.786,ok,0.0
gpt-3.5-turbo,500,4,82,0.9968051118210862,55,0.8562982703267658,1.0,0.14370172967323425,True,55,0.9351292391745754,1.0,0.06487076082542464,True,0.776,ok,1.1102230246251565e-16
gpt-3.5-turbo,500,4,83,0.9968051118210862,55,0.8810906978591903,1.0,0.11890930214080975,True,54,0.9028089842507466,0.9995397821512043,0.09673079790045769,True,0.794,ok,1.1102230246251565e-16
gpt-3.5-turbo,500,4,84,0.9968051118210862,55,0.9189687443564053,1.0,0.0810312556435947,True,55,0.9351292391745754,1.0,0.06487076082542464,True,0.806,ok,0.0
gpt-3.5-turbo,500,4,85,0.9968051118210862,55,0.8543117550984088,1.0,0.14568824490159116,True,55,0.9351292391745754,1.0,0.06487076082542464,True,0.794,ok,0.0
gpt-3.5-turbo,500,4,86,0.9968051118210862,55,0.8868252482104529,1.0,0.11317475178954706,True,55,0.9351292391745754,1.0,0.06487076082542464,True,0.774,ok,0.0
gpt-3.5-turbo,500,4,87,0.9968051118210862,55,0.8367868569908063,1.0,0.16321314300919365,True,55,0.9351292391745754,1.0,0.06487076082542464,True,0.768,ok,2.7755575615628914e-17
gpt-3.5-turbo,500,4,88,0.9968051118210862,55,0.8450891025410533,1.0,0.1549108974589467,True,55,0.9351292391745754,1.0,0.06487076082542464,True,0.776,ok,1.1102230246251565e-16
gpt-3.5-turbo,500,4,89,0.9968051118210862,55,0.8397669427323531,1.0,0.16023305726764692,True,55,0.9351292391745754,1.0,0.06487076082542464,True,0.762,ok,0.0
gpt-3.5-turbo,500,4,90,0.9968051118210862,55,0.8682769066816954,1.0,0.13172309331830456,True,55,0.9351292391745754,1.0,0.06487076082542464,True,0.77,ok,0.0
gpt-3.5-turbo,500,4,91,0.9968051118210862,55,0.8513398529091831,1.0,0.14866014709081687,True,55,0.9351292391745754,1.0,0.06487076082542464,True,0.772,ok,0.0
gpt-3.5-turbo,500,4,92,0.9968051118210862,55,0.8838635044884086,1.0,0.11613649551159144,True,55,0.9351292391745754,1.0,0.06487076082542464,True,0.788,ok,0.0
gpt-3.5-turbo,500,4,93,0.9968051118210862,55,0.8157613827454916,1.0,0.1842386172545084,True,55,0.9351292391745754,1.0,0.06487076082542464,True,0.76,ok,0.0
gpt-3.5-turbo,500,4,94,0.9968051118210862,55,0.8359343569762543,1.0,0.1640656430237457,True,55,0.9351292391745754,1.0,0.06487076082542464,True,0.784,ok,1.1102230246251565e-16
gpt-3.5-turbo,500,4,95,0.9968051118210862,55,0.8314899263315326,1.0,0.16851007366846738,True,55,0.9351292391745754,1.0,0.06487076082542464,True,0.754,ok,1.1102230246251565e-16
gpt-3.5-turbo,500,4,96,0.9968051118210862,55,0.8205322166549339,1.0,0.17946778334506608,True,55,0.9351292391745754,1.0,0.06487076082542464,True,0.76,ok,0.0
gpt-3.5-turbo,500,4,97,0.9968051118210862,55,0.8866392055642159,1.0,0.11336079443578406,True,55,0.9351292391745754,1.0,0.06487076082542464,True,0.784,ok,2.220446049250313e-16
gpt-3.5-turbo,500,4,98,0.9968051118210862,55,0.7637948207727009,1.0,0.2362051792272991,True,54,0.9028089842507466,0.9995397821512043,0.09673079790045769,True,0.718,ok,2.7755575615628914e-17
gpt-3.5-turbo,500,4,99,0.9968051118210862,55,0.838603699650366,1.0,0.16139630034963404,True,55,0.9351292391745754,1.0,0.06487076082542464,True,0.784,ok,5.551115123125783e-17
gpt-3.5-turbo,500,16,0,0.9968051118210862,222,0.9814305292848859,1.0,0.018569470715114056,True,222,0.9835207196475589,1.0,0.01647928035244106,True,0.994,ok,1.4432899320127035e-15
gpt-3.5-turbo,500,16,1,0.9968051118210862,222,0.9822547894602092,1.0,0.017745210539790834,True,221,0.9751594047009726,0.9998859623226809,0.02472655762170828,True,0.994,ok,3.3306690738754696e-16
gpt-3.5-turbo,500,16,2,0.9968051118210862,222,0.9703526684513344,1.0,0.029647331548665612,True,222,0.9835207196475589,1.0,0.01647928035244106,True,0.986,ok,1.3322676295501878e-15
gpt-3.5-turbo,500,16,3,0.9968051118210862,222,0.9694660946189823,1.0,0.030533905381017745,True,221,0.9751594047009726,0.9998859623226809,0.02472655762170828,True,0.986,ok,1.7763568394002505e-15
gpt-3.5-turbo,500,16,4,0.9968051118210862,222,0.9753243830508791,1.0,0.024675616949120904,True,222,0.9835207196475589,1.0,0.01647928035244106,True,0.99,ok,2.220446049250313e-16
gpt-3.5-turbo,500,16,5,0.9968051118210862,222,0.9755718599751393,1.0,0.02442814002486071,True,222,0.9835207196475589,1.0,0.01647928035244106,True,0.99,ok,2.220446049250313e-16
gpt-3.5-turbo,500,16,6,0.9968051118210862,222,0.9755449726429707,1.0,0.024455027357029313,True,222,0.9835207196475589,1.0,0.01647928035244106,True,0.99,ok,8.881784197001252e-16
gpt-3.5-turbo,500,16,7,0.9968051118210862,222,0.9816566546598691,1.0,0.018343345340130934,True,222,0.9835207196475589,1.0,0.01647928035244106,True,0.994,ok,1.1102230246251565e-16
gpt-3.5-turbo,500,16,8,0.9968051118210862,222,0.9698909771911457,1.0,0.030109022808854302,True,221,0.9751594047009726,0.9998859623226809,0.02472655762170828,True,0.986,ok,5.551115123125783e-16
gpt-3.5-turbo,500,16,9,0.9968051118210862,222,0.9784795079218426,1.0,0.021520492078157427,True,221,0.9751594047009726,0.9998859623226809,0.02472655762170828,True,0.992,ok,1.6653345369377348e-15
gpt-3.5-turbo,500,16,10,0.9968051118210862,222,0.9641453093368219,1.0,0.035854690663178146,True,221,0.9751594047009726,0.9998859623226809,0.02472655762170828,True,0.982,ok,4.440892098500626e-16
gpt-3.5-turbo,500,16,11,0.9968051118210862,222,0.9642323037913217,1.0,0.03576769620867826,True,222,0.9835207196475589,1.0,0.01647928035244106,True,0.982,ok,1.1102230246251565e-16
gpt-3.5-turbo,500,16,12,0.9968051118210862,222,0.9822191979803796,1.0,0.0177808020196204,True,222,0.9835207196475589,1.0,0.01647928035244106,True,0.994,ok,6.522560269672795e-16
gpt-3.5-turbo,500,16,13,0.9968051118210862,222,0.9736030123769013,1.0,0.026396987623098722,True,221,0.9751594047009726,0.9998859623226809,0.02472655762170828,True,0.988,ok,6.128431095930864e-14
gpt-3.5-turbo,500,16,14,0.9968051118210862,222,0.9696429168089024,1.0,0.030357083191097645,True,220,0.9678370714144052,0.9989070990266307,0.031070027612225437,True,0.986,ok,0.0
gpt-3.5-turbo,500,16,15,0.9968051118210862,222,0.9684195290233135,1.0,0.03158047097668648,True,221,0.9751594047009726,0.9998859623226809,0.02472655762170828,True,0.984,ok,4.3021142204224816e-16
gpt-3.5-turbo,500,16,16,0.9968051118210862,222,0.9726854745125102,1.0,0.027314525487489805,True,222,0.9835207196475589,1.0,0.01647928035244106,True,0.988,ok,4.440892098500626e-16
gpt-3.5-turbo,500,16,17,0.9968051118210862,222,0.9880570066476377,1.0,0.011942993352362263,True,222,0.9835207196475589,1.0,0.01647928035244106,True,0.998,ok,3.4416913763379853e-15
gpt-3.5-turbo,500,16,18,0.9968051118210862,222,0.9815901699946965,1.0,0.018409830005303496,True,221,0.9751594047009726,0.9998859623226809,0.02472655762170828,True,0.994,ok,6.661338147750939e-16
gpt-3.5-turbo,500,16,19,0.9968051118210862,222,0.9657178752898197,1.0,0.03428212471018033,True,221,0.9751594047009726,0.9998859623226809,0.02472655762170828,True,0.982,ok,4.551914400963142e-15
gpt-3.5-turbo,500,16,20,0.9968051118210862,222,0.9702665220711576,1.0,0.0297334779288424,True,222,0.9835207196475589,1.0,0.01647928035244106,True,0.986,ok,1.1102230246251565e-16
gpt-3.5-turbo,500,16,21,0.9968051118210862,222,0.9725672568402723,1.0,0.027432743159727657,True,222,0.9835207196475589,1.0,0.01647928035244106,True,0.988,ok,6.661338147750939e-16
gpt-3.5-turbo,500,16,22,0.9968051118210862,222,0.9643759627665033,1.0,0.03562403723349672,True,221,0.9751594047009726,0.9998859623226809,0.02472655762170828,True,0.982,ok,1.4155343563970746e-15
gpt-3.5-turbo,500,16,23,0.9968051118210862,222,0.9699403711551796,1.0,0.030059628844820385,True,222,0.9835207196475589,1.0,0.01647928035244106,True,0.986,ok,2.3314683517128287e-15
gpt-3.5-turbo,500,16,24,0.9968051118210862,222,0.979344098970979,1.0,0.02065590102902104,True,221,0.9751594047009726,0.9998859623226809,0.02472655762170828,True,0.992,ok,1.1796119636642288e-15
gpt-3.5-turbo,500,16,25,0.9968051118210862,222,0.972451840858476,1.0,0.027548159141523976,True,221,0.9751594047009726,0.9998859623226809,0.02472655762170828,True,0.988,ok,2.220446049250313e-16
gpt-3.5-turbo,500,16,26,0.9968051118210862,222,0.975811503199085,1.0,0.02418849680091495,True,222,0.9835207196475589,1.0,0.01647928035244106,True,0.99,ok,4.773959005888173e-15
gpt-3.5-turbo,500,16,27,0.9968051118210862,222,0.9725656808724199,1.0,0.027434319127580098,True,220,0.9678370714144052,0.9989070990266307,0.031070027612225437,True,0.988,ok,2.886579864025407e-15
gpt-3.5-turbo,500,16,28,0.9968051118210862,222,0.9641271940079099,1.0,0.035872805992090084,True,220,0.9678370714144052,0.9989070990266307,0.031070027612225437,True,0.982,ok,6.661338147750939e-16
gpt-3.5-turbo,500,16,29,0.9968051118210862,222,0.9783681117050992,1.0,0.021631888294900814,True,221,0.9751594047009726,0.9998859623226809,0.02472655762170828,True,0.992,ok,1.942890293094024e-16
gpt-3.5-turbo,500,16,30,0.9968051118210862,222,0.9673411875007344,1.0,0.03265881249926561,True,222,0.9835207196475589,1.0,0.01647928035244106,True,0.984,ok,1.6181500583911657e-14
gpt-3.5-turbo,500,16,31,0.9968051118210862,222,0.9736426045872869,1.0,0.02635739541271309,True,222,0.9835207196475589,1.0,0.01647928035244106,True,0.988,ok,1.3877787807814457e-16
gpt-3.5-turbo,500,16,32,0.9968051118210862,222,0.9829328847123665,1.0,0.017067115287633494,True,219,0.961017862282884,0.9972044713562254,0.03618660907334137,True,0.994,ok,1.3877787807814457e-17
gpt-3.5-turbo,500,16,33,0.9968051118210862,222,0.9736068096397237,1.0,0.02639319036027632,True,221,0.9751594047009726,0.9998859623226809,0.02472655762170828,True,0.988,ok,1.8041124150158794e-16
gpt-3.5-turbo,500,16,34,0.9968051118210862,222,0.9784044683444615,1.0,0.021595531655538514,True,221,0.9751594047009726,0.9998859623226809,0.02472655762170828,True,0.992,ok,2.4424906541753444e-15
gpt-3.5-turbo,500,16,35,0.9968051118210862,222,0.9770491156803902,1.0,0.022950884319609788,True,220,0.9678370714144052,0.9989070990266307,0.031070027612225437,True,0.99,ok,8.881784197001252e-16
gpt-3.5-turbo,500,16,36,0.9968051118210862,222,0.9717663306375446,1.0,0.028233669362455416,True,222,0.9835207196475589,1.0,0.01647928035244106,True,0.986,ok,0.0
gpt-3.5-turbo,500,16,37,0.9968051118210862,222,0.9697969796416973,1.0,0.03020302035830269,True,222,0.9835207196475589,1.0,0.01647928035244106,True,0.986,ok,1.3322676295501878e-15
gpt-3.5-turbo,500,16,38,0.9968051118210862,222,0.970522343983296,1.0,0.029477656016704046,True,222,0.9835207196475589,1.0,0.01647928035244106,True,0.986,ok,1.4432899320127035e-15
gpt-3.5-turbo,500,16,39,0.9968051118210862,222,0.972984909571469,1.0,0.027015090428531008,True,222,0.9835207196475589,1.0,0.01647928035244106,True,0.988,ok,6.938893903907228e-18
gpt-3.5-turbo,500,16,40,0.9968051118210862,222,0.9758170856114683,1.0,0.024182914388531707,True,222,0.9835207196475589,1.0,0.01647928035244106,True,0.99,ok,1.9984014443252818e-15
gpt-3.5-turbo,500,16,41,0.9968051118210862,222,0.9797561467396781,1.0,0.020243853260321854,True,219,0.961017862282884,0.9972044713562254,0.03618660907334137,True,0.992,ok,3.219646771412954e-15
gpt-3.5-turbo,500,16,42,0.9968051118210862,222,0.973728964630466,1.0,0.026271035369534013,True,222,0.9835207196475589,1.0,0.01647928035244106,True,0.988,ok,2.220446049250313e-16
gpt-3.5-turbo,500,16,43,0.9968051118210862,222,0.9655233595279537,1.0,0.03447664047204635,True,222,0.9835207196475589,1.0,0.01647928035244106,True,0.982,ok,3.469446951953614e-16
gpt-3.5-turbo,500,16,44,0.9968051118210862,222,0.9687967213686364,1.0,0.03120327863136363,True,222,0.9835207196475589,1.0,0.01647928035244106,True,0.984,ok,2.220446049250313e-16
gpt-3.5-turbo,500,16,45,0.9968051118210862,222,0.9835167486242583,1.0,0.016483251375741692,True,220,0.9678370714144052,0.9989070990266307,0.031070027612225437,True,0.994,ok,2.55351295663786e-15
gpt-3.5-turbo,500,16,46,0.9968051118210862,222,0.9734623152964816,1.0,0.02653768470351836,True,222,0.9835207196475589,1.0,0.01647928035244106,True,0.988,ok,1.6653345369377348e-16
gpt-3.5-turbo,500,16,47,0.9968051118210862,222,0.9790906358140486,1.0,0.02090936418595135,True,222,0.9835207196475589,1.0,0.01647928035244106,True,0.992,ok,2.498001805406602e-16
gpt-3.5-turbo,500,16,48,0.9968051118210862,222,0.981912436424627,1.0,0.018087563575373,True,221,0.9751594047009726,0.9998859623226809,0.02472655762170828,True,0.994,ok,3.3306690738754696e-16
gpt-3.5-turbo,500,16,49,0.9968051118210862,222,0.9674440268961084,1.0,0.03255597310389158,True,222,0.9835207196475589,1.0,0.01647928035244106,True,0.984,ok,1.1102230246251565e-16
gpt-3.5-turbo,500,16,50,0.9968051118210862,222,0.9737511385902802,1.0,0.026248861409719826,True,221,0.9751594047009726,0.9998859623226809,0.02472655762170828,True,0.988,ok,9.914291609902648e-14
gpt-3.5-turbo,500,16,51,0.9968051118210862,222,0.9724638566506579,1.0,0.027536143349342068,True,222,0.9835207196475589,1.0,0.01647928035244106,True,0.988,ok,5.218048215738236e-15
gpt-3.5-turbo,500,16,52,0.9968051118210862,222,0.9729710039610365,1.0,0.02702899603896347,True,219,0.961017862282884,0.9972044713562254,0.03618660907334137,True,0.988,ok,1.4210854715202004e-14
gpt-3.5-turbo,500,16,53,0.9968051118210862,222,0.9758238333752135,1.0,0.0241761666247865,True,221,0.9751594047009726,0.9998859623226809,0.02472655762170828,True,0.99,ok,5.440092820663267e-15
gpt-3.5-turbo,500,16,54,0.9968051118210862,222,0.969796540488743,1.0,0.030203459511257025,True,222,0.9835207196475589,1.0,0.01647928035244106,True,0.986,ok,9.992007221626409e-16
gpt-3.5-turbo,500,16,55,0.9968051118210862,222,0.9729386561775335,1.0,0.0270613438224665,True,222,0.9835207196475589,1.0,0.01647928035244106,True,0.988,ok,1.734723475976807e-18
gpt-3.5-turbo,500,16,56,0.9968051118210862,222,0.9822531762776663,1.0,0.017746823722333716,True,222,0.9835207196475589,1.0,0.01647928035244106,True,0.994,ok,4.6074255521943996e-14
gpt-3.5-turbo,500,16,57,0.9968051118210862,222,0.9675512284973247,1.0,0.03244877150267533,True,222,0.9835207196475589,1.0,0.01647928035244106,True,0.984,ok,9.325873406851315e-15
gpt-3.5-turbo,500,16,58,0.9968051118210862,222,0.9627102154955613,1.0,0.03728978450443865,True,222,0.9835207196475589,1.0,0.01647928035244106,True,0.98,ok,1.9984014443252818e-15
gpt-3.5-turbo,500,16,59,0.9968051118210862,222,0.979420534108377,1.0,0.02057946589162296,True,220,0.9678370714144052,0.9989070990266307,0.031070027612225437,True,0.992,ok,1.1102230246251565e-16
gpt-3.5-turbo,500,16,60,0.9968051118210862,222,0.9847669928609389,1.0,0.015233007139061061,True,221,0.9751594047009726,0.9998859623226809,0.02472655762170828,True,0.996,ok,2.808864252301646e-14
gpt-3.5-turbo,500,16,61,0.9968051118210862,222,0.9696797378524855,1.0,0.030320262147514487,True,222,0.9835207196475589,1.0,0.01647928035244106,True,0.986,ok,0.0
gpt-3.5-turbo,500,16,62,0.9968051118210862,222,0.9787564339063691,1.0,0.021243566093630872,True,220,0.9678370714144052,0.9989070990266307,0.031070027612225437,True,0.992,ok,6.661338147750939e-16
gpt-3.5-turbo,500,16,63,0.9968051118210862,222,0.9761610530721498,1.0,0.023838946927850158,True,221,0.9751594047009726,0.9998859623226809,0.02472655762170828,True,0.99,ok,6.084022174945858e-14
gpt-3.5-turbo,500,16,64,0.9968051118210862,222,0.9700830326759357,1.0,0.029916967324064347,True,222,0.9835207196475589,1.0,0.01647928035244106,True,0.986,ok,8.881784197001252e-16
gpt-3.5-turbo,500,16,65,0.9968051118210862,222,0.9699922468469406,1.0,0.03000775315305937,True,221,0.9751594047009726,0.9998859623226809,0.02472655762170828,True,0.986,ok,4.107825191113079e-15
gpt-3.5-turbo,500,16,66,0.9968051118210862,222,0.9889442101051994,1.0,0.011055789894800605,True,221,0.9751594047009726,0.9998859623226809,0.02472655762170828,True,0.998,ok,2.9531932455029164e-14
gpt-3.5-turbo,500,16,67,0.9968051118210862,222,0.9762365386751617,1.0,0.02376346132483831,True,222,0.9835207196475589,1.0,0.01647928035244106,True,0.99,ok,3.0808688933348094e-15
gpt-3.5-turbo,500,16,68,0.9968051118210862,222,0.9700708770980174,1.0,0.029929122901982574,True,222,0.9835207196475589,1.0,0.01647928035244106,True,0.986,ok,2.1094237467877974e-15
gpt-3.5-turbo,500,16,69,0.9968051118210862,222,0.9725655818195285,1.0,0.027434418180471543,True,222,0.9835207196475589,1.0,0.01647928035244106,True,0.988,ok,3.552713678800501e-15
gpt-3.5-turbo,500,16,70,0.9968051118210862,222,0.9671659044778749,1.0,0.03283409552212513,True,221,0.9751594047009726,0.9998859623226809,0.02472655762170828,True,0.984,ok,2.55351295663786e-15
gpt-3.5-turbo,500,16,71,0.9968051118210862,222,0.9730029298395282,1.0,0.026997070160471814,True,221,0.9751594047009726,0.9998859623226809,0.02472655762170828,True,0.988,ok,2.220446049250313e-16
gpt-3.5-turbo,500,16,72,0.9968051118210862,222,0.9815455884677282,1.0,0.018454411532271786,True,222,0.9835207196475589,1.0,0.01647928035244106,True,0.994,ok,2.220446049250313e-16
gpt-3.5-turbo,500,16,73,0.9968051118210862,222,0.9708145607528328,1.0,0.02918543924716721,True,221,0.9751594047009726,0.9998859623226809,0.02472655762170828,True,0.986,ok,1.1102230246251565e-16
gpt-3.5-turbo,500,16,74,0.9968051118210862,222,0.976398692703999,1.0,0.023601307296000962,True,222,0.9835207196475589,1.0,0.01647928035244106,True,0.99,ok,2.886579864025407e-15
gpt-3.5-turbo,500,16,75,0.9968051118210862,222,0.9642562291816482,1.0,0.03574377081835178,True,222,0.9835207196475589,1.0,0.01647928035244106,True,0.982,ok,1.5543122344752192e-15
gpt-3.5-turbo,500,16,76,0.9968051118210862,222,0.9766171442079614,1.0,0.02338285579203858,True,221,0.9751594047009726,0.9998859623226809,0.02472655762170828,True,0.99,ok,0.0
gpt-3.5-turbo,500,16,77,0.9968051118210862,222,0.9728399477419264,1.0,0.027160052258073608,True,221,0.9751594047009726,0.9998859623226809,0.02472655762170828,True,0.988,ok,2.9976021664879227e-15
gpt-3.5-turbo,500,16,78,0.9968051118210862,222,0.9776514152146834,1.0,0.02234858478531665,True,221,0.9751594047009726,0.9998859623226809,0.02472655762170828,True,0.99,ok,1.1102230246251565e-16
gpt-3.5-turbo,500,16,79,0.9968051118210862,222,0.9755584077164801,1.0,0.02444159228351994,True,222,0.9835207196475589,1.0,0.01647928035244106,True,0.99,ok,2.886579864025407e-15
gpt-3.5-turbo,500,16,80,0.9968051118210862,222,0.9733419079463743,1.0,0.02665809205362568,True,222,0.9835207196475589,1.0,0.01647928035244106,True,0.988,ok,1.1102230246251565e-16
gpt-3.5-turbo,500,16,81,0.9968051118210862,222,0.965078851947703,1.0,0.03492114805229696,True,221,0.9751594047009726,0.9998859623226809,0.02472655762170828,True,0.982,ok,4.440892098500626e-16
gpt-3.5-turbo,500,16,82,0.9968051118210862,222,0.9671057057533228,1.0,0.032894294246677225,True,222,0.9835207196475589,1.0,0.01647928035244106,True,0.984,ok,2.6645352591003757e-15
gpt-3.5-turbo,500,16,83,0.9968051118210862,222,0.9753530367029987,1.0,0.024646963297001334,True,221,0.9751594047009726,0.9998859623226809,0.02472655762170828,True,0.99,ok,3.297362383136715e-14
gpt-3.5-turbo,500,16,84,0.9968051118210862,222,0.9782668187605358,1.0,0.021733181239464217,True,221,0.9751594047009726,0.9998859623226809,0.02472655762170828,True,0.992,ok,2.55351295663786e-15
gpt-3.5-turbo,500,16,85,0.9968051118210862,222,0.9624064447525815,1.0,0.037593555247418475,True,222,0.9835207196475589,1.0,0.01647928035244106,True,0.98,ok,1.0547118733938987e-14
gpt-3.5-turbo,500,16,86,0.9968051118210862,222,0.9729897601952022,1.0,0.027010239804797775,True,220,0.9678370714144052,0.9989070990266307,0.031070027612225437,True,0.988,ok,5.967448757360216e-16
gpt-3.5-turbo,500,16,87,0.9968051118210862,222,0.9802681655630066,1.0,0.019731834436993445,True,222,0.9835207196475589,1.0,0.01647928035244106,True,0.992,ok,6.106226635438361e-15
gpt-3.5-turbo,500,16,88,0.9968051118210862,222,0.9815998700589021,1.0,0.018400129941097854,True,222,0.9835207196475589,1.0,0.01647928035244106,True,0.994,ok,0.0
gpt-3.5-turbo,500,16,89,0.9968051118210862,222,0.9798098591270632,1.0,0.0201901408729368,True,221,0.9751594047009726,0.9998859623226809,0.02472655762170828,True,0.992,ok,2.7755575615628914e-15
gpt-3.5-turbo,500,16,90,0.9968051118210862,222,0.9680644434678155,1.0,0.031935556532184495,True,221,0.9751594047009726,0.9998859623226809,0.02472655762170828,True,0.984,ok,6.661338147750939e-14
gpt-3.5-turbo,500,16,91,0.9968051118210862,222,0.9621486119110636,1.0,0.0378513880889364,True,220,0.9678370714144052,0.9989070990266307,0.031070027612225437,True,0.98,ok,6.938893903907228e-18
gpt-3.5-turbo,500,16,92,0.9968051118210862,222,0.9728361868098706,1.0,0.027163813190129393,True,221,0.9751594047009726,0.9998859623226809,0.02472655762170828,True,0.988,ok,6.661338147750939e-16
gpt-3.5-turbo,500,16,93,0.9968051118210862,222,0.9862787941694484,1.0,0.013721205830551586,True,221,0.9751594047009726,0.9998859623226809,0.02472655762170828,True,0.996,ok,1.8041124150158794e-16
gpt-3.5-turbo,500,16,94,0.9968051118210862,222,0.9668453361263901,1.0,0.03315466387360988,True,221,0.9751594047009726,0.9998859623226809,0.02472655762170828,True,0.984,ok,1.3877787807814457e-17
gpt-3.5-turbo,500,16,95,0.9968051118210862,222,0.9751088843343751,1.0,0.024891115665624852,True,222,0.9835207196475589,1.0,0.01647928035244106,True,0.99,ok,3.1086244689504383e-15
gpt-3.5-turbo,500,16,96,0.9968051118210862,222,0.9771748367010958,1.0,0.02282516329890416,True,222,0.9835207196475589,1.0,0.01647928035244106,True,0.99,ok,4.6629367034256575e-15
gpt-3.5-turbo,500,16,97,0.9968051118210862,222,0.9794216212548377,1.0,0.02057837874516233,True,221,0.9751594047009726,0.9998859623226809,0.02472655762170828,True,0.992,ok,2.220446049250313e-16
gpt-3.5-turbo,500,16,98,0.9968051118210862,222,0.9704455050970936,1.0,0.029554494902906403,True,222,0.9835207196475589,1.0,0.01647928035244106,True,0.986,ok,2.914335439641036e-16
gpt-3.5-turbo,500,16,99,0.9968051118210862,222,0.9620609368695188,1.0,0.03793906313048123,True,222,0.9835207196475589,1.0,0.01647928035244106,True,0.98,ok,3.552713678800501e-15
gpt-3.5-turbo,500,36,0,0.9968051118210862,500,0.9825663262740865,0.9987609424564593,0.016194616182372834,True,495,0.9768186119303404,0.9967452785929758,0.01992666666263543,False,0.994,full_suite,0.0
gpt-3.5-turbo,500,36,1,0.9968051118210862,500,0.9825663262740865,0.9987609424564593,0.016194616182372834,True,498,0.9856259214377997,0.99951521382371,0.013889292385910301,True,0.994,full_suite,0.0
gpt-3.5-turbo,500,36,2,0.9968051118210862,500,0.9825663262740865,0.9987609424564593,0.016194616182372834,True,500,0.9926493899480923,1.0,0.0073506100519077355,True,0.994,full_suite,0.0
gpt-3.5-turbo,500,36,3,0.9968051118210862,500,0.9856259214377997,0.99951521382371,0.013889292385910301,True,498,0.9856259214377997,0.99951521382371,0.013889292385910301,True,0.996,full_suite,0.0
gpt-3.5-turbo,500,36,4,0.9968051118210862,500,0.9889075231010312,0.9999493656659926,0.011041842564961324,True,500,0.9926493899480923,1.0,0.0073506100519077355,True,0.998,full_suite,0.0
gpt-3.5-turbo,500,36,5,0.9968051118210862,500,0.9926493899480923,1.0,0.0073506100519077355,True,500,0.9926493899480923,1.0,0.0073506100519077355,True,1.0,full_suite,0.0
gpt-3.5-turbo,500,36,6,0.9968051118210862,500,0.9889075231010312,0.9999493656659926,0.011041842564961324,True,500,0.9926493899480923,1.0,0.0073506100519077355,True,0.998,full_suite,0.0
gpt-3.5-turbo,500,36,7,0.9968051118210862,500,0.9889075231010312,0.9999493656659926,0.011041842564961324,True,497,0.9825663262740865,0.9987609424564593,0.016194616182372834,True,0.998,full_suite,0.0
gpt-3.5-turbo,500,36,8,0.9968051118210862,500,0.9825663262740865,0.9987609424564593,0.016194616182372834,True,499,0.9889075231010312,0.9999493656659926,0.011041842564961324,True,0.994,full_suite,0.0
gpt-3.5-turbo,500,36,9,0.9968051118210862,500,0.9889075231010312,0.9999493656659926,0.011041842564961324,True,496,0.979644367406256,0.9978160918916578,0.01817172448540172,True,0.998,full_suite,0.0
gpt-3.5-turbo,500,36,10,0.9968051118210862,500,0.979644367406256,0.9978160918916578,0.01817172448540172,True,498,0.9856259214377997,0.99951521382371,0.013889292385910301,True,0.992,full_suite,0.0
gpt-3.5-turbo,500,36,11,0.9968051118210862,500,0.9825663262740865,0.9987609424564593,0.016194616182372834,True,499,0.9889075231010312,0.9999493656659926,0.011041842564961324,True,0.994,full_suite,0.0
gpt-3.5-turbo,500,36,12,0.9968051118210862,500,0.9889075231010312,0.9999493656659926,0.011041842564961324,True,498,0.9856259214377997,0.99951521382371,0.013889292385910301,True,0.998,full_suite,0.0
gpt-3.5-turbo,500,36,13,0.9968051118210862,500,0.9856259214377997,0.99951521382371,0.013889292385910301,True,498,0.9856259214377997,0.99951521382371,0.013889292385910301,True,0.996,full_suite,0.0
gpt-3.5-turbo,500,36,14,0.9968051118210862,500,0.9856259214377997,0.99951521382371,0.013889292385910301,True,497,0.9825663262740865,0.9987609424564593,0.016194616182372834,True,0.996,full_suite,0.0
gpt-3.5-turbo,500,36,15,0.9968051118210862,500,0.9889075231010312,0.9999493656659926,0.011041842564961324,True,499,0.9889075231010312,0.9999493656659926,0.011041842564961324,True,0.998,full_suite,0.0
gpt-3.5-turbo,500,36,16,0.9968051118210862,500,0.9856259214377997,0.99951521382371,0.013889292385910301,True,498,0.9856259214377997,0.99951521382371,0.013889292385910301,True,0.996,full_suite,0.0
gpt-3.5-turbo,500,36,17,0.9968051118210862,500,0.9889075231010312,0.9999493656659926,0.011041842564961324,True,500,0.9926493899480923,1.0,0.0073506100519077355,True,0.998,full_suite,0.0
gpt-3.5-turbo,500,36,18,0.9968051118210862,500,0.9926493899480923,1.0,0.0073506100519077355,True,498,0.9856259214377997,0.99951521382371,0.013889292385910301,True,1.0,full_suite,0.0
gpt-3.5-turbo,500,36,19,0.9968051118210862,500,0.9926493899480923,1.0,0.0073506100519077355,True,499,0.9889075231010312,0.9999493656659926,0.011041842564961324,True,1.0,full_suite,0.0
gpt-3.5-turbo,500,36,20,0.9968051118210862,500,0.9889075231010312,0.9999493656659926,0.011041842564961324,True,499,0.9889075231010312,0.9999493656659926,0.011041842564961324,True,0.998,full_suite,0.0
gpt-3.5-turbo,500,36,21,0.9968051118210862,500,0.9889075231010312,0.9999493656659926,0.011041842564961324,True,498,0.9856259214377997,0.99951521382371,0.013889292385910301,True,0.998,full_suite,0.0
gpt-3.5-turbo,500,36,22,0.9968051118210862,500,0.9856259214377997,0.99951521382371,0.013889292385910301,True,497,0.9825663262740865,0.9987609424564593,0.016194616182372834,True,0.996,full_suite,0.0
gpt-3.5-turbo,500,36,23,0.9968051118210862,500,0.9768186119303404,0.9967452785929758,0.01992666666263543,False,497,0.9825663262740865,0.9987609424564593,0.016194616182372834,True,0.99,full_suite,0.0
gpt-3.5-turbo,500,36,24,0.9968051118210862,500,0.9856259214377997,0.99951521382371,0.013889292385910301,True,499,0.9889075231010312,0.9999493656659926,0.011041842564961324,True,0.996,full_suite,0.0
gpt-3.5-turbo,500,36,25,0.9968051118210862,500,0.9926493899480923,1.0,0.0073506100519077355,True,499,0.9889075231010312,0.9999493656659926,0.011041842564961324,True,1.0,full_suite,0.0
gpt-3.5-turbo,500,36,26,0.9968051118210862,500,0.9825663262740865,0.9987609424564593,0.016194616182372834,True,500,0.9926493899480923,1.0,0.0073506100519077355,True,0.994,full_suite,0.0
gpt-3.5-turbo,500,36,27,0.9968051118210862,500,0.9926493899480923,1.0,0.0073506100519077355,True,496,0.979644367406256,0.9978160918916578,0.01817172448540172,True,1.0,full_suite,0.0
gpt-3.5-turbo,500,36,28,0.9968051118210862,500,0.9926493899480923,1.0,0.0073506100519077355,True,499,0.9889075231010312,0.9999493656659926,0.011041842564961324,True,1.0,full_suite,0.0
gpt-3.5-turbo,500,36,29,0.9968051118210862,500,0.9889075231010312,0.9999493656659926,0.011041842564961324,True,500,0.9926493899480923,1.0,0.0073506100519077355,True,0.998,full_suite,0.0
gpt-3.5-turbo,500,36,30,0.9968051118210862,500,0.9889075231010312,0.9999493656659926,0.011041842564961324,True,500,0.9926493899480923,1.0,0.0073506100519077355,True,0.998,full_suite,0.0
gpt-3.5-turbo,500,36,31,0.9968051118210862,500,0.9889075231010312,0.9999493656659926,0.011041842564961324,True,498,0.9856259214377997,0.99951521382371,0.013889292385910301,True,0.998,full_suite,0.0
gpt-3.5-turbo,500,36,32,0.9968051118210862,500,0.9856259214377997,0.99951521382371,0.013889292385910301,True,498,0.9856259214377997,0.99951521382371,0.013889292385910301,True,0.996,full_suite,0.0
gpt-3.5-turbo,500,36,33,0.9968051118210862,500,0.9926493899480923,1.0,0.0073506100519077355,True,499,0.9889075231010312,0.9999493656659926,0.011041842564961324,True,1.0,full_suite,0.0
gpt-3.5-turbo,500,36,34,0.9968051118210862,500,0.9889075231010312,0.9999493656659926,0.011041842564961324,True,497,0.9825663262740865,0.9987609424564593,0.016194616182372834,True,0.998,full_suite,0.0
gpt-3.5-turbo,500,36,35,0.9968051118210862,500,0.9926493899480923,1.0,0.0073506100519077355,True,498,0.9856259214377997,0.99951521382371,0.013889292385910301,True,1.0,full_suite,0.0
gpt-3.5-turbo,500,36,36,0.9968051118210862,500,0.9856259214377997,0.99951521382371,0.013889292385910301,True,499,0.9889075231010312,0.9999493656659926,0.011041842564961324,True,0.996,full_suite,0.0
gpt-3.5-turbo,500,36,37,0.9968051118210862,500,0.9926493899480923,1.0,0.0073506100519077355,True,498,0.9856259214377997,0.99951521382371,0.013889292385910301,True,1.0,full_suite,0.0
gpt-3.5-turbo,500,36,38,0.9968051118210862,500,0.9825663262740865,0.9987609424564593,0.016194616182372834,True,497,0.9825663262740865,0.9987609424564593,0.016194616182372834,True,0.994,full_suite,0.0
gpt-3.5-turbo,500,36,39,0.9968051118210862,500,0.9926493899480923,1.0,0.0073506100519077355,True,496,0.979644367406256,0.9978160918916578,0.01817172448540172,True,1.0,full_suite,0.0
gpt-3.5-turbo,500,36,40,0.9968051118210862,500,0.979644367406256,0.9978160918916578,0.01817172448540172,True,498,0.9856259214377997,0.99951521382371,0.013889292385910301,True,0.992,full_suite,0.0
gpt-3.5-turbo,500,36,41,0.9968051118210862,500,0.9825663262740865,0.9987609424564593,0.016194616182372834,True,498,0.9856259214377997,0.99951521382371,0.013889292385910301,True,0.994,full_suite,0.0
gpt-3.5-turbo,500,36,42,0.9968051118210862,500,0.9825663262740865,0.9987609424564593,0.016194616182372834,True,500,0.9926493899480923,1.0,0.0073506100519077355,True,0.994,full_suite,0.0
gpt-3.5-turbo,500,36,43,0.9968051118210862,500,0.9926493899480923,1.0,0.0073506100519077355,True,499,0.9889075231010312,0.9999493656659926,0.011041842564961324,True,1.0,full_suite,0.0
gpt-3.5-turbo,500,36,44,0.9968051118210862,500,0.9889075231010312,0.9999493656659926,0.011041842564961324,True,497,0.9825663262740865,0.9987609424564593,0.016194616182372834,True,0.998,full_suite,0.0
gpt-3.5-turbo,500,36,45,0.9968051118210862,500,0.9889075231010312,0.9999493656659926,0.011041842564961324,True,497,0.9825663262740865,0.9987609424564593,0.016194616182372834,True,0.998,full_suite,0.0
gpt-3.5-turbo,500,36,46,0.9968051118210862,500,0.9926493899480923,1.0,0.0073506100519077355,True,499,0.9889075231010312,0.9999493656659926,0.011041842564961324,True,1.0,full_suite,0.0
gpt-3.5-turbo,500,36,47,0.9968051118210862,500,0.9926493899480923,1.0,0.0073506100519077355,True,497,0.9825663262740865,0.9987609424564593,0.016194616182372834,True,1.0,full_suite,0.0
gpt-3.5-turbo,500,36,48,0.9968051118210862,500,0.9856259214377997,0.99951521382371,0.013889292385910301,True,498,0.9856259214377997,0.99951521382371,0.013889292385910301,True,0.996,full_suite,0.0
gpt-3.5-turbo,500,36,49,0.9968051118210862,500,0.9926493899480923,1.0,0.0073506100519077355,True,499,0.9889075231010312,0.9999493656659926,0.011041842564961324,True,1.0,full_suite,0.0
gpt-3.5-turbo,500,36,50,0.9968051118210862,500,0.9926493899480923,1.0,0.0073506100519077355,True,499,0.9889075231010312,0.9999493656659926,0.011041842564961324,True,1.0,full_suite,0.0
gpt-3.5-turbo,500,36,51,0.9968051118210862,500,0.9889075231010312,0.9999493656659926,0.011041842564961324,True,496,0.979644367406256,0.9978160918916578,0.01817172448540172,True,0.998,full_suite,0.0
gpt-3.5-turbo,500,36,52,0.9968051118210862,500,0.9856259214377997,0.99951521382371,0.013889292385910301,True,499,0.9889075231010312,0.9999493656659926,0.011041842564961324,True,0.996,full_suite,0.0
gpt-3.5-turbo,500,36,53,0.9968051118210862,500,0.9856259214377997,0.99951521382371,0.013889292385910301,True,497,0.9825663262740865,0.9987609424564593,0.016194616182372834,True,0.996,full_suite,0.0
gpt-3.5-turbo,500,36,54,0.9968051118210862,500,0.9889075231010312,0.9999493656659926,0.011041842564961324,True,498,0.9856259214377997,0.99951521382371,0.013889292385910301,True,0.998,full_suite,0.0
gpt-3.5-turbo,500,36,55,0.9968051118210862,500,0.9926493899480923,1.0,0.0073506100519077355,True,499,0.9889075231010312,0.9999493656659926,0.011041842564961324,True,1.0,full_suite,0.0
gpt-3.5-turbo,500,36,56,0.9968051118210862,500,0.9889075231010312,0.9999493656659926,0.011041842564961324,True,499,0.9889075231010312,0.9999493656659926,0.011041842564961324,True,0.998,full_suite,0.0
gpt-3.5-turbo,500,36,57,0.9968051118210862,500,0.9825663262740865,0.9987609424564593,0.016194616182372834,True,497,0.9825663262740865,0.9987609424564593,0.016194616182372834,True,0.994,full_suite,0.0
gpt-3.5-turbo,500,36,58,0.9968051118210862,500,0.9768186119303404,0.9967452785929758,0.01992666666263543,False,498,0.9856259214377997,0.99951521382371,0.013889292385910301,True,0.99,full_suite,0.0
gpt-3.5-turbo,500,36,59,0.9968051118210862,500,0.9889075231010312,0.9999493656659926,0.011041842564961324,True,498,0.9856259214377997,0.99951521382371,0.013889292385910301,True,0.998,full_suite,0.0
gpt-3.5-turbo,500,36,60,0.9968051118210862,500,0.9856259214377997,0.99951521382371,0.013889292385910301,True,497,0.9825663262740865,0.9987609424564593,0.016194616182372834,True,0.996,full_suite,0.0
gpt-3.5-turbo,500,36,61,0.9968051118210862,500,0.9889075231010312,0.9999493656659926,0.011041842564961324,True,500,0.9926493899480923,1.0,0.0073506100519077355,True,0.998,full_suite,0.0
gpt-3.5-turbo,500,36,62,0.9968051118210862,500,0.9926493899480923,1.0,0.0073506100519077355,True,499,0.9889075231010312,0.9999493656659926,0.011041842564961324,True,1.0,full_suite,0.0
gpt-3.5-turbo,500,36,63,0.9968051118210862,500,0.9889075231010312,0.9999493656659926,0.011041842564961324,True,500,0.9926493899480923,1.0,0.0073506100519077355,True,0.998,full_suite,0.0
gpt-3.5-turbo,500,36,64,0.9968051118210862,500,0.9889075231010312,0.9999493656659926,0.011041842564961324,True,498,0.9856259214377997,0.99951521382371,0.013889292385910301,True,0.998,full_suite,0.0
gpt-3.5-turbo,500,36,65,0.9968051118210862,500,0.9856259214377997,0.99951521382371,0.013889292385910301,True,499,0.9889075231010312,0.9999493656659926,0.011041842564961324,True,0.996,full_suite,0.0
gpt-3.5-turbo,500,36,66,0.9968051118210862,500,0.9926493899480923,1.0,0.0073506100519077355,True,498,0.9856259214377997,0.99951521382371,0.013889292385910301,True,1.0,full_suite,0.0
gpt-3.5-turbo,500,36,67,0.9968051118210862,500,0.9889075231010312,0.9999493656659926,0.011041842564961324,True,498,0.9856259214377997,0.99951521382371,0.013889292385910301,True,0.998,full_suite,0.0
gpt-3.5-turbo,500,36,68,0.9968051118210862,500,0.979644367406256,0.9978160918916578,0.01817172448540172,True,498,0.9856259214377997,0.99951521382371,0.013889292385910301,True,0.992,full_suite,0.0
gpt-3.5-turbo,500,36,69,0.9968051118210862,500,0.9856259214377997,0.99951521382371,0.013889292385910301,True,500,0.9926493899480923,1.0,0.0073506100519077355,True,0.996,full_suite,0.0
gpt-3.5-turbo,500,36,70,0.9968051118210862,500,0.9889075231010312,0.9999493656659926,0.011041842564961324,True,500,0.9926493899480923,1.0,0.0073506100519077355,True,0.998,full_suite,0.0
gpt-3.5-turbo,500,36,71,0.9968051118210862,500,0.9889075231010312,0.9999493656659926,0.011041842564961324,True,497,0.9825663262740865,0.9987609424564593,0.016194616182372834,True,0.998,full_suite,0.0
gpt-3.5-turbo,500,36,72,0.9968051118210862,500,0.9856259214377997,0.99951521382371,0.013889292385910301,True,498,0.9856259214377997,0.99951521382371,0.013889292385910301,True,0.996,full_suite,0.0
gpt-3.5-turbo,500,36,73,0.9968051118210862,500,0.9856259214377997,0.99951521382371,0.013889292385910301,True,499,0.9889075231010312,0.9999493656659926,0.011041842564961324,True,0.996,full_suite,0.0
gpt-3.5-turbo,500,36,74,0.9968051118210862,500,0.9825663262740865,0.9987609424564593,0.016194616182372834,True,499,0.9889075231010312,0.9999493656659926,0.011041842564961324,True,0.994,full_suite,0.0
gpt-3.5-turbo,500,36,75,0.9968051118210862,500,0.9889075231010312,0.9999493656659926,0.011041842564961324,True,499,0.9889075231010312,0.9999493656659926,0.011041842564961324,True,0.998,full_suite,0.0
gpt-3.5-turbo,500,36,76,0.9968051118210862,500,0.9825663262740865,0.9987609424564593,0.016194616182372834,True,497,0.9825663262740865,0.9987609424564593,0.016194616182372834,True,0.994,full_suite,0.0
gpt-3.5-turbo,500,36,77,0.9968051118210862,500,0.9856259214377997,0.99951521382371,0.013889292385910301,True,499,0.9889075231010312,0.9999493656659926,0.011041842564961324,True,0.996,full_suite,0.0
gpt-3.5-turbo,500,36,78,0.9968051118210862,500,0.9889075231010312,0.9999493656659926,0.011041842564961324,True,499,0.9889075231010312,0.9999493656659926,0.011041842564961324,True,0.998,full_suite,0.0
gpt-3.5-turbo,500,36,79,0.9968051118210862,500,0.9889075231010312,0.9999493656659926,0.011041842564961324,True,498,0.9856259214377997,0.99951521382371,0.013889292385910301,True,0.998,full_suite,0.0
gpt-3.5-turbo,500,36,80,0.9968051118210862,500,0.9889075231010312,0.9999493656659926,0.011041842564961324,True,498,0.9856259214377997,0.99951521382371,0.013889292385910301,True,0.998,full_suite,0.0
gpt-3.5-turbo,500,36,81,0.9968051118210862,500,0.979644367406256,0.9978160918916578,0.01817172448540172,True,499,0.9889075231010312,0.9999493656659926,0.011041842564961324,True,0.992,full_suite,0.0
gpt-3.5-turbo,500,36,82,0.9968051118210862,500,0.9856259214377997,0.99951521382371,0.013889292385910301,True,499,0.9889075231010312,0.9999493656659926,0.011041842564961324,True,0.996,full_suite,0.0
gpt-3.5-turbo,500,36,83,0.9968051118210862,500,0.9889075231010312,0.9999493656659926,0.011041842564961324,True,498,0.9856259214377997,0.99951521382371,0.013889292385910301,True,0.998,full_suite,0.0
gpt-3.5-turbo,500,36,84,0.9968051118210862,500,0.9926493899480923,1.0,0.0073506100519077355,True,500,0.9926493899480923,1.0,0.0073506100519077355,True,1.0,full_suite,0.0
gpt-3.5-turbo,500,36,85,0.9968051118210862,500,0.9825663262740865,0.9987609424564593,0.016194616182372834,True,498,0.9856259214377997,0.99951521382371,0.013889292385910301,True,0.994,full_suite,0.0
gpt-3.5-turbo,500,36,86,0.9968051118210862,500,0.9856259214377997,0.99951521382371,0.013889292385910301,True,497,0.9825663262740865,0.9987609424564593,0.016194616182372834,True,0.996,full_suite,0.0
gpt-3.5-turbo,500,36,87,0.9968051118210862,500,0.9856259214377997,0.99951521382371,0.013889292385910301,True,498,0.9856259214377997,0.99951521382371,0.013889292385910301,True,0.996,full_suite,0.0
gpt-3.5-turbo,500,36,88,0.9968051118210862,500,0.9926493899480923,1.0,0.0073506100519077355,True,498,0.9856259214377997,0.99951521382371,0.013889292385910301,True,1.0,full_suite,0.0
gpt-3.5-turbo,500,36,89,0.9968051118210862,500,0.9825663262740865,0.9987609424564593,0.016194616182372834,True,497,0.9825663262740865,0.9987609424564593,0.016194616182372834,True,0.994,full_suite,0.0
gpt-3.5-turbo,500,36,90,0.9968051118210862,500,0.9825663262740865,0.9987609424564593,0.016194616182372834,True,497,0.9825663262740865,0.9987609424564593,0.016194616182372834,True,0.994,full_suite,0.0
gpt-3.5-turbo,500,36,91,0.9968051118210862,500,0.9889075231010312,0.9999493656659926,0.011041842564961324,True,500,0.9926493899480923,1.0,0.0073506100519077355,True,0.998,full_suite,0.0
gpt-3.5-turbo,500,36,92,0.9968051118210862,500,0.9889075231010312,0.9999493656659926,0.011041842564961324,True,495,0.9768186119303404,0.9967452785929758,0.01992666666263543,False,0.998,full_suite,0.0
gpt-3.5-turbo,500,36,93,0.9968051118210862,500,0.9889075231010312,0.9999493656659926,0.011041842564961324,True,499,0.9889075231010312,0.9999493656659926,0.011041842564961324,True,0.998,full_suite,0.0
gpt-3.5-turbo,500,36,94,0.9968051118210862,500,0.9856259214377997,0.99951521382371,0.013889292385910301,True,499,0.9889075231010312,0.9999493656659926,0.011041842564961324,True,0.996,full_suite,0.0
gpt-3.5-turbo,500,36,95,0.9968051118210862,500,0.9889075231010312,0.9999493656659926,0.011041842564961324,True,497,0.9825663262740865,0.9987609424564593,0.016194616182372834,True,0.998,full_suite,0.0
gpt-3.5-turbo,500,36,96,0.9968051118210862,500,0.9889075231010312,0.9999493656659926,0.011041842564961324,True,497,0.9825663262740865,0.9987609424564593,0.016194616182372834,True,0.998,full_suite,0.0
gpt-3.5-turbo,500,36,97,0.9968051118210862,500,0.9926493899480923,1.0,0.0073506100519077355,True,499,0.9889075231010312,0.9999493656659926,0.011041842564961324,True,1.0,full_suite,0.0
gpt-3.5-turbo,500,36,98,0.9968051118210862,500,0.979644367406256,0.9978160918916578,0.01817172448540172,True,500,0.9926493899480923,1.0,0.0073506100519077355,True,0.992,full_suite,0.0
gpt-3.5-turbo,500,36,99,0.9968051118210862,500,0.9856259214377997,0.99951521382371,0.013889292385910301,True,500,0.9926493899480923,1.0,0.0073506100519077355,True,0.996,full_suite,0.0
gpt-4o-mini,500,4,0,0.9904153354632588,55,0.6921953602606865,1.0,0.3078046397393135,True,55,0.9351292391745754,1.0,0.06487076082542464,True,0.546,ok,1.1102230246251565e-16
gpt-4o-mini,500,4,1,0.9904153354632588,55,0.6957671040515482,1.0,0.3042328959484518,True,55,0.9351292391745754,1.0,0.06487076082542464,True,0.546,ok,1.1102230246251565e-16
gpt-4o-mini,500,4,2,0.9904153354632588,55,0.6560986302723628,1.0,0.3439013697276372,True,54,0.9028089842507466,0.9995397821512043,0.09673079790045769,True,0.542,ok,0.0
gpt-4o-mini,500,4,3,0.9904153354632588,55,0.6598534271523775,1.0,0.3401465728476225,True,55,0.9351292391745754,1.0,0.06487076082542464,True,0.5,ok,0.0
gpt-4o-mini,500,4,4,0.9904153354632588,55,0.598372030970494,1.0,0.40162796902950604,True,53,0.8747357429028499,0.9955654526814093,0.12082970977855934,True,0.502,ok,4.440892098500626e-16
gpt-4o-mini,500,4,5,0.9904153354632588,55,0.5921187128432435,1.0,0.40788128715675653,True,54,0.9028089842507466,0.9995397821512043,0.09673079790045769,True,0.466,ok,2.220446049250313e-16
gpt-4o-mini,500,4,6,0.9904153354632588,55,0.6103410573376676,1.0,0.38965894266233236,True,55,0.9351292391745754,1.0,0.06487076082542464,True,0.516,ok,8.881784197001252e-16
gpt-4o-mini,500,4,7,0.9904153354632588,55,0.6118774175332062,1.0,0.38812258246679376,True,54,0.9028089842507466,0.9995397821512043,0.09673079790045769,True,0.506,ok,6.661338147750939e-16
gpt-4o-mini,500,4,8,0.9904153354632588,55,0.6726276451635904,1.0,0.3273723548364096,True,54,0.9028089842507466,0.9995397821512043,0.09673079790045769,True,0.488,ok,0.0
gpt-4o-mini,500,4,9,0.9904153354632588,55,0.6527347361673396,1.0,0.34726526383266043,True,54,0.9028089842507466,0.9995397821512043,0.09673079790045769,True,0.512,ok,3.469446951953614e-18
gpt-4o-mini,500,4,10,0.9904153354632588,55,0.6259017513760797,1.0,0.37409824862392027,True,55,0.9351292391745754,1.0,0.06487076082542464,True,0.486,ok,1.3322676295501878e-15
gpt-4o-mini,500,4,11,0.9904153354632588,55,0.6039007924099227,1.0,0.39609920759007733,True,54,0.9028089842507466,0.9995397821512043,0.09673079790045769,True,0.508,ok,2.220446049250313e-16
gpt-4o-mini,500,4,12,0.9904153354632588,55,0.6760572842657626,1.0,0.3239427157342374,True,55,0.9351292391745754,1.0,0.06487076082542464,True,0.538,ok,1.1102230246251565e-16
gpt-4o-mini,500,4,13,0.9904153354632588,55,0.6858189045289023,1.0,0.31418109547109774,True,55,0.9351292391745754,1.0,0.06487076082542464,True,0.534,ok,1.1102230246251565e-16
gpt-4o-mini,500,4,14,0.9904153354632588,55,0.6652019485459563,1.0,0.33479805145404373,True,55,0.9351292391745754,1.0,0.06487076082542464,True,0.522,ok,1.1102230246251565e-16
gpt-4o-mini,500,4,15,0.9904153354632588,55,0.6811564084274052,1.0,0.3188435915725948,True,53,0.8747357429028499,0.9955654526814093,0.12082970977855934,True,0.514,ok,0.0
gpt-4o-mini,500,4,16,0.9904153354632588,55,0.6272222453897895,1.0,0.37277775461021045,True,55,0.9351292391745754,1.0,0.06487076082542464,True,0.496,ok,6.661338147750939e-16
gpt-4o-mini,500,4,17,0.9904153354632588,55,0.621626375051261,1.0,0.37837362494873905,True,54,0.9028089842507466,0.9995397821512043,0.09673079790045769,True,0.516,ok,1.1102230246251565e-16
gpt-4o-mini,500,4,18,0.9904153354632588,55,0.7613567829254994,1.0,0.23864321707450065,True,55,0.9351292391745754,1.0,0.06487076082542464,True,0.596,ok,1.1102230246251565e-16
gpt-4o-mini,500,4,19,0.9904153354632588,55,0.570501333989253,1.0,0.42949866601074704,True,54,0.9028089842507466,0.9995397821512043,0.09673079790045769,True,0.49,ok,5.551115123125783e-17
gpt-4o-mini,500,4,20,0.9904153354632588,55,0.7025219577455741,1.0,0.29747804225442587,True,53,0.8747357429028499,0.9955654526814093,0.12082970977855934,True,0.538,ok,1.1102230246251565e-16
gpt-4o-mini,500,4,21,0.9904153354632588,55,0.6259017513760797,1.0,0.37409824862392027,True,54,0.9028089842507466,0.9995397821512043,0.09673079790045769,True,0.486,ok,1.3322676295501878e-15
gpt-4o-mini,500,4,22,0.9904153354632588,55,0.6813172280372191,1.0,0.31868277196278094,True,55,0.9351292391745754,1.0,0.06487076082542464,True,0.53,ok,1.1102230246251565e-16
gpt-4o-mini,500,4,23,0.9904153354632588,55,0.6178959386440782,1.0,0.3821040613559218,True,55,0.9351292391745754,1.0,0.06487076082542464,True,0.514,ok,1.1102230246251565e-16
gpt-4o-mini,500,4,24,0.9904153354632588,55,0.6982438944629152,1.0,0.30175610553708476,True,55,0.9351292391745754,1.0,0.06487076082542464,True,0.538,ok,0.0
gpt-4o-mini,500,4,25,0.9904153354632588,55,0.6314029799774077,1.0,0.3685970200225923,True,55,0.9351292391745754,1.0,0.06487076082542464,True,0.514,ok,0.0
gpt-4o-mini,500,4,26,0.9904153354632588,55,0.6398816315599323,1.0,0.3601183684400677,True,54,0.9028089842507466,0.9995397821512043,0.09673079790045769,True,0.52,ok,1.1102230246251565e-16
gpt-4o-mini,500,4,27,0.9904153354632588,55,0.6394158001443178,1.0,0.36058419985568224,True,55,0.9351292391745754,1.0,0.06487076082542464,True,0.518,ok,1.1102230246251565e-16
gpt-4o-mini,500,4,28,0.9904153354632588,55,0.7325368599110187,1.0,0.2674631400889813,True,55,0.9351292391745754,1.0,0.06487076082542464,True,0.548,ok,0.0
gpt-4o-mini,500,4,29,0.9904153354632588,55,0.6737215796300312,1.0,0.3262784203699688,True,54,0.9028089842507466,0.9995397821512043,0.09673079790045769,True,0.528,ok,1.1102230246251565e-16
gpt-4o-mini,500,4,30,0.9904153354632588,55,0.7368343941668843,1.0,0.26316560583311566,True,55,0.9351292391745754,1.0,0.06487076082542464,True,0.56,ok,1.1102230246251565e-16
gpt-4o-mini,500,4,31,0.9904153354632588,55,0.6476918417130487,1.0,0.3523081582869513,True,55,0.9351292391745754,1.0,0.06487076082542464,True,0.536,ok,0.0
gpt-4o-mini,500,4,32,0.9904153354632588,55,0.6982438944629152,1.0,0.30175610553708476,True,54,0.9028089842507466,0.9995397821512043,0.09673079790045769,True,0.526,ok,1.1102230246251565e-16
gpt-4o-mini,500,4,33,0.9904153354632588,55,0.6939682995743851,1.0,0.3060317004256149,True,55,0.9351292391745754,1.0,0.06487076082542464,True,0.532,ok,0.0
gpt-4o-mini,500,4,34,0.9904153354632588,55,0.6948307552476708,1.0,0.3051692447523292,True,55,0.9351292391745754,1.0,0.06487076082542464,True,0.542,ok,1.1102230246251565e-16
gpt-4o-mini,500,4,35,0.9904153354632588,55,0.5770053343941057,1.0,0.42299466560589427,True,55,0.9351292391745754,1.0,0.06487076082542464,True,0.492,ok,2.220446049250313e-16
gpt-4o-mini,500,4,36,0.9904153354632588,55,0.7110854574327407,1.0,0.28891454256725935,True,55,0.9351292391745754,1.0,0.06487076082542464,True,0.534,ok,0.0
gpt-4o-mini,500,4,37,0.9904153354632588,55,0.6067175978085435,1.0,0.3932824021914565,True,54,0.9028089842507466,0.9995397821512043,0.09673079790045769,True,0.508,ok,2.220446049250313e-16
gpt-4o-mini,500,4,38,0.9904153354632588,55,0.6276860260390366,1.0,0.37231397396096344,True,55,0.9351292391745754,1.0,0.06487076082542464,True,0.498,ok,8.881784197001252e-16
gpt-4o-mini,500,4,39,0.9904153354632588,55,0.618936971940746,1.0,0.38106302805925396,True,55,0.9351292391745754,1.0,0.06487076082542464,True,0.506,ok,2.220446049250313e-16
gpt-4o-mini,500,4,40,0.9904153354632588,55,0.6768907711470508,1.0,0.32310922885294924,True,55,0.9351292391745754,1.0,0.06487076082542464,True,0.502,ok,0.0
gpt-4o-mini,500,4,41,0.9904153354632588,55,0.6092467749998915,1.0,0.39075322500010845,True,55,0.9351292391745754,1.0,0.06487076082542464,True,0.526,ok,2.220446049250313e-16
gpt-4o-mini,500,4,42,0.9904153354632588,55,0.6154060740657092,1.0,0.38459392593429076,True,55,0.9351292391745754,1.0,0.06487076082542464,True,0.506,ok,1.1102230246251565e-16
gpt-4o-mini,500,4,43,0.9904153354632588,55,0.5965646565682559,1.0,0.40343534343174414,True,54,0.9028089842507466,0.9995397821512043,0.09673079790045769,True,0.498,ok,9.992007221626409e-16
gpt-4o-mini,500,4,44,0.9904153354632588,55,0.7368343941668843,1.0,0.26316560583311566,True,54,0.9028089842507466,0.9995397821512043,0.09673079790045769,True,0.538,ok,0.0
gpt-4o-mini,500,4,45,0.9904153354632588,55,0.6259017513760797,1.0,0.37409824862392027,True,53,0.8747357429028499,0.9955654526814093,0.12082970977855934,True,0.468,ok,4.440892098500626e-16
gpt-4o-mini,500,4,46,0.9904153354632588,55,0.6854245480667087,1.0,0.3145754519332913,True,55,0.9351292391745754,1.0,0.06487076082542464,True,0.532,ok,1.1102230246251565e-16
gpt-4o-mini,500,4,47,0.9904153354632588,55,0.7025219577455741,1.0,0.29747804225442587,True,53,0.8747357429028499,0.9955654526814093,0.12082970977855934,True,0.54,ok,1.1102230246251565e-16
gpt-4o-mini,500,4,48,0.9904153354632588,55,0.6939682995743851,1.0,0.3060317004256149,True,55,0.9351292391745754,1.0,0.06487076082542464,True,0.504,ok,0.0
gpt-4o-mini,500,4,49,0.9904153354632588,55,0.6578045690955969,1.0,0.3421954309044031,True,55,0.9351292391745754,1.0,0.06487076082542464,True,0.536,ok,1.1102230246251565e-16
gpt-4o-mini,500,4,50,0.9904153354632588,55,0.6513500105745352,1.0,0.34864998942546477,True,54,0.9028089842507466,0.9995397821512043,0.09673079790045769,True,0.496,ok,0.0
gpt-4o-mini,500,4,51,0.9904153354632588,55,0.6259017513760797,1.0,0.37409824862392027,True,54,0.9028089842507466,0.9995397821512043,0.09673079790045769,True,0.476,ok,2.220446049250313e-16
gpt-4o-mini,500,4,52,0.9904153354632588,55,0.7025219577455741,1.0,0.29747804225442587,True,55,0.9351292391745754,1.0,0.06487076082542464,True,0.53,ok,1.1102230246251565e-16
gpt-4o-mini,500,4,53,0.9904153354632588,55,0.6726276451635904,1.0,0.3273723548364096,True,54,0.9028089842507466,0.9995397821512043,0.09673079790045769,True,0.506,ok,0.0
gpt-4o-mini,500,4,54,0.9904153354632588,55,0.7384775492378501,1.0,0.26152245076214986,True,55,0.9351292391745754,1.0,0.06487076082542464,True,0.524,ok,0.0
gpt-4o-mini,500,4,55,0.9904153354632588,55,0.6896951813083522,1.0,0.31030481869164783,True,53,0.8747357429028499,0.9955654526814093,0.12082970977855934,True,0.502,ok,0.0
gpt-4o-mini,500,4,56,0.9904153354632588,55,0.6318684381498635,1.0,0.3681315618501365,True,55,0.9351292391745754,1.0,0.06487076082542464,True,0.516,ok,0.0
gpt-4o-mini,500,4,57,0.9904153354632588,55,0.6768907711470508,1.0,0.32310922885294924,True,54,0.9028089842507466,0.9995397821512043,0.09673079790045769,True,0.524,ok,0.0
gpt-4o-mini,500,4,58,0.9904153354632588,55,0.6598534271523775,1.0,0.3401465728476225,True,55,0.9351292391745754,1.0,0.06487076082542464,True,0.51,ok,0.0
gpt-4o-mini,500,4,59,0.9904153354632588,55,0.5971309762935626,1.0,0.4028690237064374,True,55,0.9351292391745754,1.0,0.06487076082542464,True,0.488,ok,1.1102230246251565e-15
gpt-4o-mini,500,4,60,0.9904153354632588,55,0.6513500105745352,1.0,0.34864998942546477,True,54,0.9028089842507466,0.9995397821512043,0.09673079790045769,True,0.498,ok,0.0
gpt-4o-mini,500,4,61,0.9904153354632588,55,0.6587397890673661,1.0,0.3412602109326339,True,55,0.9351292391745754,1.0,0.06487076082542464,True,0.54,ok,1.1102230246251565e-16
gpt-4o-mini,500,4,62,0.9904153354632588,55,0.7068024813650599,1.0,0.29319751863494015,True,55,0.9351292391745754,1.0,0.06487076082542464,True,0.544,ok,0.0
gpt-4o-mini,500,4,63,0.9904153354632588,55,0.7033852523384998,1.0,0.2966147476615002,True,54,0.9028089842507466,0.9995397821512043,0.09673079790045769,True,0.548,ok,1.1102230246251565e-16
gpt-4o-mini,500,4,64,0.9904153354632588,55,0.7025219577455741,1.0,0.29747804225442587,True,54,0.9028089842507466,0.9995397821512043,0.09673079790045769,True,0.522,ok,0.0
gpt-4o-mini,500,4,65,0.9904153354632588,55,0.6683670395990555,1.0,0.3316329604009445,True,54,0.9028089842507466,0.9995397821512043,0.09673079790045769,True,0.518,ok,0.0
gpt-4o-mini,500,4,66,0.9904153354632588,55,0.6858189045289023,1.0,0.31418109547109774,True,54,0.9028089842507466,0.9995397821512043,0.09673079790045769,True,0.534,ok,0.0
gpt-4o-mini,500,4,67,0.9904153354632588,55,0.674188345723475,1.0,0.32581165427652503,True,55,0.9351292391745754,1.0,0.06487076082542464,True,0.53,ok,1.1102230246251565e-16
gpt-4o-mini,500,4,68,0.9904153354632588,55,0.6198812319959968,1.0,0.38011876800400324,True,54,0.9028089842507466,0.9995397821512043,0.09673079790045769,True,0.494,ok,4.440892098500626e-16
gpt-4o-mini,500,4,69,0.9904153354632588,55,0.7110854574327407,1.0,0.28891454256725935,True,54,0.9028089842507466,0.9995397821512043,0.09673079790045769,True,0.532,ok,1.1102230246251565e-16
gpt-4o-mini,500,4,70,0.9904153354632588,55,0.6641089637623936,1.0,0.3358910362376064,True,55,0.9351292391745754,1.0,0.06487076082542464,True,0.512,ok,0.0
gpt-4o-mini,500,4,71,0.9904153354632588,55,0.647904302858826,1.0,0.35209569714117395,True,54,0.9028089842507466,0.9995397821512043,0.09673079790045769,True,0.524,ok,1.1102230246251565e-16
gpt-4o-mini,500,4,72,0.9904153354632588,55,0.6513500105745352,1.0,0.34864998942546477,True,55,0.9351292391745754,1.0,0.06487076082542464,True,0.498,ok,0.0
gpt-4o-mini,500,4,73,0.9904153354632588,55,0.6429599374450711,1.0,0.3570400625549289,True,55,0.9351292391745754,1.0,0.06487076082542464,True,0.518,ok,0.0
gpt-4o-mini,500,4,74,0.9904153354632588,55,0.6495890790281924,1.0,0.3504109209718076,True,55,0.9351292391745754,1.0,0.06487076082542464,True,0.516,ok,1.1102230246251565e-16
gpt-4o-mini,500,4,75,0.9904153354632588,55,0.6982438944629152,1.0,0.30175610553708476,True,53,0.8747357429028499,0.9955654526814093,0.12082970977855934,True,0.538,ok,0.0
gpt-4o-mini,500,4,76,0.9904153354632588,55,0.6497709931731368,1.0,0.3502290068268632,True,54,0.9028089842507466,0.9995397821512043,0.09673079790045769,True,0.532,ok,1.1102230246251565e-16
gpt-4o-mini,500,4,77,0.9904153354632588,55,0.6683670395990555,1.0,0.3316329604009445,True,55,0.9351292391745754,1.0,0.06487076082542464,True,0.516,ok,0.0
gpt-4o-mini,500,4,78,0.9904153354632588,55,0.6141676580974549,1.0,0.3858323419025451,True,55,0.9351292391745754,1.0,0.06487076082542464,True,0.512,ok,3.3306690738754696e-16
gpt-4o-mini,500,4,79,0.9904153354632588,55,0.6906416632474464,1.0,0.30935833675255364,True,55,0.9351292391745754,1.0,0.06487076082542464,True,0.574,ok,1.1102230246251565e-16
gpt-4o-mini,500,4,80,0.9904153354632588,55,0.5780462699744614,1.0,0.4219537300255386,True,55,0.9351292391745754,1.0,0.06487076082542464,True,0.506,ok,2.7755575615628914e-17
gpt-4o-mini,500,4,81,0.9904153354632588,55,0.5568049186250649,1.0,0.44319508137493513,True,55,0.9351292391745754,1.0,0.06487076082542464,True,0.472,ok,7.771561172376096e-16
gpt-4o-mini,500,4,82,0.9904153354632588,55,0.6727886087797441,1.0,0.3272113912202559,True,55,0.9351292391745754,1.0,0.06487076082542464,True,0.524,ok,1.1102230246251565e-16
gpt-4o-mini,500,4,83,0.9904153354632588,55,0.6513500105745352,1.0,0.34864998942546477,True,54,0.9028089842507466,0.9995397821512043,0.09673079790045769,True,0.502,ok,0.0
gpt-4o-mini,500,4,84,0.9904153354632588,55,0.7025219577455741,1.0,0.29747804225442587,True,55,0.9351292391745754,1.0,0.06487076082542464,True,0.524,ok,1.1102230246251565e-16
gpt-4o-mini,500,4,85,0.9904153354632588,55,0.630472623147858,1.0,0.369527376852142,True,55,0.9351292391745754,1.0,0.06487076082542464,True,0.51,ok,0.0
gpt-4o-mini,500,4,86,0.9904153354632588,55,0.7068024813650599,1.0,0.29319751863494015,True,54,0.9028089842507466,0.9995397821512043,0.09673079790045769,True,0.532,ok,0.0
gpt-4o-mini,500,4,87,0.9904153354632588,55,0.6641089637623936,1.0,0.3358910362376064,True,53,0.8747357429028499,0.9955654526814093,0.12082970977855934,True,0.512,ok,0.0
gpt-4o-mini,500,4,88,0.9904153354632588,55,0.6280814597093174,1.0,0.3719185402906826,True,55,0.9351292391745754,1.0,0.06487076082542464,True,0.524,ok,0.0
gpt-4o-mini,500,4,89,0.9904153354632588,55,0.6767121207253183,1.0,0.3232878792746817,True,54,0.9028089842507466,0.9995397821512043,0.09673079790045769,True,0.556,ok,1.1102230246251565e-16
gpt-4o-mini,500,4,90,0.9904153354632588,55,0.6210770819066641,1.0,0.3789229180933359,True,55,0.9351292391745754,1.0,0.06487076082542464,True,0.5,ok,9.992007221626409e-16
gpt-4o-mini,500,4,91,0.9904153354632588,55,0.7205239774886069,1.0,0.27947602251139314,True,54,0.9028089842507466,0.9995397821512043,0.09673079790045769,True,0.56,ok,1.1102230246251565e-16
gpt-4o-mini,500,4,92,0.9904153354632588,55,0.6751224398768942,1.0,0.32487756012310576,True,55,0.9351292391745754,1.0,0.06487076082542464,True,0.534,ok,1.1102230246251565e-16
gpt-4o-mini,500,4,93,0.9904153354632588,55,0.6566924889152753,1.0,0.3433075110847247,True,54,0.9028089842507466,0.9995397821512043,0.09673079790045769,True,0.516,ok,1.1102230246251565e-16
gpt-4o-mini,500,4,94,0.9904153354632588,55,0.7384775492378501,1.0,0.26152245076214986,True,54,0.9028089842507466,0.9995397821512043,0.09673079790045769,True,0.526,ok,1.1102230246251565e-16
gpt-4o-mini,500,4,95,0.9904153354632588,55,0.6564031466027789,1.0,0.3435968533972211,True,55,0.9351292391745754,1.0,0.06487076082542464,True,0.53,ok,0.0
gpt-4o-mini,500,4,96,0.9904153354632588,55,0.6060302461666417,1.0,0.3939697538333583,True,55,0.9351292391745754,1.0,0.06487076082542464,True,0.496,ok,6.661338147750939e-16
gpt-4o-mini,500,4,97,0.9904153354632588,55,0.6768907711470508,1.0,0.32310922885294924,True,55,0.9351292391745754,1.0,0.06487076082542464,True,0.526,ok,1.1102230246251565e-16
gpt-4o-mini,500,4,98,0.9904153354632588,55,0.657337240756198,1.0,0.34266275924380196,True,55,0.9351292391745754,1.0,0.06487076082542464,True,0.534,ok,1.1102230246251565e-16
gpt-4o-mini,500,4,99,0.9904153354632588,55,0.6683670395990555,1.0,0.3316329604009445,True,55,0.9351292391745754,1.0,0.06487076082542464,True,0.504,ok,0.0
gpt-4o-mini,500,16,0,0.9904153354632588,222,0.8845747663167204,1.0,0.11542523368327962,True,216,0.9421047145227744,0.9900183426713012,0.04791362814852673,False,0.892,ok,1.1102230246251565e-16
gpt-4o-mini,500,16,1,0.9904153354632588,222,0.8957573581436029,1.0,0.10424264185639709,True,218,0.9545117940563054,0.9950694179273891,0.04055762387108375,True,0.91,ok,5.773159728050814e-15
gpt-4o-mini,500,16,2,0.9904153354632588,222,0.8996629396806771,1.0,0.10033706031932288,True,215,0.9361148425619191,0.9872305330830947,0.051115690521175594,False,0.898,ok,7.771561172376096e-16
gpt-4o-mini,500,16,3,0.9904153354632588,222,0.8997857407366059,1.0,0.10021425926339411,True,219,0.961017862282884,0.9972044713562254,0.03618660907334137,True,0.902,ok,2.3314683517128287e-15
gpt-4o-mini,500,16,4,0.9904153354632588,222,0.8926037112312073,1.0,0.1073962887687927,True,220,0.9678370714144052,0.9989070990266307,0.031070027612225437,True,0.902,ok,2.55351295663786e-15
gpt-4o-mini,500,16,5,0.9904153354632588,222,0.883058606105063,1.0,0.11694139389493696,True,222,0.9835207196475589,1.0,0.01647928035244106,True,0.896,ok,2.7755575615628914e-17
gpt-4o-mini,500,16,6,0.9904153354632588,222,0.9154962530666582,1.0,0.08450374693334184,True,221,0.9751594047009726,0.9998859623226809,0.02472655762170828,True,0.918,ok,1.1102230246251565e-16
gpt-4o-mini,500,16,7,0.9904153354632588,222,0.9014632586117004,1.0,0.0985367413882996,True,219,0.961017862282884,0.9972044713562254,0.03618660907334137,True,0.908,ok,1.3322676295501878e-15
gpt-4o-mini,500,16,8,0.9904153354632588,222,0.8973588754165337,1.0,0.1026411245834663,True,221,0.9751594047009726,0.9998859623226809,0.02472655762170828,True,0.904,ok,1.9984014443252818e-15
gpt-4o-mini,500,16,9,0.9904153354632588,222,0.8751245232571032,1.0,0.12487547674289678,True,217,0.9482254581722983,0.9926474856344218,0.04442202746212354,True,0.884,ok,2.1441182163073336e-15
gpt-4o-mini,500,16,10,0.9904153354632588,222,0.8779605482528252,1.0,0.12203945174717479,True,218,0.9545117940563054,0.9950694179273891,0.04055762387108375,True,0.896,ok,2.220446049250313e-16
gpt-4o-mini,500,16,11,0.9904153354632588,222,0.890269810167961,1.0,0.10973018983203897,True,218,0.9545117940563054,0.9950694179273891,0.04055762387108375,True,0.902,ok,1.1102230246251565e-16
gpt-4o-mini,500,16,12,0.9904153354632588,222,0.8902397227168954,1.0,0.10976027728310456,True,219,0.961017862282884,0.9972044713562254,0.03618660907334137,True,0.898,ok,4.440892098500626e-15
gpt-4o-mini,500,16,13,0.9904153354632588,222,0.8966960496147209,1.0,0.10330395038527906,True,217,0.9482254581722983,0.9926474856344218,0.04442202746212354,True,0.902,ok,9.992007221626409e-15
gpt-4o-mini,500,16,14,0.9904153354632588,222,0.9116573585105235,1.0,0.08834264148947646,True,218,0.9545117940563054,0.9950694179273891,0.04055762387108375,True,0.916,ok,1.7763568394002505e-15
gpt-4o-mini,500,16,15,0.9904153354632588,222,0.9063361684026167,1.0,0.09366383159738334,True,222,0.9835207196475589,1.0,0.01647928035244106,True,0.912,ok,6.661338147750939e-16
gpt-4o-mini,500,16,16,0.9904153354632588,222,0.9063862090136822,1.0,0.09361379098631784,True,219,0.961017862282884,0.9972044713562254,0.03618660907334137,True,0.904,ok,1.7763568394002505e-15
gpt-4o-mini,500,16,17,0.9904153354632588,222,0.8927709257026266,1.0,0.10722907429737338,True,220,0.9678370714144052,0.9989070990266307,0.031070027612225437,True,0.902,ok,1.5543122344752192e-15
gpt-4o-mini,500,16,18,0.9904153354632588,222,0.8907465974228824,1.0,0.10925340257711758,True,219,0.961017862282884,0.9972044713562254,0.03618660907334137,True,0.9,ok,1.2212453270876722e-15
gpt-4o-mini,500,16,19,0.9904153354632588,222,0.9142925406556247,1.0,0.08570745934437529,True,220,0.9678370714144052,0.9989070990266307,0.031070027612225437,True,0.91,ok,6.661338147750939e-16
gpt-4o-mini,500,16,20,0.9904153354632588,222,0.8855730904976195,1.0,0.11442690950238055,True,221,0.9751594047009726,0.9998859623226809,0.02472655762170828,True,0.898,ok,1.3322676295501878e-15
gpt-4o-mini,500,16,21,0.9904153354632588,222,0.8999913338597161,1.0,0.10000866614028392,True,219,0.961017862282884,0.9972044713562254,0.03618660907334137,True,0.91,ok,7.993605777301127e-15
gpt-4o-mini,500,16,22,0.9904153354632588,222,0.8888286287248637,1.0,0.11117137127513632,True,220,0.9678370714144052,0.9989070990266307,0.031070027612225437,True,0.892,ok,8.881784197001252e-16
gpt-4o-mini,500,16,23,0.9904153354632588,222,0.8901209734281207,1.0,0.10987902657187931,True,220,0.9678370714144052,0.9989070990266307,0.031070027612225437,True,0.896,ok,2.1094237467877974e-15
gpt-4o-mini,500,16,24,0.9904153354632588,222,0.892188329486316,1.0,0.10781167051368401,True,218,0.9545117940563054,0.9950694179273891,0.04055762387108375,True,0.902,ok,3.191891195797325e-16
gpt-4o-mini,500,16,25,0.9904153354632588,222,0.9257029859307097,1.0,0.07429701406929035,True,221,0.9751594047009726,0.9998859623226809,0.02472655762170828,True,0.928,ok,8.43769498715119e-15
gpt-4o-mini,500,16,26,0.9904153354632588,222,0.895922501951131,1.0,0.10407749804886901,True,220,0.9678370714144052,0.9989070990266307,0.031070027612225437,True,0.904,ok,4.440892098500626e-16
gpt-4o-mini,500,16,27,0.9904153354632588,222,0.912907606836107,1.0,0.08709239316389294,True,221,0.9751594047009726,0.9998859623226809,0.02472655762170828,True,0.92,ok,9.992007221626409e-16
gpt-4o-mini,500,16,28,0.9904153354632588,222,0.9079928020144274,1.0,0.09200719798557255,True,218,0.9545117940563054,0.9950694179273891,0.04055762387108375,True,0.912,ok,8.881784197001252e-16
gpt-4o-mini,500,16,29,0.9904153354632588,222,0.8745476371973386,1.0,0.12545236280266137,True,220,0.9678370714144052,0.9989070990266307,0.031070027612225437,True,0.882,ok,3.3306690738754696e-15
gpt-4o-mini,500,16,30,0.9904153354632588,222,0.8630927466284636,1.0,0.13690725337153642,True,220,0.9678370714144052,0.9989070990266307,0.031070027612225437,True,0.882,ok,6.661338147750939e-16
gpt-4o-mini,500,16,31,0.9904153354632588,222,0.904021731566725,1.0,0.09597826843327495,True,220,0.9678370714144052,0.9989070990266307,0.031070027612225437,True,0.912,ok,4.440892098500626e-16
gpt-4o-mini,500,16,32,0.9904153354632588,222,0.9018062040351319,1.0,0.0981937959648681,True,218,0.9545117940563054,0.9950694179273891,0.04055762387108375,True,0.91,ok,1.3322676295501878e-15
gpt-4o-mini,500,16,33,0.9904153354632588,222,0.9133229217748482,1.0,0.0866770782251518,True,219,0.961017862282884,0.9972044713562254,0.03618660907334137,True,0.92,ok,2.886579864025407e-15
gpt-4o-mini,500,16,34,0.9904153354632588,222,0.8759579960935866,1.0,0.1240420039064134,True,219,0.961017862282884,0.9972044713562254,0.03618660907334137,True,0.886,ok,8.881784197001252e-16
gpt-4o-mini,500,16,35,0.9904153354632588,222,0.9191076692877918,1.0,0.08089233071220825,True,219,0.961017862282884,0.9972044713562254,0.03618660907334137,True,0.93,ok,6.661338147750939e-16
gpt-4o-mini,500,16,36,0.9904153354632588,222,0.9142071377316187,1.0,0.08579286226838134,True,219,0.961017862282884,0.9972044713562254,0.03618660907334137,True,0.918,ok,2.220446049250313e-16
gpt-4o-mini,500,16,37,0.9904153354632588,222,0.9027697286278402,1.0,0.09723027137215978,True,217,0.9482254581722983,0.9926474856344218,0.04442202746212354,True,0.91,ok,2.9976021664879227e-15
gpt-4o-mini,500,16,38,0.9904153354632588,222,0.9098218712591908,1.0,0.09017812874080922,True,220,0.9678370714144052,0.9989070990266307,0.031070027612225437,True,0.92,ok,1.1102230246251565e-15
gpt-4o-mini,500,16,39,0.9904153354632588,222,0.9228270634613005,1.0,0.0771729365386995,True,221,0.9751594047009726,0.9998859623226809,0.02472655762170828,True,0.918,ok,1.1102230246251565e-16
gpt-4o-mini,500,16,40,0.9904153354632588,222,0.92768432251905,1.0,0.07231567748095002,True,219,0.961017862282884,0.9972044713562254,0.03618660907334137,True,0.928,ok,3.885780586188048e-15
gpt-4o-mini,500,16,41,0.9904153354632588,222,0.927274647676725,1.0,0.07272535232327504,True,220,0.9678370714144052,0.9989070990266307,0.031070027612225437,True,0.924,ok,8.881784197001252e-16
gpt-4o-mini,500,16,42,0.9904153354632588,222,0.8976140092606274,1.0,0.1023859907393726,True,220,0.9678370714144052,0.9989070990266307,0.031070027612225437,True,0.906,ok,1.5543122344752192e-15
gpt-4o-mini,500,16,43,0.9904153354632588,222,0.918986288591324,1.0,0.08101371140867597,True,221,0.9751594047009726,0.9998859623226809,0.02472655762170828,True,0.924,ok,2.220446049250313e-16
gpt-4o-mini,500,16,44,0.9904153354632588,222,0.908598000282894,1.0,0.09140199971710605,True,220,0.9678370714144052,0.9989070990266307,0.031070027612225437,True,0.92,ok,2.220446049250313e-16
gpt-4o-mini,500,16,45,0.9904153354632588,222,0.9122917777827605,1.0,0.0877082222172395,True,218,0.9545117940563054,0.9950694179273891,0.04055762387108375,True,0.918,ok,5.551115123125783e-16
gpt-4o-mini,500,16,46,0.9904153354632588,222,0.8754837871696025,1.0,0.12451621283039749,True,220,0.9678370714144052,0.9989070990266307,0.031070027612225437,True,0.892,ok,1.1102230246251565e-15
gpt-4o-mini,500,16,47,0.9904153354632588,222,0.8970287963877226,1.0,0.1029712036122774,True,220,0.9678370714144052,0.9989070990266307,0.031070027612225437,True,0.9,ok,3.219646771412954e-15
gpt-4o-mini,500,16,48,0.9904153354632588,222,0.9042873342184263,1.0,0.09571266578157367,True,222,0.9835207196475589,1.0,0.01647928035244106,True,0.91,ok,8.881784197001252e-16
gpt-4o-mini,500,16,49,0.9904153354632588,222,0.8729410641921291,1.0,0.12705893580787087,True,220,0.9678370714144052,0.9989070990266307,0.031070027612225437,True,0.886,ok,2.220446049250313e-16
gpt-4o-mini,500,16,50,0.9904153354632588,222,0.9007913478290386,1.0,0.09920865217096142,True,219,0.961017862282884,0.9972044713562254,0.03618660907334137,True,0.908,ok,1.1324274851176597e-14
gpt-4o-mini,500,16,51,0.9904153354632588,222,0.8895010778098592,1.0,0.11049892219014079,True,221,0.9751594047009726,0.9998859623226809,0.02472655762170828,True,0.898,ok,1.5543122344752192e-15
gpt-4o-mini,500,16,52,0.9904153354632588,222,0.8956480797635594,1.0,0.10435192023644058,True,221,0.9751594047009726,0.9998859623226809,0.02472655762170828,True,0.9,ok,6.661338147750939e-16
gpt-4o-mini,500,16,53,0.9904153354632588,222,0.9019932358488086,1.0,0.09800676415119136,True,219,0.961017862282884,0.9972044713562254,0.03618660907334137,True,0.906,ok,2.220446049250313e-16
gpt-4o-mini,500,16,54,0.9904153354632588,222,0.8800754979718893,1.0,0.11992450202811067,True,219,0.961017862282884,0.9972044713562254,0.03618660907334137,True,0.888,ok,2.220446049250313e-15
gpt-4o-mini,500,16,55,0.9904153354632588,222,0.8823093679766554,1.0,0.11769063202334462,True,220,0.9678370714144052,0.9989070990266307,0.031070027612225437,True,0.894,ok,2.6645352591003757e-15
gpt-4o-mini,500,16,56,0.9904153354632588,222,0.9102402294345354,1.0,0.08975977056546458,True,221,0.9751594047009726,0.9998859623226809,0.02472655762170828,True,0.914,ok,2.7755575615628914e-17
gpt-4o-mini,500,16,57,0.9904153354632588,222,0.9079691764584152,1.0,0.09203082354158476,True,222,0.9835207196475589,1.0,0.01647928035244106,True,0.916,ok,1.5543122344752192e-15
gpt-4o-mini,500,16,58,0.9904153354632588,222,0.9116262907433331,1.0,0.08837370925666688,True,222,0.9835207196475589,1.0,0.01647928035244106,True,0.9,ok,4.618527782440651e-14
gpt-4o-mini,500,16,59,0.9904153354632588,222,0.8783156008795722,1.0,0.12168439912042783,True,221,0.9751594047009726,0.9998859623226809,0.02472655762170828,True,0.89,ok,6.661338147750939e-15
gpt-4o-mini,500,16,60,0.9904153354632588,222,0.9015994653854414,1.0,0.09840053461455855,True,218,0.9545117940563054,0.9950694179273891,0.04055762387108375,True,0.908,ok,1.5543122344752192e-15
gpt-4o-mini,500,16,61,0.9904153354632588,222,0.8874371981662552,1.0,0.11256280183374479,True,219,0.961017862282884,0.9972044713562254,0.03618660907334137,True,0.898,ok,4.440892098500626e-16
gpt-4o-mini,500,16,62,0.9904153354632588,222,0.9510319127905722,1.0,0.0489680872094278,True,218,0.9545117940563054,0.9950694179273891,0.04055762387108375,True,0.94,ok,8.215650382226158e-15
gpt-4o-mini,500,16,63,0.9904153354632588,222,0.9159965064822397,1.0,0.08400349351776026,True,221,0.9751594047009726,0.9998859623226809,0.02472655762170828,True,0.922,ok,1.9984014443252818e-15
gpt-4o-mini,500,16,64,0.9904153354632588,222,0.8877981260514265,1.0,0.1122018739485735,True,221,0.9751594047009726,0.9998859623226809,0.02472655762170828,True,0.89,ok,3.552713678800501e-15
gpt-4o-mini,500,16,65,0.9904153354632588,222,0.891850902821622,1.0,0.10814909717837795,True,221,0.9751594047009726,0.9998859623226809,0.02472655762170828,True,0.9,ok,6.661338147750939e-16
gpt-4o-mini,500,16,66,0.9904153354632588,222,0.9054052909397698,1.0,0.09459470906023015,True,220,0.9678370714144052,0.9989070990266307,0.031070027612225437,True,0.912,ok,1.9984014443252818e-15
gpt-4o-mini,500,16,67,0.9904153354632588,222,0.9030082946699637,1.0,0.09699170533003632,True,219,0.961017862282884,0.9972044713562254,0.03618660907334137,True,0.912,ok,1.3322676295501878e-15
gpt-4o-mini,500,16,68,0.9904153354632588,222,0.9138737284438515,1.0,0.08612627155614849,True,220,0.9678370714144052,0.9989070990266307,0.031070027612225437,True,0.924,ok,1.7763568394002505e-15
gpt-4o-mini,500,16,69,0.9904153354632588,222,0.8841266421178253,1.0,0.11587335788217468,True,221,0.9751594047009726,0.9998859623226809,0.02472655762170828,True,0.898,ok,2.1510571102112408e-16
gpt-4o-mini,500,16,70,0.9904153354632588,222,0.9107754597957779,1.0,0.0892245402042221,True,220,0.9678370714144052,0.9989070990266307,0.031070027612225437,True,0.92,ok,1.7763568394002505e-15
gpt-4o-mini,500,16,71,0.9904153354632588,222,0.9074928624812046,1.0,0.09250713751879536,True,220,0.9678370714144052,0.9989070990266307,0.031070027612225437,True,0.916,ok,2.220446049250313e-16
gpt-4o-mini,500,16,72,0.9904153354632588,222,0.890249026871556,1.0,0.10975097312844395,True,220,0.9678370714144052,0.9989070990266307,0.031070027612225437,True,0.896,ok,2.220446049250313e-16
gpt-4o-mini,500,16,73,0.9904153354632588,222,0.8974495906339394,1.0,0.10255040936606064,True,219,0.961017862282884,0.9972044713562254,0.03618660907334137,True,0.904,ok,5.551115123125783e-16
gpt-4o-mini,500,16,74,0.9904153354632588,222,0.8845562657027249,1.0,0.11544373429727506,True,221,0.9751594047009726,0.9998859623226809,0.02472655762170828,True,0.892,ok,7.66053886991358e-15
gpt-4o-mini,500,16,75,0.9904153354632588,222,0.9278413491512304,1.0,0.0721586508487696,True,218,0.9545117940563054,0.9950694179273891,0.04055762387108375,True,0.932,ok,7.771561172376096e-16
gpt-4o-mini,500,16,76,0.9904153354632588,222,0.9092684657284902,1.0,0.09073153427150982,True,221,0.9751594047009726,0.9998859623226809,0.02472655762170828,True,0.914,ok,1.5543122344752192e-15
gpt-4o-mini,500,16,77,0.9904153354632588,222,0.9042458289324505,1.0,0.09575417106754947,True,220,0.9678370714144052,0.9989070990266307,0.031070027612225437,True,0.908,ok,1.734723475976807e-16
gpt-4o-mini,500,16,78,0.9904153354632588,222,0.9030240926625107,1.0,0.09697590733748929,True,219,0.961017862282884,0.9972044713562254,0.03618660907334137,True,0.908,ok,1.6861512186494565e-15
gpt-4o-mini,500,16,79,0.9904153354632588,222,0.9084583975628554,1.0,0.0915416024371446,True,219,0.961017862282884,0.9972044713562254,0.03618660907334137,True,0.91,ok,9.992007221626409e-16
gpt-4o-mini,500,16,80,0.9904153354632588,222,0.9076981281138191,1.0,0.09230187188618089,True,222,0.9835207196475589,1.0,0.01647928035244106,True,0.918,ok,4.440892098500626e-16
gpt-4o-mini,500,16,81,0.9904153354632588,222,0.9210464149290974,1.0,0.07895358507090255,True,221,0.9751594047009726,0.9998859623226809,0.02472655762170828,True,0.922,ok,3.9968028886505635e-15
gpt-4o-mini,500,16,82,0.9904153354632588,222,0.897729729608962,1.0,0.10227027039103798,True,218,0.9545117940563054,0.9950694179273891,0.04055762387108375,True,0.91,ok,1.5543122344752192e-15
gpt-4o-mini,500,16,83,0.9904153354632588,222,0.8786180203417665,1.0,0.1213819796582335,True,214,0.9302319851539469,0.9843160789418546,0.05408409378790768,False,0.896,ok,1.1102230246251565e-16
gpt-4o-mini,500,16,84,0.9904153354632588,222,0.8639334518040477,1.0,0.13606654819595232,True,220,0.9678370714144052,0.9989070990266307,0.031070027612225437,True,0.88,ok,1.1102230246251565e-16
gpt-4o-mini,500,16,85,0.9904153354632588,222,0.9071168027489945,1.0,0.09288319725100547,True,221,0.9751594047009726,0.9998859623226809,0.02472655762170828,True,0.916,ok,1.3322676295501878e-15
gpt-4o-mini,500,16,86,0.9904153354632588,222,0.901401889905952,1.0,0.09859811009404795,True,218,0.9545117940563054,0.9950694179273891,0.04055762387108375,True,0.906,ok,3.774758283725532e-15
gpt-4o-mini,500,16,87,0.9904153354632588,222,0.8893426649462641,1.0,0.11065733505373587,True,219,0.961017862282884,0.9972044713562254,0.03618660907334137,True,0.898,ok,1.1102230246251565e-15
gpt-4o-mini,500,16,88,0.9904153354632588,222,0.9149308642480185,1.0,0.0850691357519815,True,220,0.9678370714144052,0.9989070990266307,0.031070027612225437,True,0.924,ok,7.771561172376096e-16
gpt-4o-mini,500,16,89,0.9904153354632588,222,0.90915221985482,1.0,0.09084778014518002,True,219,0.961017862282884,0.9972044713562254,0.03618660907334137,True,0.914,ok,8.881784197001252e-16
gpt-4o-mini,500,16,90,0.9904153354632588,222,0.9092461026135462,1.0,0.09075389738645379,True,220,0.9678370714144052,0.9989070990266307,0.031070027612225437,True,0.912,ok,1.2323475573339238e-14
gpt-4o-mini,500,16,91,0.9904153354632588,222,0.8878578830189098,1.0,0.11214211698109022,True,220,0.9678370714144052,0.9989070990266307,0.031070027612225437,True,0.894,ok,4.440892098500626e-16
gpt-4o-mini,500,16,92,0.9904153354632588,222,0.924060478540951,1.0,0.07593952145904903,True,217,0.9482254581722983,0.9926474856344218,0.04442202746212354,True,0.924,ok,2.6645352591003757e-15
gpt-4o-mini,500,16,93,0.9904153354632588,222,0.8987809689426712,1.0,0.10121903105732877,True,219,0.961017862282884,0.9972044713562254,0.03618660907334137,True,0.902,ok,2.7755575615628914e-17
gpt-4o-mini,500,16,94,0.9904153354632588,222,0.883813467564138,1.0,0.11618653243586197,True,220,0.9678370714144052,0.9989070990266307,0.031070027612225437,True,0.892,ok,9.992007221626409e-16
gpt-4o-mini,500,16,95,0.9904153354632588,222,0.8991771894733767,1.0,0.10082281052662334,True,220,0.9678370714144052,0.9989070990266307,0.031070027612225437,True,0.906,ok,1.9984014443252818e-15
gpt-4o-mini,500,16,96,0.9904153354632588,222,0.8983864702416522,1.0,0.10161352975834781,True,220,0.9678370714144052,0.9989070990266307,0.031070027612225437,True,0.908,ok,2.220446049250313e-16
gpt-4o-mini,500,16,97,0.9904153354632588,222,0.9027655998313219,1.0,0.09723440016867813,True,220,0.9678370714144052,0.9989070990266307,0.031070027612225437,True,0.91,ok,7.771561172376096e-16
gpt-4o-mini,500,16,98,0.9904153354632588,222,0.8851727277749368,1.0,0.11482727222506317,True,221,0.9751594047009726,0.9998859623226809,0.02472655762170828,True,0.892,ok,2.7755575615628914e-15
gpt-4o-mini,500,16,99,0.9904153354632588,222,0.9153340960314263,1.0,0.08466590396857365,True,220,0.9678370714144052,0.9989070990266307,0.031070027612225437,True,0.918,ok,2.220446049250313e-16
gpt-4o-mini,500,36,0,0.9904153354632588,500,0.9768186119303404,0.9967452785929758,0.01992666666263543,True,495,0.9768186119303404,0.9967452785929758,0.01992666666263543,True,0.99,full_suite,0.0
gpt-4o-mini,500,36,1,0.9904153354632588,500,0.979644367406256,0.9978160918916578,0.01817172448540172,True,497,0.9825663262740865,0.9987609424564593,0.016194616182372834,True,0.992,full_suite,0.0
gpt-4o-mini,500,36,2,0.9904153354632588,500,0.9825663262740865,0.9987609424564593,0.016194616182372834,True,497,0.9825663262740865,0.9987609424564593,0.016194616182372834,True,0.994,full_suite,0.0
gpt-4o-mini,500,36,3,0.9904153354632588,500,0.974065072734663,0.9955838277141984,0.02151875497953537,True,494,0.974065072734663,0.9955838277141984,0.02151875497953537,True,0.988,full_suite,0.0
gpt-4o-mini,500,36,4,0.9904153354632588,500,0.9768186119303404,0.9967452785929758,0.01992666666263543,True,487,0.9559495631431262,0.9860850699371403,0.03013550679401411,False,0.99,full_suite,0.0
gpt-4o-mini,500,36,5,0.9904153354632588,500,0.966106303891462,0.9917370455652369,0.02563074167377488,True,493,0.9713683838166639,0.9943532389296755,0.022984855113011626,True,0.982,full_suite,0.0
gpt-4o-mini,500,36,6,0.9904153354632588,500,0.9825663262740865,0.9987609424564593,0.016194616182372834,True,494,0.974065072734663,0.9955838277141984,0.02151875497953537,True,0.994,full_suite,0.0
gpt-4o-mini,500,36,7,0.9904153354632588,500,0.9768186119303404,0.9967452785929758,0.01992666666263543,True,492,0.9687179983101469,0.9930676787975165,0.02434968048736952,True,0.99,full_suite,0.0
gpt-4o-mini,500,36,8,0.9904153354632588,500,0.9926493899480923,1.0,0.0073506100519077355,False,491,0.966106303891462,0.9917370455652369,0.02563074167377488,True,1.0,full_suite,0.0
gpt-4o-mini,500,36,9,0.9904153354632588,500,0.979644367406256,0.9978160918916578,0.01817172448540172,True,497,0.9825663262740865,0.9987609424564593,0.016194616182372834,True,0.992,full_suite,0.0
gpt-4o-mini,500,36,10,0.9904153354632588,500,0.9856259214377997,0.99951521382371,0.013889292385910301,True,499,0.9889075231010312,0.9999493656659926,0.011041842564961324,True,0.996,full_suite,0.0
gpt-4o-mini,500,36,11,0.9904153354632588,500,0.9713683838166639,0.9943532389296755,0.022984855113011626,True,496,0.979644367406256,0.9978160918916578,0.01817172448540172,True,0.986,full_suite,0.0
gpt-4o-mini,500,36,12,0.9904153354632588,500,0.979644367406256,0.9978160918916578,0.01817172448540172,True,495,0.9768186119303404,0.9967452785929758,0.01992666666263543,True,0.992,full_suite,0.0
gpt-4o-mini,500,36,13,0.9904153354632588,500,0.9856259214377997,0.99951521382371,0.013889292385910301,True,494,0.974065072734663,0.9955838277141984,0.02151875497953537,True,0.996,full_suite,0.0
gpt-4o-mini,500,36,14,0.9904153354632588,500,0.9889075231010312,0.9999493656659926,0.011041842564961324,True,495,0.9768186119303404,0.9967452785929758,0.01992666666263543,True,0.998,full_suite,0.0
gpt-4o-mini,500,36,15,0.9904153354632588,500,0.9825663262740865,0.9987609424564593,0.016194616182372834,True,496,0.979644367406256,0.9978160918916578,0.01817172448540172,True,0.994,full_suite,0.0
gpt-4o-mini,500,36,16,0.9904153354632588,500,0.9768186119303404,0.9967452785929758,0.01992666666263543,True,498,0.9856259214377997,0.99951521382371,0.013889292385910301,True,0.99,full_suite,0.0
gpt-4o-mini,500,36,17,0.9904153354632588,500,0.979644367406256,0.9978160918916578,0.01817172448540172,True,496,0.979644367406256,0.9978160918916578,0.01817172448540172,True,0.992,full_suite,0.0
gpt-4o-mini,500,36,18,0.9904153354632588,500,0.9856259214377997,0.99951521382371,0.013889292385910301,True,492,0.9687179983101469,0.9930676787975165,0.02434968048736952,True,0.996,full_suite,0.0
gpt-4o-mini,500,36,19,0.9904153354632588,500,0.979644367406256,0.9978160918916578,0.01817172448540172,True,498,0.9856259214377997,0.99951521382371,0.013889292385910301,True,0.992,full_suite,0.0
gpt-4o-mini,500,36,20,0.9904153354632588,500,0.9825663262740865,0.9987609424564593,0.016194616182372834,True,497,0.9825663262740865,0.9987609424564593,0.016194616182372834,True,0.994,full_suite,0.0
gpt-4o-mini,500,36,21,0.9904153354632588,500,0.9856259214377997,0.99951521382371,0.013889292385910301,True,495,0.9768186119303404,0.9967452785929758,0.01992666666263543,True,0.996,full_suite,0.0
gpt-4o-mini,500,36,22,0.9904153354632588,500,0.974065072734663,0.9955838277141984,0.02151875497953537,True,497,0.9825663262740865,0.9987609424564593,0.016194616182372834,True,0.988,full_suite,0.0
gpt-4o-mini,500,36,23,0.9904153354632588,500,0.9825663262740865,0.9987609424564593,0.016194616182372834,True,494,0.974065072734663,0.9955838277141984,0.02151875497953537,True,0.994,full_suite,0.0
gpt-4o-mini,500,36,24,0.9904153354632588,500,0.9825663262740865,0.9987609424564593,0.016194616182372834,True,497,0.9825663262740865,0.9987609424564593,0.016194616182372834,True,0.994,full_suite,0.0
gpt-4o-mini,500,36,25,0.9904153354632588,500,0.9825663262740865,0.9987609424564593,0.016194616182372834,True,494,0.974065072734663,0.9955838277141984,0.02151875497953537,True,0.994,full_suite,0.0
gpt-4o-mini,500,36,26,0.9904153354632588,500,0.979644367406256,0.9978160918916578,0.01817172448540172,True,493,0.9713683838166639,0.9943532389296755,0.022984855113011626,True,0.992,full_suite,0.0
gpt-4o-mini,500,36,27,0.9904153354632588,500,0.9768186119303404,0.9967452785929758,0.01992666666263543,True,495,0.9768186119303404,0.9967452785929758,0.01992666666263543,True,0.99,full_suite,0.0
gpt-4o-mini,500,36,28,0.9904153354632588,500,0.974065072734663,0.9955838277141984,0.02151875497953537,True,494,0.974065072734663,0.9955838277141984,0.02151875497953537,True,0.988,full_suite,0.0
gpt-4o-mini,500,36,29,0.9904153354632588,500,0.9825663262740865,0.9987609424564593,0.016194616182372834,True,494,0.974065072734663,0.9955838277141984,0.02151875497953537,True,0.994,full_suite,0.0
gpt-4o-mini,500,36,30,0.9904153354632588,500,0.9768186119303404,0.9967452785929758,0.01992666666263543,True,498,0.9856259214377997,0.99951521382371,0.013889292385910301,True,0.99,full_suite,0.0
gpt-4o-mini,500,36,31,0.9904153354632588,500,0.9856259214377997,0.99951521382371,0.013889292385910301,True,497,0.9825663262740865,0.9987609424564593,0.016194616182372834,True,0.996,full_suite,0.0
gpt-4o-mini,500,36,32,0.9904153354632588,500,0.9768186119303404,0.9967452785929758,0.01992666666263543,True,497,0.9825663262740865,0.9987609424564593,0.016194616182372834,True,0.99,full_suite,0.0
gpt-4o-mini,500,36,33,0.9904153354632588,500,0.966106303891462,0.9917370455652369,0.02563074167377488,True,496,0.979644367406256,0.9978160918916578,0.01817172448540172,True,0.982,full_suite,0.0
gpt-4o-mini,500,36,34,0.9904153354632588,500,0.9713683838166639,0.9943532389296755,0.022984855113011626,True,492,0.9687179983101469,0.9930676787975165,0.02434968048736952,True,0.986,full_suite,0.0
gpt-4o-mini,500,36,35,0.9904153354632588,500,0.979644367406256,0.9978160918916578,0.01817172448540172,True,494,0.974065072734663,0.9955838277141984,0.02151875497953537,True,0.992,full_suite,0.0
gpt-4o-mini,500,36,36,0.9904153354632588,500,0.979644367406256,0.9978160918916578,0.01817172448540172,True,497,0.9825663262740865,0.9987609424564593,0.016194616182372834,True,0.992,full_suite,0.0
gpt-4o-mini,500,36,37,0.9904153354632588,500,0.9768186119303404,0.9967452785929758,0.01992666666263543,True,498,0.9856259214377997,0.99951521382371,0.013889292385910301,True,0.99,full_suite,0.0
gpt-4o-mini,500,36,38,0.9904153354632588,500,0.979644367406256,0.9978160918916578,0.01817172448540172,True,496,0.979644367406256,0.9978160918916578,0.01817172448540172,True,0.992,full_suite,0.0
gpt-4o-mini,500,36,39,0.9904153354632588,500,0.9768186119303404,0.9967452785929758,0.01992666666263543,True,491,0.966106303891462,0.9917370455652369,0.02563074167377488,True,0.99,full_suite,0.0
gpt-4o-mini,500,36,40,0.9904153354632588,500,0.9768186119303404,0.9967452785929758,0.01992666666263543,True,493,0.9713683838166639,0.9943532389296755,0.022984855113011626,True,0.99,full_suite,0.0
gpt-4o-mini,500,36,41,0.9904153354632588,500,0.9768186119303404,0.9967452785929758,0.01992666666263543,True,498,0.9856259214377997,0.99951521382371,0.013889292385910301,True,0.99,full_suite,0.0
gpt-4o-mini,500,36,42,0.9904153354632588,500,0.9687179983101469,0.9930676787975165,0.02434968048736952,True,495,0.9768186119303404,0.9967452785929758,0.01992666666263543,True,0.984,full_suite,0.0
gpt-4o-mini,500,36,43,0.9904153354632588,500,0.979644367406256,0.9978160918916578,0.01817172448540172,True,496,0.979644367406256,0.9978160918916578,0.01817172448540172,True,0.992,full_suite,0.0
gpt-4o-mini,500,36,44,0.9904153354632588,500,0.979644367406256,0.9978160918916578,0.01817172448540172,True,495,0.9768186119303404,0.9967452785929758,0.01992666666263543,True,0.992,full_suite,0.0
gpt-4o-mini,500,36,45,0.9904153354632588,500,0.9687179983101469,0.9930676787975165,0.02434968048736952,True,496,0.979644367406256,0.9978160918916578,0.01817172448540172,True,0.984,full_suite,0.0
gpt-4o-mini,500,36,46,0.9904153354632588,500,0.974065072734663,0.9955838277141984,0.02151875497953537,True,495,0.9768186119303404,0.9967452785929758,0.01992666666263543,True,0.988,full_suite,0.0
gpt-4o-mini,500,36,47,0.9904153354632588,500,0.9768186119303404,0.9967452785929758,0.01992666666263543,True,491,0.966106303891462,0.9917370455652369,0.02563074167377488,True,0.99,full_suite,0.0
gpt-4o-mini,500,36,48,0.9904153354632588,500,0.9825663262740865,0.9987609424564593,0.016194616182372834,True,493,0.9713683838166639,0.9943532389296755,0.022984855113011626,True,0.994,full_suite,0.0
gpt-4o-mini,500,36,49,0.9904153354632588,500,0.9825663262740865,0.9987609424564593,0.016194616182372834,True,496,0.979644367406256,0.9978160918916578,0.01817172448540172,True,0.994,full_suite,0.0
gpt-4o-mini,500,36,50,0.9904153354632588,500,0.974065072734663,0.9955838277141984,0.02151875497953537,True,496,0.979644367406256,0.9978160918916578,0.01817172448540172,True,0.988,full_suite,0.0
gpt-4o-mini,500,36,51,0.9904153354632588,500,0.9687179983101469,0.9930676787975165,0.02434968048736952,True,497,0.9825663262740865,0.9987609424564593,0.016194616182372834,True,0.984,full_suite,0.0
gpt-4o-mini,500,36,52,0.9904153354632588,500,0.9856259214377997,0.99951521382371,0.013889292385910301,True,495,0.9768186119303404,0.9967452785929758,0.01992666666263543,True,0.996,full_suite,0.0
gpt-4o-mini,500,36,53,0.9904153354632588,500,0.979644367406256,0.9978160918916578,0.01817172448540172,True,498,0.9856259214377997,0.99951521382371,0.013889292385910301,True,0.992,full_suite,0.0
gpt-4o-mini,500,36,54,0.9904153354632588,500,0.974065072734663,0.9955838277141984,0.02151875497953537,True,499,0.9889075231010312,0.9999493656659926,0.011041842564961324,True,0.988,full_suite,0.0
gpt-4o-mini,500,36,55,0.9904153354632588,500,0.9713683838166639,0.9943532389296755,0.022984855113011626,True,493,0.9713683838166639,0.9943532389296755,0.022984855113011626,True,0.986,full_suite,0.0
gpt-4o-mini,500,36,56,0.9904153354632588,500,0.974065072734663,0.9955838277141984,0.02151875497953537,True,491,0.966106303891462,0.9917370455652369,0.02563074167377488,True,0.988,full_suite,0.0
gpt-4o-mini,500,36,57,0.9904153354632588,500,0.9768186119303404,0.9967452785929758,0.01992666666263543,True,500,0.9926493899480923,1.0,0.0073506100519077355,False,0.99,full_suite,0.0
gpt-4o-mini,500,36,58,0.9904153354632588,500,0.9687179983101469,0.9930676787975165,0.02434968048736952,True,495,0.9768186119303404,0.9967452785929758,0.01992666666263543,True,0.984,full_suite,0.0
gpt-4o-mini,500,36,59,0.9904153354632588,500,0.966106303891462,0.9917370455652369,0.02563074167377488,True,496,0.979644367406256,0.9978160918916578,0.01817172448540172,True,0.982,full_suite,0.0
gpt-4o-mini,500,36,60,0.9904153354632588,500,0.9825663262740865,0.9987609424564593,0.016194616182372834,True,495,0.9768186119303404,0.9967452785929758,0.01992666666263543,True,0.994,full_suite,0.0
gpt-4o-mini,500,36,61,0.9904153354632588,500,0.9926493899480923,1.0,0.0073506100519077355,False,497,0.9825663262740865,0.9987609424564593,0.016194616182372834,True,1.0,full_suite,0.0
gpt-4o-mini,500,36,62,0.9904153354632588,500,0.9768186119303404,0.9967452785929758,0.01992666666263543,True,496,0.979644367406256,0.9978160918916578,0.01817172448540172,True,0.99,full_suite,0.0
gpt-4o-mini,500,36,63,0.9904153354632588,500,0.9713683838166639,0.9943532389296755,0.022984855113011626,True,499,0.9889075231010312,0.9999493656659926,0.011041842564961324,True,0.986,full_suite,0.0
gpt-4o-mini,500,36,64,0.9904153354632588,500,0.9768186119303404,0.9967452785929758,0.01992666666263543,True,494,0.974065072734663,0.9955838277141984,0.02151875497953537,True,0.99,full_suite,0.0
gpt-4o-mini,500,36,65,0.9904153354632588,500,0.9825663262740865,0.9987609424564593,0.016194616182372834,True,495,0.9768186119303404,0.9967452785929758,0.01992666666263543,True,0.994,full_suite,0.0
gpt-4o-mini,500,36,66,0.9904153354632588,500,0.9768186119303404,0.9967452785929758,0.01992666666263543,True,496,0.979644367406256,0.9978160918916578,0.01817172448540172,True,0.99,full_suite,0.0
gpt-4o-mini,500,36,67,0.9904153354632588,500,0.9768186119303404,0.9967452785929758,0.01992666666263543,True,498,0.9856259214377997,0.99951521382371,0.013889292385910301,True,0.99,full_suite,0.0
gpt-4o-mini,500,36,68,0.9904153354632588,500,0.979644367406256,0.9978160918916578,0.01817172448540172,True,495,0.9768186119303404,0.9967452785929758,0.01992666666263543,True,0.992,full_suite,0.0
gpt-4o-mini,500,36,69,0.9904153354632588,500,0.9687179983101469,0.9930676787975165,0.02434968048736952,True,500,0.9926493899480923,1.0,0.0073506100519077355,False,0.984,full_suite,0.0
gpt-4o-mini,500,36,70,0.9904153354632588,500,0.979644367406256,0.9978160918916578,0.01817172448540172,True,494,0.974065072734663,0.9955838277141984,0.02151875497953537,True,0.992,full_suite,0.0
gpt-4o-mini,500,36,71,0.9904153354632588,500,0.9856259214377997,0.99951521382371,0.013889292385910301,True,494,0.974065072734663,0.9955838277141984,0.02151875497953537,True,0.996,full_suite,0.0
gpt-4o-mini,500,36,72,0.9904153354632588,500,0.9825663262740865,0.9987609424564593,0.016194616182372834,True,492,0.9687179983101469,0.9930676787975165,0.02434968048736952,True,0.994,full_suite,0.0
gpt-4o-mini,500,36,73,0.9904153354632588,500,0.9768186119303404,0.9967452785929758,0.01992666666263543,True,495,0.9768186119303404,0.9967452785929758,0.01992666666263543,True,0.99,full_suite,0.0
gpt-4o-mini,500,36,74,0.9904153354632588,500,0.974065072734663,0.9955838277141984,0.02151875497953537,True,497,0.9825663262740865,0.9987609424564593,0.016194616182372834,True,0.988,full_suite,0.0
gpt-4o-mini,500,36,75,0.9904153354632588,500,0.9687179983101469,0.9930676787975165,0.02434968048736952,True,498,0.9856259214377997,0.99951521382371,0.013889292385910301,True,0.984,full_suite,0.0
gpt-4o-mini,500,36,76,0.9904153354632588,500,0.9635275917077902,0.9903685704135666,0.026840978705776397,False,498,0.9856259214377997,0.99951521382371,0.013889292385910301,True,0.98,full_suite,0.0
gpt-4o-mini,500,36,77,0.9904153354632588,500,0.979644367406256,0.9978160918916578,0.01817172448540172,True,497,0.9825663262740865,0.9987609424564593,0.016194616182372834,True,0.992,full_suite,0.0
gpt-4o-mini,500,36,78,0.9904153354632588,500,0.974065072734663,0.9955838277141984,0.02151875497953537,True,496,0.979644367406256,0.9978160918916578,0.01817172448540172,True,0.988,full_suite,0.0
gpt-4o-mini,500,36,79,0.9904153354632588,500,0.974065072734663,0.9955838277141984,0.02151875497953537,True,497,0.9825663262740865,0.9987609424564593,0.016194616182372834,True,0.988,full_suite,0.0
gpt-4o-mini,500,36,80,0.9904153354632588,500,0.9713683838166639,0.9943532389296755,0.022984855113011626,True,494,0.974065072734663,0.9955838277141984,0.02151875497953537,True,0.986,full_suite,0.0
gpt-4o-mini,500,36,81,0.9904153354632588,500,0.979644367406256,0.9978160918916578,0.01817172448540172,True,496,0.979644367406256,0.9978160918916578,0.01817172448540172,True,0.992,full_suite,0.0
gpt-4o-mini,500,36,82,0.9904153354632588,500,0.9768186119303404,0.9967452785929758,0.01992666666263543,True,498,0.9856259214377997,0.99951521382371,0.013889292385910301,True,0.99,full_suite,0.0
gpt-4o-mini,500,36,83,0.9904153354632588,500,0.9768186119303404,0.9967452785929758,0.01992666666263543,True,496,0.979644367406256,0.9978160918916578,0.01817172448540172,True,0.99,full_suite,0.0
gpt-4o-mini,500,36,84,0.9904153354632588,500,0.9584523812003137,0.9875387609404443,0.02908637974013062,False,496,0.979644367406256,0.9978160918916578,0.01817172448540172,True,0.976,full_suite,0.0
gpt-4o-mini,500,36,85,0.9904153354632588,500,0.9768186119303404,0.9967452785929758,0.01992666666263543,True,493,0.9713683838166639,0.9943532389296755,0.022984855113011626,True,0.99,full_suite,0.0
gpt-4o-mini,500,36,86,0.9904153354632588,500,0.9768186119303404,0.9967452785929758,0.01992666666263543,True,498,0.9856259214377997,0.99951521382371,0.013889292385910301,True,0.99,full_suite,0.0
gpt-4o-mini,500,36,87,0.9904153354632588,500,0.9825663262740865,0.9987609424564593,0.016194616182372834,True,491,0.966106303891462,0.9917370455652369,0.02563074167377488,True,0.994,full_suite,0.0
gpt-4o-mini,500,36,88,0.9904153354632588,500,0.9825663262740865,0.9987609424564593,0.016194616182372834,True,498,0.9856259214377997,0.99951521382371,0.013889292385910301,True,0.994,full_suite,0.0
gpt-4o-mini,500,36,89,0.9904153354632588,500,0.9825663262740865,0.9987609424564593,0.016194616182372834,True,493,0.9713683838166639,0.9943532389296755,0.022984855113011626,True,0.994,full_suite,0.0
gpt-4o-mini,500,36,90,0.9904153354632588,500,0.9825663262740865,0.9987609424564593,0.016194616182372834,True,493,0.9713683838166639,0.9943532389296755,0.022984855113011626,True,0.994,full_suite,0.0
gpt-4o-mini,500,36,91,0.9904153354632588,500,0.9825663262740865,0.9987609424564593,0.016194616182372834,True,496,0.979644367406256,0.9978160918916578,0.01817172448540172,True,0.994,full_suite,0.0
gpt-4o-mini,500,36,92,0.9904153354632588,500,0.9825663262740865,0.9987609424564593,0.016194616182372834,True,497,0.9825663262740865,0.9987609424564593,0.016194616182372834,True,0.994,full_suite,0.0
gpt-4o-mini,500,36,93,0.9904153354632588,500,0.9856259214377997,0.99951521382371,0.013889292385910301,True,496,0.979644367406256,0.9978160918916578,0.01817172448540172,True,0.996,full_suite,0.0
gpt-4o-mini,500,36,94,0.9904153354632588,500,0.9825663262740865,0.9987609424564593,0.016194616182372834,True,498,0.9856259214377997,0.99951521382371,0.013889292385910301,True,0.994,full_suite,0.0
gpt-4o-mini,500,36,95,0.9904153354632588,500,0.9768186119303404,0.9967452785929758,0.01992666666263543,True,496,0.979644367406256,0.9978160918916578,0.01817172448540172,True,0.99,full_suite,0.0
gpt-4o-mini,500,36,96,0.9904153354632588,500,0.9825663262740865,0.9987609424564593,0.016194616182372834,True,495,0.9768186119303404,0.9967452785929758,0.01992666666263543,True,0.994,full_suite,0.0
gpt-4o-mini,500,36,97,0.9904153354632588,500,0.9768186119303404,0.9967452785929758,0.01992666666263543,True,496,0.979644367406256,0.9978160918916578,0.01817172448540172,True,0.99,full_suite,0.0
gpt-4o-mini,500,36,98,0.9904153354632588,500,0.9713683838166639,0.9943532389296755,0.022984855113011626,True,492,0.9687179983101469,0.9930676787975165,0.02434968048736952,True,0.986,full_suite,0.0
gpt-4o-mini,500,36,99,0.9904153354632588,500,0.9768186119303404,0.9967452785929758,0.01992666666263543,True,492,0.9687179983101469,0.9930676787975165,0.02434968048736952,True,0.99,full_suite,0.0
meta-llama/Meta-Llama-3.1-70B-Instruct,500,4,0,0.9904153354632588,55,0.6590225801322853,1.0,0.3409774198677147,True,55,0.9351292391745754,1.0,0.06487076082542464,True,0.526,ok,1.1102230246251565e-16
meta-llama/Meta-Llama-3.1-70B-Instruct,500,4,1,0.9904153354632588,55,0.6982438944629152,1.0,0.30175610553708476,True,55,0.9351292391745754,1.0,0.06487076082542464,True,0.524,ok,0.0
meta-llama/Meta-Llama-3.1-70B-Instruct,500,4,2,0.9904153354632588,55,0.7274025725582208,1.0,0.27259742744177917,True,55,0.9351292391745754,1.0,0.06487076082542464,True,0.574,ok,1.1102230246251565e-16
meta-llama/Meta-Llama-3.1-70B-Instruct,500,4,3,0.9904153354632588,55,0.7068024813650599,1.0,0.29319751863494015,True,54,0.9028089842507466,0.9995397821512043,0.09673079790045769,True,0.538,ok,1.1102230246251565e-16
meta-llama/Meta-Llama-3.1-70B-Instruct,500,4,4,0.9904153354632588,55,0.769040259688526,1.0,0.23095974031147404,True,55,0.9351292391745754,1.0,0.06487076082542464,True,0.598,ok,0.0
meta-llama/Meta-Llama-3.1-70B-Instruct,500,4,5,0.9904153354632588,55,0.7713005944451646,1.0,0.22869940555483537,True,55,0.9351292391745754,1.0,0.06487076082542464,True,0.58,ok,1.1102230246251565e-16
meta-llama/Meta-Llama-3.1-70B-Instruct,500,4,6,0.9904153354632588,55,0.7372742802531628,1.0,0.2627257197468372,True,55,0.9351292391745754,1.0,0.06487076082542464,True,0.522,ok,5.551115123125783e-17
meta-llama/Meta-Llama-3.1-70B-Instruct,500,4,7,0.9904153354632588,55,0.6794465035462076,1.0,0.3205534964537924,True,55,0.9351292391745754,1.0,0.06487076082542464,True,0.562,ok,0.0
meta-llama/Meta-Llama-3.1-70B-Instruct,500,4,8,0.9904153354632588,55,0.6757738824618399,1.0,0.3242261175381601,True,55,0.9351292391745754,1.0,0.06487076082542464,True,0.552,ok,0.0
meta-llama/Meta-Llama-3.1-70B-Instruct,500,4,9,0.9904153354632588,55,0.6858189045289023,1.0,0.31418109547109774,True,54,0.9028089842507466,0.9995397821512043,0.09673079790045769,True,0.534,ok,0.0
meta-llama/Meta-Llama-3.1-70B-Instruct,500,4,10,0.9904153354632588,55,0.7205239774886069,1.0,0.27947602251139314,True,55,0.9351292391745754,1.0,0.06487076082542464,True,0.56,ok,1.1102230246251565e-16
meta-llama/Meta-Llama-3.1-70B-Instruct,500,4,11,0.9904153354632588,55,0.6858189045289023,1.0,0.31418109547109774,True,55,0.9351292391745754,1.0,0.06487076082542464,True,0.534,ok,1.1102230246251565e-16
meta-llama/Meta-Llama-3.1-70B-Instruct,500,4,12,0.9904153354632588,55,0.6621111056019486,1.0,0.33788889439805136,True,54,0.9028089842507466,0.9995397821512043,0.09673079790045769,True,0.524,ok,1.1102230246251565e-16
meta-llama/Meta-Llama-3.1-70B-Instruct,500,4,13,0.9904153354632588,55,0.7153708782263287,1.0,0.2846291217736713,True,55,0.9351292391745754,1.0,0.06487076082542464,True,0.518,ok,0.0
meta-llama/Meta-Llama-3.1-70B-Instruct,500,4,14,0.9904153354632588,55,0.6634010518688319,1.0,0.3365989481311681,True,52,0.8487650452334005,0.9886069937272912,0.13984194849389076,False,0.558,ok,1.1102230246251565e-16
meta-llama/Meta-Llama-3.1-70B-Instruct,500,4,15,0.9904153354632588,55,0.723345545582138,1.0,0.27665445441786196,True,54,0.9028089842507466,0.9995397821512043,0.09673079790045769,True,0.572,ok,0.0
meta-llama/Meta-Llama-3.1-70B-Instruct,500,4,16,0.9904153354632588,55,0.6807428092545964,1.0,0.3192571907454036,True,54,0.9028089842507466,0.9995397821512043,0.09673079790045769,True,0.558,ok,1.1102230246251565e-16
meta-llama/Meta-Llama-3.1-70B-Instruct,500,4,17,0.9904153354632588,55,0.6428568697680305,1.0,0.35714313023196953,True,54,0.9028089842507466,0.9995397821512043,0.09673079790045769,True,0.488,ok,3.3306690738754696e-16
meta-llama/Meta-Llama-3.1-70B-Instruct,500,4,18,0.9904153354632588,55,0.7341098997570842,1.0,0.2658901002429158,True,52,0.8487650452334005,0.9886069937272912,0.13984194849389076,False,0.572,ok,1.1102230246251565e-16
meta-llama/Meta-Llama-3.1-70B-Instruct,500,4,19,0.9904153354632588,55,0.6443579919958873,1.0,0.3556420080041127,True,55,0.9351292391745754,1.0,0.06487076082542464,True,0.524,ok,1.1102230246251565e-16
meta-llama/Meta-Llama-3.1-70B-Instruct,500,4,20,0.9904153354632588,55,0.6948307552476708,1.0,0.3051692447523292,True,55,0.9351292391745754,1.0,0.06487076082542464,True,0.542,ok,1.1102230246251565e-16
meta-llama/Meta-Llama-3.1-70B-Instruct,500,4,21,0.9904153354632588,55,0.7128882926301318,1.0,0.28711170736986824,True,54,0.9028089842507466,0.9995397821512043,0.09673079790045769,True,0.558,ok,1.1102230246251565e-16
meta-llama/Meta-Llama-3.1-70B-Instruct,500,4,22,0.9904153354632588,55,0.6982438944629152,1.0,0.30175610553708476,True,55,0.9351292391745754,1.0,0.06487076082542464,True,0.53,ok,1.1102230246251565e-16
meta-llama/Meta-Llama-3.1-70B-Instruct,500,4,23,0.9904153354632588,55,0.7239490239202756,1.0,0.2760509760797244,True,54,0.9028089842507466,0.9995397821512043,0.09673079790045769,True,0.556,ok,0.0
meta-llama/Meta-Llama-3.1-70B-Instruct,500,4,24,0.9904153354632588,55,0.6939682995743851,1.0,0.3060317004256149,True,54,0.9028089842507466,0.9995397821512043,0.09673079790045769,True,0.506,ok,0.0
meta-llama/Meta-Llama-3.1-70B-Instruct,500,4,25,0.9904153354632588,55,0.7585213024202636,1.0,0.2414786975797364,True,54,0.9028089842507466,0.9995397821512043,0.09673079790045769,True,0.584,ok,0.0
meta-llama/Meta-Llama-3.1-70B-Instruct,500,4,26,0.9904153354632588,55,0.7200543838201332,1.0,0.2799456161798668,True,55,0.9351292391745754,1.0,0.06487076082542464,True,0.558,ok,1.1102230246251565e-16
meta-llama/Meta-Llama-3.1-70B-Instruct,500,4,27,0.9904153354632588,55,0.6959483181797511,1.0,0.3040516818202489,True,55,0.9351292391745754,1.0,0.06487076082542464,True,0.562,ok,1.1102230246251565e-16
meta-llama/Meta-Llama-3.1-70B-Instruct,500,4,28,0.9904153354632588,55,0.6493040398025569,1.0,0.3506959601974431,True,55,0.9351292391745754,1.0,0.06487076082542464,True,0.53,ok,0.0
meta-llama/Meta-Llama-3.1-70B-Instruct,500,4,29,0.9904153354632588,55,0.6641089637623936,1.0,0.3358910362376064,True,55,0.9351292391745754,1.0,0.06487076082542464,True,0.506,ok,0.0
meta-llama/Meta-Llama-3.1-70B-Instruct,500,4,30,0.9904153354632588,55,0.7025219577455741,1.0,0.29747804225442587,True,55,0.9351292391745754,1.0,0.06487076082542464,True,0.526,ok,1.1102230246251565e-16
meta-llama/Meta-Llama-3.1-70B-Instruct,500,4,31,0.9904153354632588,55,0.7197614814173184,1.0,0.28023851858268156,True,53,0.8747357429028499,0.9955654526814093,0.12082970977855934,True,0.572,ok,0.0
meta-llama/Meta-Llama-3.1-70B-Instruct,500,4,32,0.9904153354632588,55,0.6820966781519382,1.0,0.3179033218480618,True,55,0.9351292391745754,1.0,0.06487076082542464,True,0.574,ok,1.1102230246251565e-16
meta-llama/Meta-Llama-3.1-70B-Instruct,500,4,33,0.9904153354632588,55,0.7068024813650599,1.0,0.29319751863494015,True,55,0.9351292391745754,1.0,0.06487076082542464,True,0.54,ok,0.0
meta-llama/Meta-Llama-3.1-70B-Instruct,500,4,34,0.9904153354632588,55,0.762669810308224,1.0,0.237330189691776,True,55,0.9351292391745754,1.0,0.06487076082542464,True,0.574,ok,0.0
meta-llama/Meta-Llama-3.1-70B-Instruct,500,4,35,0.9904153354632588,55,0.7325368599110187,1.0,0.2674631400889813,True,55,0.9351292391745754,1.0,0.06487076082542464,True,0.548,ok,1.1102230246251565e-16
meta-llama/Meta-Llama-3.1-70B-Instruct,500,4,36,0.9904153354632588,55,0.775619518695908,1.0,0.22438048130409205,True,54,0.9028089842507466,0.9995397821512043,0.09673079790045769,True,0.578,ok,1.1102230246251565e-16
meta-llama/Meta-Llama-3.1-70B-Instruct,500,4,37,0.9904153354632588,55,0.7325368599110187,1.0,0.2674631400889813,True,55,0.9351292391745754,1.0,0.06487076082542464,True,0.544,ok,1.1102230246251565e-16
meta-llama/Meta-Llama-3.1-70B-Instruct,500,4,38,0.9904153354632588,55,0.6680019846245989,1.0,0.3319980153754011,True,55,0.9351292391745754,1.0,0.06487076082542464,True,0.534,ok,1.1102230246251565e-16
meta-llama/Meta-Llama-3.1-70B-Instruct,500,4,39,0.9904153354632588,55,0.780398721643413,1.0,0.21960127835658705,True,54,0.9028089842507466,0.9995397821512043,0.09673079790045769,True,0.55,ok,0.0
meta-llama/Meta-Llama-3.1-70B-Instruct,500,4,40,0.9904153354632588,55,0.7153708782263287,1.0,0.2846291217736713,True,55,0.9351292391745754,1.0,0.06487076082542464,True,0.542,ok,1.1102230246251565e-16
meta-llama/Meta-Llama-3.1-70B-Instruct,500,4,41,0.9904153354632588,55,0.7325368599110187,1.0,0.2674631400889813,True,54,0.9028089842507466,0.9995397821512043,0.09673079790045769,True,0.55,ok,1.1102230246251565e-16
meta-llama/Meta-Llama-3.1-70B-Instruct,500,4,42,0.9904153354632588,55,0.8059174281056842,1.0,0.19408257189431577,True,55,0.9351292391745754,1.0,0.06487076082542464,True,0.6,ok,1.1102230246251565e-16
meta-llama/Meta-Llama-3.1-70B-Instruct,500,4,43,0.9904153354632588,55,0.745436661349606,1.0,0.25456333865039404,True,55,0.9351292391745754,1.0,0.06487076082542464,True,0.558,ok,0.0
meta-llama/Meta-Llama-3.1-70B-Instruct,500,4,44,0.9904153354632588,55,0.7946371716421821,1.0,0.20536282835781794,True,54,0.9028089842507466,0.9995397821512043,0.09673079790045769,True,0.55,ok,1.1102230246251565e-16
meta-llama/Meta-Llama-3.1-70B-Instruct,500,4,45,0.9904153354632588,55,0.6945395369066913,1.0,0.30546046309330865,True,54,0.9028089842507466,0.9995397821512043,0.09673079790045769,True,0.556,ok,0.0
meta-llama/Meta-Llama-3.1-70B-Instruct,500,4,46,0.9904153354632588,55,0.7540484833890018,1.0,0.24595151661099823,True,55,0.9351292391745754,1.0,0.06487076082542464,True,0.562,ok,1.1102230246251565e-16
meta-llama/Meta-Llama-3.1-70B-Instruct,500,4,47,0.9904153354632588,55,0.6185151150005307,1.0,0.3814848849994693,True,55,0.9351292391745754,1.0,0.06487076082542464,True,0.534,ok,4.718447854656915e-16
meta-llama/Meta-Llama-3.1-70B-Instruct,500,4,48,0.9904153354632588,55,0.6939682995743851,1.0,0.3060317004256149,True,55,0.9351292391745754,1.0,0.06487076082542464,True,0.536,ok,0.0
meta-llama/Meta-Llama-3.1-70B-Instruct,500,4,49,0.9904153354632588,55,0.7842644042288377,1.0,0.2157355957711623,True,55,0.9351292391745754,1.0,0.06487076082542464,True,0.564,ok,0.0
meta-llama/Meta-Llama-3.1-70B-Instruct,500,4,50,0.9904153354632588,55,0.7411343301856987,1.0,0.25886566981430126,True,55,0.9351292391745754,1.0,0.06487076082542464,True,0.54,ok,0.0
meta-llama/Meta-Llama-3.1-70B-Instruct,500,4,51,0.9904153354632588,55,0.7411343301856987,1.0,0.25886566981430126,True,55,0.9351292391745754,1.0,0.06487076082542464,True,0.56,ok,0.0
meta-llama/Meta-Llama-3.1-70B-Instruct,500,4,52,0.9904153354632588,55,0.6475895749518782,1.0,0.3524104250481218,True,55,0.9351292391745754,1.0,0.06487076082542464,True,0.542,ok,1.1102230246251565e-16
meta-llama/Meta-Llama-3.1-70B-Instruct,500,4,53,0.9904153354632588,55,0.6666011243777358,1.0,0.3333988756222642,True,55,0.9351292391745754,1.0,0.06487076082542464,True,0.528,ok,1.1102230246251565e-16
meta-llama/Meta-Llama-3.1-70B-Instruct,500,4,54,0.9904153354632588,55,0.7002780212429545,1.0,0.29972197875704554,True,55,0.9351292391745754,1.0,0.06487076082542464,True,0.55,ok,1.1102230246251565e-16
meta-llama/Meta-Llama-3.1-70B-Instruct,500,4,55,0.9904153354632588,55,0.7138276702537174,1.0,0.2861723297462826,True,54,0.9028089842507466,0.9995397821512043,0.09673079790045769,True,0.562,ok,1.1102230246251565e-16
meta-llama/Meta-Llama-3.1-70B-Instruct,500,4,56,0.9904153354632588,55,0.7110854574327407,1.0,0.28891454256725935,True,54,0.9028089842507466,0.9995397821512043,0.09673079790045769,True,0.536,ok,0.0
meta-llama/Meta-Llama-3.1-70B-Instruct,500,4,57,0.9904153354632588,55,0.7205239774886069,1.0,0.27947602251139314,True,54,0.9028089842507466,0.9995397821512043,0.09673079790045769,True,0.56,ok,1.1102230246251565e-16
meta-llama/Meta-Llama-3.1-70B-Instruct,500,4,58,0.9904153354632588,55,0.7393860015618046,1.0,0.26061399843819544,True,55,0.9351292391745754,1.0,0.06487076082542464,True,0.516,ok,0.0
meta-llama/Meta-Llama-3.1-70B-Instruct,500,4,59,0.9904153354632588,55,0.7068024813650599,1.0,0.29319751863494015,True,54,0.9028089842507466,0.9995397821512043,0.09673079790045769,True,0.546,ok,1.1102230246251565e-16
meta-llama/Meta-Llama-3.1-70B-Instruct,500,4,60,0.9904153354632588,55,0.7411343301856987,1.0,0.25886566981430126,True,54,0.9028089842507466,0.9995397821512043,0.09673079790045769,True,0.562,ok,1.1102230246251565e-16
meta-llama/Meta-Llama-3.1-70B-Instruct,500,4,61,0.9904153354632588,55,0.7540484833890018,1.0,0.24595151661099823,True,54,0.9028089842507466,0.9995397821512043,0.09673079790045769,True,0.562,ok,1.1102230246251565e-16
meta-llama/Meta-Llama-3.1-70B-Instruct,500,4,62,0.9904153354632588,55,0.7079006671492662,1.0,0.29209933285073375,True,54,0.9028089842507466,0.9995397821512043,0.09673079790045769,True,0.552,ok,0.0
meta-llama/Meta-Llama-3.1-70B-Instruct,500,4,63,0.9904153354632588,55,0.6663153769774448,1.0,0.3336846230225552,True,55,0.9351292391745754,1.0,0.06487076082542464,True,0.542,ok,5.551115123125783e-17
meta-llama/Meta-Llama-3.1-70B-Instruct,500,4,64,0.9904153354632588,55,0.745436661349606,1.0,0.25456333865039404,True,55,0.9351292391745754,1.0,0.06487076082542464,True,0.562,ok,1.1102230246251565e-16
meta-llama/Meta-Llama-3.1-70B-Instruct,500,4,65,0.9904153354632588,55,0.7972492471877616,1.0,0.20275075281223842,True,54,0.9028089842507466,0.9995397821512043,0.09673079790045769,True,0.602,ok,1.1102230246251565e-16
meta-llama/Meta-Llama-3.1-70B-Instruct,500,4,66,0.9904153354632588,55,0.6394158001443178,1.0,0.36058419985568224,True,55,0.9351292391745754,1.0,0.06487076082542464,True,0.518,ok,1.1102230246251565e-16
meta-llama/Meta-Llama-3.1-70B-Instruct,500,4,67,0.9904153354632588,55,0.6995200619706127,1.0,0.30047993802938733,True,55,0.9351292391745754,1.0,0.06487076082542464,True,0.562,ok,0.0
meta-llama/Meta-Llama-3.1-70B-Instruct,500,4,68,0.9904153354632588,55,0.728241734187719,1.0,0.271758265812281,True,55,0.9351292391745754,1.0,0.06487076082542464,True,0.538,ok,0.0
meta-llama/Meta-Llama-3.1-70B-Instruct,500,4,69,0.9904153354632588,55,0.6898273243763784,1.0,0.3101726756236216,True,54,0.9028089842507466,0.9995397821512043,0.09673079790045769,True,0.566,ok,1.1102230246251565e-16
meta-llama/Meta-Llama-3.1-70B-Instruct,500,4,70,0.9904153354632588,55,0.6683670395990555,1.0,0.3316329604009445,True,55,0.9351292391745754,1.0,0.06487076082542464,True,0.516,ok,0.0
meta-llama/Meta-Llama-3.1-70B-Instruct,500,4,71,0.9904153354632588,55,0.6992017589125108,1.0,0.3007982410874892,True,53,0.8747357429028499,0.9955654526814093,0.12082970977855934,True,0.574,ok,1.1102230246251565e-16
meta-llama/Meta-Llama-3.1-70B-Instruct,500,4,72,0.9904153354632588,55,0.6666011243777358,1.0,0.3333988756222642,True,53,0.8747357429028499,0.9955654526814093,0.12082970977855934,True,0.528,ok,1.1102230246251565e-16
meta-llama/Meta-Llama-3.1-70B-Instruct,500,4,73,0.9904153354632588,55,0.745436661349606,1.0,0.25456333865039404,True,54,0.9028089842507466,0.9995397821512043,0.09673079790045769,True,0.57,ok,0.0
meta-llama/Meta-Llama-3.1-70B-Instruct,500,4,74,0.9904153354632588,55,0.6982438944629152,1.0,0.30175610553708476,True,54,0.9028089842507466,0.9995397821512043,0.09673079790045769,True,0.518,ok,0.0
meta-llama/Meta-Llama-3.1-70B-Instruct,500,4,75,0.9904153354632588,55,0.6817841814077988,1.0,0.31821581859220116,True,53,0.8747357429028499,0.9955654526814093,0.12082970977855934,True,0.532,ok,1.1102230246251565e-16
meta-llama/Meta-Llama-3.1-70B-Instruct,500,4,76,0.9904153354632588,55,0.6833675833229347,1.0,0.3166324166770653,True,53,0.8747357429028499,0.9955654526814093,0.12082970977855934,True,0.554,ok,0.0
meta-llama/Meta-Llama-3.1-70B-Instruct,500,4,77,0.9904153354632588,55,0.7235343448724623,1.0,0.27646565512753773,True,54,0.9028089842507466,0.9995397821512043,0.09673079790045769,True,0.588,ok,1.1102230246251565e-16
meta-llama/Meta-Llama-3.1-70B-Instruct,500,4,78,0.9904153354632588,55,0.7368343941668843,1.0,0.26316560583311566,True,55,0.9351292391745754,1.0,0.06487076082542464,True,0.532,ok,1.1102230246251565e-16
meta-llama/Meta-Llama-3.1-70B-Instruct,500,4,79,0.9904153354632588,55,0.7153708782263287,1.0,0.2846291217736713,True,55,0.9351292391745754,1.0,0.06487076082542464,True,0.548,ok,1.1102230246251565e-16
meta-llama/Meta-Llama-3.1-70B-Instruct,500,4,80,0.9904153354632588,55,0.7153708782263287,1.0,0.2846291217736713,True,54,0.9028089842507466,0.9995397821512043,0.09673079790045769,True,0.546,ok,1.1102230246251565e-16
meta-llama/Meta-Llama-3.1-70B-Instruct,500,4,81,0.9904153354632588,55,0.6982438944629152,1.0,0.30175610553708476,True,55,0.9351292391745754,1.0,0.06487076082542464,True,0.536,ok,1.1102230246251565e-16
meta-llama/Meta-Llama-3.1-70B-Instruct,500,4,82,0.9904153354632588,55,0.695298835441105,1.0,0.30470116455889495,True,54,0.9028089842507466,0.9995397821512043,0.09673079790045769,True,0.544,ok,0.0
meta-llama/Meta-Llama-3.1-70B-Instruct,500,4,83,0.9904153354632588,55,0.7368343941668843,1.0,0.26316560583311566,True,55,0.9351292391745754,1.0,0.06487076082542464,True,0.564,ok,1.1102230246251565e-16
meta-llama/Meta-Llama-3.1-70B-Instruct,500,4,84,0.9904153354632588,55,0.7196587361876163,1.0,0.28034126381238367,True,54,0.9028089842507466,0.9995397821512043,0.09673079790045769,True,0.546,ok,1.1102230246251565e-16
meta-llama/Meta-Llama-3.1-70B-Instruct,500,4,85,0.9904153354632588,55,0.6939682995743851,1.0,0.3060317004256149,True,54,0.9028089842507466,0.9995397821512043,0.09673079790045769,True,0.536,ok,1.1102230246251565e-16
meta-llama/Meta-Llama-3.1-70B-Instruct,500,4,86,0.9904153354632588,55,0.7068024813650599,1.0,0.29319751863494015,True,55,0.9351292391745754,1.0,0.06487076082542464,True,0.528,ok,0.0
meta-llama/Meta-Llama-3.1-70B-Instruct,500,4,87,0.9904153354632588,55,0.7239490239202756,1.0,0.2760509760797244,True,55,0.9351292391745754,1.0,0.06487076082542464,True,0.552,ok,0.0
meta-llama/Meta-Llama-3.1-70B-Instruct,500,4,88,0.9904153354632588,55,0.7497413811906566,1.0,0.2502586188093434,True,55,0.9351292391745754,1.0,0.06487076082542464,True,0.566,ok,1.1102230246251565e-16
meta-llama/Meta-Llama-3.1-70B-Instruct,500,4,89,0.9904153354632588,55,0.7153708782263287,1.0,0.2846291217736713,True,55,0.9351292391745754,1.0,0.06487076082542464,True,0.542,ok,0.0
meta-llama/Meta-Llama-3.1-70B-Instruct,500,4,90,0.9904153354632588,55,0.7669840231143888,1.0,0.23301597688561115,True,55,0.9351292391745754,1.0,0.06487076082542464,True,0.568,ok,1.1102230246251565e-16
meta-llama/Meta-Llama-3.1-70B-Instruct,500,4,91,0.9904153354632588,55,0.741395730019878,1.0,0.258604269980122,True,52,0.8487650452334005,0.9886069937272912,0.13984194849389076,False,0.546,ok,1.1102230246251565e-16
meta-llama/Meta-Llama-3.1-70B-Instruct,500,4,92,0.9904153354632588,55,0.6729427518407508,1.0,0.3270572481592492,True,55,0.9351292391745754,1.0,0.06487076082542464,True,0.554,ok,0.0
meta-llama/Meta-Llama-3.1-70B-Instruct,500,4,93,0.9904153354632588,55,0.8102549902494888,1.0,0.18974500975051123,True,52,0.8487650452334005,0.9886069937272912,0.13984194849389076,False,0.594,ok,1.1102230246251565e-16
meta-llama/Meta-Llama-3.1-70B-Instruct,500,4,94,0.9904153354632588,55,0.7325368599110187,1.0,0.2674631400889813,True,54,0.9028089842507466,0.9995397821512043,0.09673079790045769,True,0.554,ok,1.1102230246251565e-16
meta-llama/Meta-Llama-3.1-70B-Instruct,500,4,95,0.9904153354632588,55,0.7368343941668843,1.0,0.26316560583311566,True,55,0.9351292391745754,1.0,0.06487076082542464,True,0.56,ok,1.1102230246251565e-16
meta-llama/Meta-Llama-3.1-70B-Instruct,500,4,96,0.9904153354632588,55,0.7239490239202756,1.0,0.2760509760797244,True,54,0.9028089842507466,0.9995397821512043,0.09673079790045769,True,0.554,ok,1.1102230246251565e-16
meta-llama/Meta-Llama-3.1-70B-Instruct,500,4,97,0.9904153354632588,55,0.7972492471877616,1.0,0.20275075281223842,True,54,0.9028089842507466,0.9995397821512043,0.09673079790045769,True,0.594,ok,0.0
meta-llama/Meta-Llama-3.1-70B-Instruct,500,4,98,0.9904153354632588,55,0.7630697980146787,1.0,0.23693020198532133,True,54,0.9028089842507466,0.9995397821512043,0.09673079790045769,True,0.588,ok,1.1102230246251565e-16
meta-llama/Meta-Llama-3.1-70B-Instruct,500,4,99,0.9904153354632588,55,0.6656681535274488,1.0,0.3343318464725512,True,53,0.8747357429028499,0.9955654526814093,0.12082970977855934,True,0.524,ok,1.1102230246251565e-16
meta-llama/Meta-Llama-3.1-70B-Instruct,500,16,0,0.9904153354632588,222,0.9263765914291716,1.0,0.07362340857082839,True,217,0.9482254581722983,0.9926474856344218,0.04442202746212354,True,0.938,ok,2.220446049250313e-16
meta-llama/Meta-Llama-3.1-70B-Instruct,500,16,1,0.9904153354632588,222,0.9241391620448028,1.0,0.07586083795519716,True,218,0.9545117940563054,0.9950694179273891,0.04055762387108375,True,0.932,ok,1.3322676295501878e-15
meta-llama/Meta-Llama-3.1-70B-Instruct,500,16,2,0.9904153354632588,222,0.9290991982187401,1.0,0.0709008017812599,True,218,0.9545117940563054,0.9950694179273891,0.04055762387108375,True,0.938,ok,1.609823385706477e-14
meta-llama/Meta-Llama-3.1-70B-Instruct,500,16,3,0.9904153354632588,222,0.9180848646241633,1.0,0.08191513537583672,True,220,0.9678370714144052,0.9989070990266307,0.031070027612225437,True,0.932,ok,1.6542323066914832e-14
meta-llama/Meta-Llama-3.1-70B-Instruct,500,16,4,0.9904153354632588,222,0.9126351507316502,1.0,0.08736484926834975,True,215,0.9361148425619191,0.9872305330830947,0.051115690521175594,False,0.928,ok,8.881784197001252e-16
meta-llama/Meta-Llama-3.1-70B-Instruct,500,16,5,0.9904153354632588,222,0.9531382109604084,1.0,0.046861789039591595,True,220,0.9678370714144052,0.9989070990266307,0.031070027612225437,True,0.956,ok,1.7763568394002505e-15
meta-llama/Meta-Llama-3.1-70B-Instruct,500,16,6,0.9904153354632588,222,0.9370676151997284,1.0,0.06293238480027163,True,219,0.961017862282884,0.9972044713562254,0.03618660907334137,True,0.942,ok,4.107825191113079e-15
meta-llama/Meta-Llama-3.1-70B-Instruct,500,16,7,0.9904153354632588,222,0.9222990439366259,1.0,0.07770095606337413,True,218,0.9545117940563054,0.9950694179273891,0.04055762387108375,True,0.936,ok,1.3655743202889425e-14
meta-llama/Meta-Llama-3.1-70B-Instruct,500,16,8,0.9904153354632588,222,0.9193309175638307,1.0,0.08066908243616933,True,220,0.9678370714144052,0.9989070990266307,0.031070027612225437,True,0.934,ok,1.2212453270876722e-15
meta-llama/Meta-Llama-3.1-70B-Instruct,500,16,9,0.9904153354632588,222,0.9045941936048136,1.0,0.09540580639518637,True,217,0.9482254581722983,0.9926474856344218,0.04442202746212354,True,0.916,ok,9.08995101411847e-16
meta-llama/Meta-Llama-3.1-70B-Instruct,500,16,10,0.9904153354632588,222,0.928455584323413,1.0,0.07154441567658698,True,221,0.9751594047009726,0.9998859623226809,0.02472655762170828,True,0.938,ok,1.2212453270876722e-15
meta-llama/Meta-Llama-3.1-70B-Instruct,500,16,11,0.9904153354632588,222,0.9117922695744102,1.0,0.08820773042558983,True,220,0.9678370714144052,0.9989070990266307,0.031070027612225437,True,0.924,ok,1.5543122344752192e-15
meta-llama/Meta-Llama-3.1-70B-Instruct,500,16,12,0.9904153354632588,222,0.8940315179075118,1.0,0.10596848209248821,True,221,0.9751594047009726,0.9998859623226809,0.02472655762170828,True,0.912,ok,3.191891195797325e-16
meta-llama/Meta-Llama-3.1-70B-Instruct,500,16,13,0.9904153354632588,222,0.9469784340108925,1.0,0.053021565989107455,True,221,0.9751594047009726,0.9998859623226809,0.02472655762170828,True,0.958,ok,2.098321516541546e-14
meta-llama/Meta-Llama-3.1-70B-Instruct,500,16,14,0.9904153354632588,222,0.9084016734316211,1.0,0.09159832656837885,True,217,0.9482254581722983,0.9926474856344218,0.04442202746212354,True,0.926,ok,1.2212453270876722e-15
meta-llama/Meta-Llama-3.1-70B-Instruct,500,16,15,0.9904153354632588,222,0.9152333087480536,1.0,0.08476669125194636,True,220,0.9678370714144052,0.9989070990266307,0.031070027612225437,True,0.928,ok,1.1102230246251565e-15
meta-llama/Meta-Llama-3.1-70B-Instruct,500,16,16,0.9904153354632588,222,0.9122026193570351,1.0,0.08779738064296494,True,217,0.9482254581722983,0.9926474856344218,0.04442202746212354,True,0.926,ok,6.661338147750939e-16
meta-llama/Meta-Llama-3.1-70B-Instruct,500,16,17,0.9904153354632588,222,0.8962690976561358,1.0,0.10373090234386417,True,218,0.9545117940563054,0.9950694179273891,0.04055762387108375,True,0.914,ok,5.995204332975845e-15
meta-llama/Meta-Llama-3.1-70B-Instruct,500,16,18,0.9904153354632588,222,0.9275371987288074,1.0,0.07246280127119265,True,220,0.9678370714144052,0.9989070990266307,0.031070027612225437,True,0.94,ok,9.325873406851315e-15
meta-llama/Meta-Llama-3.1-70B-Instruct,500,16,19,0.9904153354632588,222,0.9060327498239973,1.0,0.09396725017600271,True,221,0.9751594047009726,0.9998859623226809,0.02472655762170828,True,0.918,ok,8.881784197001252e-16
meta-llama/Meta-Llama-3.1-70B-Instruct,500,16,20,0.9904153354632588,222,0.9274528152075397,1.0,0.07254718479246025,True,217,0.9482254581722983,0.9926474856344218,0.04442202746212354,True,0.936,ok,1.5543122344752192e-15
meta-llama/Meta-Llama-3.1-70B-Instruct,500,16,21,0.9904153354632588,222,0.916749299827275,1.0,0.08325070017272496,True,220,0.9678370714144052,0.9989070990266307,0.031070027612225437,True,0.926,ok,1.2212453270876722e-15
meta-llama/Meta-Llama-3.1-70B-Instruct,500,16,22,0.9904153354632588,222,0.9363018654205597,1.0,0.06369813457944029,True,222,0.9835207196475589,1.0,0.01647928035244106,True,0.94,ok,5.773159728050814e-15
meta-llama/Meta-Llama-3.1-70B-Instruct,500,16,23,0.9904153354632588,222,0.911975069279252,1.0,0.08802493072074802,True,222,0.9835207196475589,1.0,0.01647928035244106,True,0.928,ok,1.84297022087776e-14
meta-llama/Meta-Llama-3.1-70B-Instruct,500,16,24,0.9904153354632588,222,0.9170289401615356,1.0,0.08297105983846442,True,219,0.961017862282884,0.9972044713562254,0.03618660907334137,True,0.93,ok,4.440892098500626e-16
meta-llama/Meta-Llama-3.1-70B-Instruct,500,16,25,0.9904153354632588,222,0.907015266617404,1.0,0.09298473338259605,True,218,0.9545117940563054,0.9950694179273891,0.04055762387108375,True,0.92,ok,2.220446049250313e-16
meta-llama/Meta-Llama-3.1-70B-Instruct,500,16,26,0.9904153354632588,222,0.9068056395716897,1.0,0.09319436042831031,True,220,0.9678370714144052,0.9989070990266307,0.031070027612225437,True,0.922,ok,0.0
meta-llama/Meta-Llama-3.1-70B-Instruct,500,16,27,0.9904153354632588,222,0.9360163233893629,1.0,0.06398367661063709,True,221,0.9751594047009726,0.9998859623226809,0.02472655762170828,True,0.946,ok,1.532107773982716e-14
meta-llama/Meta-Llama-3.1-70B-Instruct,500,16,28,0.9904153354632588,222,0.9157306766564067,1.0,0.08426932334359327,True,218,0.9545117940563054,0.9950694179273891,0.04055762387108375,True,0.93,ok,5.218048215738236e-15
meta-llama/Meta-Llama-3.1-70B-Instruct,500,16,29,0.9904153354632588,222,0.8780320777959146,1.0,0.12196792220408537,True,220,0.9678370714144052,0.9989070990266307,0.031070027612225437,True,0.898,ok,2.220446049250313e-16
meta-llama/Meta-Llama-3.1-70B-Instruct,500,16,30,0.9904153354632588,222,0.9238546643855614,1.0,0.07614533561443859,True,221,0.9751594047009726,0.9998859623226809,0.02472655762170828,True,0.934,ok,2.220446049250313e-16
meta-llama/Meta-Llama-3.1-70B-Instruct,500,16,31,0.9904153354632588,222,0.9247433004613419,1.0,0.0752566995386581,True,220,0.9678370714144052,0.9989070990266307,0.031070027612225437,True,0.94,ok,1.1102230246251565e-14
meta-llama/Meta-Llama-3.1-70B-Instruct,500,16,32,0.9904153354632588,222,0.925811373878566,1.0,0.07418862612143395,True,217,0.9482254581722983,0.9926474856344218,0.04442202746212354,True,0.934,ok,2.9976021664879227e-15
meta-llama/Meta-Llama-3.1-70B-Instruct,500,16,33,0.9904153354632588,222,0.9113047852698261,1.0,0.08869521473017394,True,222,0.9835207196475589,1.0,0.01647928035244106,True,0.928,ok,2.220446049250313e-16
meta-llama/Meta-Llama-3.1-70B-Instruct,500,16,34,0.9904153354632588,222,0.9415577813319795,1.0,0.05844221866802046,True,220,0.9678370714144052,0.9989070990266307,0.031070027612225437,True,0.948,ok,8.881784197001252e-16
meta-llama/Meta-Llama-3.1-70B-Instruct,500,16,35,0.9904153354632588,222,0.9181263930084563,1.0,0.08187360699154367,True,219,0.961017862282884,0.9972044713562254,0.03618660907334137,True,0.936,ok,1.1102230246251565e-16
meta-llama/Meta-Llama-3.1-70B-Instruct,500,16,36,0.9904153354632588,222,0.9291607985241312,1.0,0.07083920147586875,True,220,0.9678370714144052,0.9989070990266307,0.031070027612225437,True,0.938,ok,1.3322676295501878e-15
meta-llama/Meta-Llama-3.1-70B-Instruct,500,16,37,0.9904153354632588,222,0.9254867105684971,1.0,0.07451328943150293,True,219,0.961017862282884,0.9972044713562254,0.03618660907334137,True,0.938,ok,2.2315482794965646e-14
meta-llama/Meta-Llama-3.1-70B-Instruct,500,16,38,0.9904153354632588,222,0.9349777952039535,1.0,0.06502220479604648,True,218,0.9545117940563054,0.9950694179273891,0.04055762387108375,True,0.942,ok,1.887379141862766e-15
meta-llama/Meta-Llama-3.1-70B-Instruct,500,16,39,0.9904153354632588,222,0.9265506795057208,1.0,0.07344932049427921,True,221,0.9751594047009726,0.9998859623226809,0.02472655762170828,True,0.924,ok,0.0
meta-llama/Meta-Llama-3.1-70B-Instruct,500,16,40,0.9904153354632588,222,0.9132982486914514,1.0,0.08670175130854862,True,215,0.9361148425619191,0.9872305330830947,0.051115690521175594,False,0.924,ok,3.6637359812630166e-15
meta-llama/Meta-Llama-3.1-70B-Instruct,500,16,41,0.9904153354632588,222,0.8979989445284309,1.0,0.10200105547156912,True,221,0.9751594047009726,0.9998859623226809,0.02472655762170828,True,0.914,ok,1.1102230246251565e-16
meta-llama/Meta-Llama-3.1-70B-Instruct,500,16,42,0.9904153354632588,222,0.9347208674779386,1.0,0.06527913252206141,True,219,0.961017862282884,0.9972044713562254,0.03618660907334137,True,0.942,ok,8.881784197001252e-16
meta-llama/Meta-Llama-3.1-70B-Instruct,500,16,43,0.9904153354632588,222,0.9274703009484221,1.0,0.07252969905157791,True,221,0.9751594047009726,0.9998859623226809,0.02472655762170828,True,0.936,ok,2.220446049250313e-16
meta-llama/Meta-Llama-3.1-70B-Instruct,500,16,44,0.9904153354632588,222,0.9145456962487447,1.0,0.08545430375125529,True,220,0.9678370714144052,0.9989070990266307,0.031070027612225437,True,0.928,ok,1.3877787807814457e-17
meta-llama/Meta-Llama-3.1-70B-Instruct,500,16,45,0.9904153354632588,222,0.9178095191768839,1.0,0.08219048082311609,True,217,0.9482254581722983,0.9926474856344218,0.04442202746212354,True,0.928,ok,8.881784197001252e-16
meta-llama/Meta-Llama-3.1-70B-Instruct,500,16,46,0.9904153354632588,222,0.9125770914480903,1.0,0.0874229085519097,True,221,0.9751594047009726,0.9998859623226809,0.02472655762170828,True,0.928,ok,8.881784197001252e-16
meta-llama/Meta-Llama-3.1-70B-Instruct,500,16,47,0.9904153354632588,222,0.9420629894133147,1.0,0.05793701058668532,True,218,0.9545117940563054,0.9950694179273891,0.04055762387108375,True,0.946,ok,6.661338147750939e-16
meta-llama/Meta-Llama-3.1-70B-Instruct,500,16,48,0.9904153354632588,222,0.9302375627201677,1.0,0.06976243727983233,True,220,0.9678370714144052,0.9989070990266307,0.031070027612225437,True,0.938,ok,2.220446049250313e-16
meta-llama/Meta-Llama-3.1-70B-Instruct,500,16,49,0.9904153354632588,222,0.921746748607306,1.0,0.07825325139269401,True,221,0.9751594047009726,0.9998859623226809,0.02472655762170828,True,0.934,ok,9.2148511043888e-15
meta-llama/Meta-Llama-3.1-70B-Instruct,500,16,50,0.9904153354632588,222,0.9246207887023771,1.0,0.07537921129762293,True,220,0.9678370714144052,0.9989070990266307,0.031070027612225437,True,0.934,ok,6.661338147750939e-16
meta-llama/Meta-Llama-3.1-70B-Instruct,500,16,51,0.9904153354632588,222,0.9038684287032798,1.0,0.09613157129672023,True,220,0.9678370714144052,0.9989070990266307,0.031070027612225437,True,0.918,ok,3.2612801348363973e-16
meta-llama/Meta-Llama-3.1-70B-Instruct,500,16,52,0.9904153354632588,222,0.9292675155674825,1.0,0.07073248443251745,True,222,0.9835207196475589,1.0,0.01647928035244106,True,0.94,ok,1.5543122344752192e-15
meta-llama/Meta-Llama-3.1-70B-Instruct,500,16,53,0.9904153354632588,222,0.9087410330460239,1.0,0.09125896695397606,True,220,0.9678370714144052,0.9989070990266307,0.031070027612225437,True,0.924,ok,2.220446049250313e-16
meta-llama/Meta-Llama-3.1-70B-Instruct,500,16,54,0.9904153354632588,222,0.927725110240863,1.0,0.07227488975913698,True,220,0.9678370714144052,0.9989070990266307,0.031070027612225437,True,0.938,ok,1.1102230246251565e-15
meta-llama/Meta-Llama-3.1-70B-Instruct,500,16,55,0.9904153354632588,222,0.907405566638952,1.0,0.092594433361048,True,221,0.9751594047009726,0.9998859623226809,0.02472655762170828,True,0.926,ok,1.2101430968414206e-14
meta-llama/Meta-Llama-3.1-70B-Instruct,500,16,56,0.9904153354632588,222,0.9384485245892668,1.0,0.06155147541073325,True,218,0.9545117940563054,0.9950694179273891,0.04055762387108375,True,0.952,ok,2.1094237467877974e-15
meta-llama/Meta-Llama-3.1-70B-Instruct,500,16,57,0.9904153354632588,222,0.8987384623604242,1.0,0.1012615376395758,True,221,0.9751594047009726,0.9998859623226809,0.02472655762170828,True,0.918,ok,2.220446049250313e-16
meta-llama/Meta-Llama-3.1-70B-Instruct,500,16,58,0.9904153354632588,222,0.9281016106206428,1.0,0.07189838937935722,True,222,0.9835207196475589,1.0,0.01647928035244106,True,0.942,ok,1.1102230246251565e-16
meta-llama/Meta-Llama-3.1-70B-Instruct,500,16,59,0.9904153354632588,222,0.9163297767175779,1.0,0.08367022328242213,True,219,0.961017862282884,0.9972044713562254,0.03618660907334137,True,0.934,ok,2.220446049250313e-16
meta-llama/Meta-Llama-3.1-70B-Instruct,500,16,60,0.9904153354632588,222,0.926868619725884,1.0,0.07313138027411603,True,218,0.9545117940563054,0.9950694179273891,0.04055762387108375,True,0.938,ok,1.9984014443252818e-15
meta-llama/Meta-Llama-3.1-70B-Instruct,500,16,61,0.9904153354632588,222,0.9357150149573562,1.0,0.0642849850426438,True,220,0.9678370714144052,0.9989070990266307,0.031070027612225437,True,0.95,ok,3.3306690738754696e-16
meta-llama/Meta-Llama-3.1-70B-Instruct,500,16,62,0.9904153354632588,222,0.9195435602659482,1.0,0.08045643973405181,True,221,0.9751594047009726,0.9998859623226809,0.02472655762170828,True,0.93,ok,1.3322676295501878e-15
meta-llama/Meta-Llama-3.1-70B-Instruct,500,16,63,0.9904153354632588,222,0.9186499526361244,1.0,0.08135004736387563,True,219,0.961017862282884,0.9972044713562254,0.03618660907334137,True,0.932,ok,7.809725088847586e-15
meta-llama/Meta-Llama-3.1-70B-Instruct,500,16,64,0.9904153354632588,222,0.9005945239973505,1.0,0.09940547600264948,True,218,0.9545117940563054,0.9950694179273891,0.04055762387108375,True,0.918,ok,2.220446049250313e-16
meta-llama/Meta-Llama-3.1-70B-Instruct,500,16,65,0.9904153354632588,222,0.9222529486535559,1.0,0.07774705134644411,True,221,0.9751594047009726,0.9998859623226809,0.02472655762170828,True,0.934,ok,1.1102230246251565e-16
meta-llama/Meta-Llama-3.1-70B-Instruct,500,16,66,0.9904153354632588,222,0.9177148347134217,1.0,0.08228516528657825,True,218,0.9545117940563054,0.9950694179273891,0.04055762387108375,True,0.928,ok,8.881784197001252e-16
meta-llama/Meta-Llama-3.1-70B-Instruct,500,16,67,0.9904153354632588,222,0.9512533268805279,1.0,0.04874667311947212,True,219,0.961017862282884,0.9972044713562254,0.03618660907334137,True,0.958,ok,4.9960036108132044e-15
meta-llama/Meta-Llama-3.1-70B-Instruct,500,16,68,0.9904153354632588,222,0.9308644979989711,1.0,0.06913550200102891,True,220,0.9678370714144052,0.9989070990266307,0.031070027612225437,True,0.94,ok,5.551115123125783e-16
meta-llama/Meta-Llama-3.1-70B-Instruct,500,16,69,0.9904153354632588,222,0.9243075341114418,1.0,0.07569246588855816,True,220,0.9678370714144052,0.9989070990266307,0.031070027612225437,True,0.938,ok,3.9968028886505635e-15
meta-llama/Meta-Llama-3.1-70B-Instruct,500,16,70,0.9904153354632588,222,0.9082731629636643,1.0,0.09172683703633566,True,219,0.961017862282884,0.9972044713562254,0.03618660907334137,True,0.924,ok,6.068062718966871e-15
meta-llama/Meta-Llama-3.1-70B-Instruct,500,16,71,0.9904153354632588,222,0.928755779276344,1.0,0.071244220723656,True,220,0.9678370714144052,0.9989070990266307,0.031070027612225437,True,0.94,ok,1.3322676295501878e-15
meta-llama/Meta-Llama-3.1-70B-Instruct,500,16,72,0.9904153354632588,222,0.9132698022570455,1.0,0.08673019774295454,True,218,0.9545117940563054,0.9950694179273891,0.04055762387108375,True,0.928,ok,1.7541523789077473e-14
meta-llama/Meta-Llama-3.1-70B-Instruct,500,16,73,0.9904153354632588,222,0.8981098748596681,1.0,0.10189012514033191,True,219,0.961017862282884,0.9972044713562254,0.03618660907334137,True,0.914,ok,4.9960036108132044e-15
meta-llama/Meta-Llama-3.1-70B-Instruct,500,16,74,0.9904153354632588,222,0.9396031349763695,1.0,0.06039686502363051,True,221,0.9751594047009726,0.9998859623226809,0.02472655762170828,True,0.946,ok,7.771561172376096e-16
meta-llama/Meta-Llama-3.1-70B-Instruct,500,16,75,0.9904153354632588,222,0.9251435936734836,1.0,0.07485640632651636,True,222,0.9835207196475589,1.0,0.01647928035244106,True,0.932,ok,1.1102230246251565e-16
meta-llama/Meta-Llama-3.1-70B-Instruct,500,16,76,0.9904153354632588,222,0.9091233263561183,1.0,0.09087667364388174,True,221,0.9751594047009726,0.9998859623226809,0.02472655762170828,True,0.926,ok,3.7470027081099033e-16
meta-llama/Meta-Llama-3.1-70B-Instruct,500,16,77,0.9904153354632588,222,0.907448087900549,1.0,0.09255191209945102,True,221,0.9751594047009726,0.9998859623226809,0.02472655762170828,True,0.924,ok,1.1310397063368782e-15
meta-llama/Meta-Llama-3.1-70B-Instruct,500,16,78,0.9904153354632588,222,0.925335432729645,1.0,0.07466456727035498,True,219,0.961017862282884,0.9972044713562254,0.03618660907334137,True,0.938,ok,1.3877787807814457e-17
meta-llama/Meta-Llama-3.1-70B-Instruct,500,16,79,0.9904153354632588,222,0.9248916487794391,1.0,0.07510835122056092,True,221,0.9751594047009726,0.9998859623226809,0.02472655762170828,True,0.934,ok,2.220446049250313e-16
meta-llama/Meta-Llama-3.1-70B-Instruct,500,16,80,0.9904153354632588,222,0.9166757290041084,1.0,0.08332427099589157,True,221,0.9751594047009726,0.9998859623226809,0.02472655762170828,True,0.928,ok,2.5673907444456745e-16
meta-llama/Meta-Llama-3.1-70B-Instruct,500,16,81,0.9904153354632588,222,0.9064388532033416,1.0,0.09356114679665839,True,220,0.9678370714144052,0.9989070990266307,0.031070027612225437,True,0.926,ok,2.7755575615628914e-15
meta-llama/Meta-Llama-3.1-70B-Instruct,500,16,82,0.9904153354632588,222,0.9259573827931092,1.0,0.07404261720689076,True,218,0.9545117940563054,0.9950694179273891,0.04055762387108375,True,0.942,ok,3.3306690738754696e-16
meta-llama/Meta-Llama-3.1-70B-Instruct,500,16,83,0.9904153354632588,222,0.9309603571244606,1.0,0.06903964287553943,True,221,0.9751594047009726,0.9998859623226809,0.02472655762170828,True,0.938,ok,1.1102230246251565e-15
meta-llama/Meta-Llama-3.1-70B-Instruct,500,16,84,0.9904153354632588,222,0.9192718261301265,1.0,0.08072817386987352,True,221,0.9751594047009726,0.9998859623226809,0.02472655762170828,True,0.93,ok,2.220446049250313e-16
meta-llama/Meta-Llama-3.1-70B-Instruct,500,16,85,0.9904153354632588,222,0.9186118465579157,1.0,0.08138815344208428,True,221,0.9751594047009726,0.9998859623226809,0.02472655762170828,True,0.934,ok,6.661338147750939e-16
meta-llama/Meta-Llama-3.1-70B-Instruct,500,16,86,0.9904153354632588,222,0.9127436577236981,1.0,0.08725634227630186,True,214,0.9302319851539469,0.9843160789418546,0.05408409378790768,False,0.926,ok,6.661338147750939e-16
meta-llama/Meta-Llama-3.1-70B-Instruct,500,16,87,0.9904153354632588,222,0.9219854333870556,1.0,0.07801456661294437,True,219,0.961017862282884,0.9972044713562254,0.03618660907334137,True,0.936,ok,1.7763568394002505e-14
meta-llama/Meta-Llama-3.1-70B-Instruct,500,16,88,0.9904153354632588,222,0.920253485331869,1.0,0.07974651466813099,True,220,0.9678370714144052,0.9989070990266307,0.031070027612225437,True,0.934,ok,1.1102230246251565e-16
meta-llama/Meta-Llama-3.1-70B-Instruct,500,16,89,0.9904153354632588,222,0.9287629464621554,1.0,0.0712370535378446,True,221,0.9751594047009726,0.9998859623226809,0.02472655762170828,True,0.94,ok,2.1094237467877974e-15
meta-llama/Meta-Llama-3.1-70B-Instruct,500,16,90,0.9904153354632588,222,0.9484324257720629,1.0,0.05156757422793712,True,221,0.9751594047009726,0.9998859623226809,0.02472655762170828,True,0.954,ok,4.440892098500626e-16
meta-llama/Meta-Llama-3.1-70B-Instruct,500,16,91,0.9904153354632588,222,0.9315881048778558,1.0,0.06841189512214418,True,221,0.9751594047009726,0.9998859623226809,0.02472655762170828,True,0.932,ok,2.220446049250313e-16
meta-llama/Meta-Llama-3.1-70B-Instruct,500,16,92,0.9904153354632588,222,0.9269798552577427,1.0,0.07302014474225726,True,218,0.9545117940563054,0.9950694179273891,0.04055762387108375,True,0.938,ok,7.771561172376096e-16
meta-llama/Meta-Llama-3.1-70B-Instruct,500,16,93,0.9904153354632588,222,0.9377152636078901,1.0,0.06228473639210985,True,219,0.961017862282884,0.9972044713562254,0.03618660907334137,True,0.95,ok,5.995204332975845e-15
meta-llama/Meta-Llama-3.1-70B-Instruct,500,16,94,0.9904153354632588,222,0.9045095798497041,1.0,0.09549042015029585,True,218,0.9545117940563054,0.9950694179273891,0.04055762387108375,True,0.924,ok,2.220446049250313e-16
meta-llama/Meta-Llama-3.1-70B-Instruct,500,16,95,0.9904153354632588,222,0.921345147161243,1.0,0.07865485283875695,True,222,0.9835207196475589,1.0,0.01647928035244106,True,0.934,ok,1.3322676295501878e-15
meta-llama/Meta-Llama-3.1-70B-Instruct,500,16,96,0.9904153354632588,222,0.9221497709478557,1.0,0.07785022905214434,True,222,0.9835207196475589,1.0,0.01647928035244106,True,0.934,ok,1.887379141862766e-15
meta-llama/Meta-Llama-3.1-70B-Instruct,500,16,97,0.9904153354632588,222,0.9357077236717155,1.0,0.06429227632828449,True,222,0.9835207196475589,1.0,0.01647928035244106,True,0.948,ok,7.771561172376096e-16
meta-llama/Meta-Llama-3.1-70B-Instruct,500,16,98,0.9904153354632588,222,0.9026477999944704,1.0,0.09735220000552958,True,219,0.961017862282884,0.9972044713562254,0.03618660907334137,True,0.918,ok,0.0
meta-llama/Meta-Llama-3.1-70B-Instruct,500,16,99,0.9904153354632588,222,0.9196494812735574,1.0,0.08035051872644261,True,221,0.9751594047009726,0.9998859623226809,0.02472655762170828,True,0.932,ok,2.7755575615628914e-15
meta-llama/Meta-Llama-3.1-70B-Instruct,500,36,0,0.9904153354632588,500,0.9635275917077902,0.9903685704135666,0.026840978705776397,False,495,0.9768186119303404,0.9967452785929758,0.01992666666263543,True,0.98,full_suite,0.0
meta-llama/Meta-Llama-3.1-70B-Instruct,500,36,1,0.9904153354632588,500,0.979644367406256,0.9978160918916578,0.01817172448540172,True,498,0.9856259214377997,0.99951521382371,0.013889292385910301,True,0.992,full_suite,0.0
meta-llama/Meta-Llama-3.1-70B-Instruct,500,36,2,0.9904153354632588,500,0.9856259214377997,0.99951521382371,0.013889292385910301,True,494,0.974065072734663,0.9955838277141984,0.02151875497953537,True,0.996,full_suite,0.0
meta-llama/Meta-Llama-3.1-70B-Instruct,500,36,3,0.9904153354632588,500,0.9687179983101469,0.9930676787975165,0.02434968048736952,True,497,0.9825663262740865,0.9987609424564593,0.016194616182372834,True,0.984,full_suite,0.0
meta-llama/Meta-Llama-3.1-70B-Instruct,500,36,4,0.9904153354632588,500,0.9768186119303404,0.9967452785929758,0.01992666666263543,True,498,0.9856259214377997,0.99951521382371,0.013889292385910301,True,0.99,full_suite,0.0
meta-llama/Meta-Llama-3.1-70B-Instruct,500,36,5,0.9904153354632588,500,0.9687179983101469,0.9930676787975165,0.02434968048736952,True,496,0.979644367406256,0.9978160918916578,0.01817172448540172,True,0.984,full_suite,0.0
meta-llama/Meta-Llama-3.1-70B-Instruct,500,36,6,0.9904153354632588,500,0.9825663262740865,0.9987609424564593,0.016194616182372834,True,496,0.979644367406256,0.9978160918916578,0.01817172448540172,True,0.994,full_suite,0.0
meta-llama/Meta-Llama-3.1-70B-Instruct,500,36,7,0.9904153354632588,500,0.9768186119303404,0.9967452785929758,0.01992666666263543,True,493,0.9713683838166639,0.9943532389296755,0.022984855113011626,True,0.99,full_suite,0.0
meta-llama/Meta-Llama-3.1-70B-Instruct,500,36,8,0.9904153354632588,500,0.9856259214377997,0.99951521382371,0.013889292385910301,True,498,0.9856259214377997,0.99951521382371,0.013889292385910301,True,0.996,full_suite,0.0
meta-llama/Meta-Llama-3.1-70B-Instruct,500,36,9,0.9904153354632588,500,0.9768186119303404,0.9967452785929758,0.01992666666263543,True,495,0.9768186119303404,0.9967452785929758,0.01992666666263543,True,0.99,full_suite,0.0
meta-llama/Meta-Llama-3.1-70B-Instruct,500,36,10,0.9904153354632588,500,0.9687179983101469,0.9930676787975165,0.02434968048736952,True,492,0.9687179983101469,0.9930676787975165,0.02434968048736952,True,0.984,full_suite,0.0
meta-llama/Meta-Llama-3.1-70B-Instruct,500,36,11,0.9904153354632588,500,0.9768186119303404,0.9967452785929758,0.01992666666263543,True,493,0.9713683838166639,0.9943532389296755,0.022984855113011626,True,0.99,full_suite,0.0
meta-llama/Meta-Llama-3.1-70B-Instruct,500,36,12,0.9904153354632588,500,0.979644367406256,0.9978160918916578,0.01817172448540172,True,489,0.9609774491551912,0.9889677236387425,0.027990274483551292,False,0.992,full_suite,0.0
meta-llama/Meta-Llama-3.1-70B-Instruct,500,36,13,0.9904153354632588,500,0.9768186119303404,0.9967452785929758,0.01992666666263543,True,496,0.979644367406256,0.9978160918916578,0.01817172448540172,True,0.99,full_suite,0.0
meta-llama/Meta-Llama-3.1-70B-Instruct,500,36,14,0.9904153354632588,500,0.974065072734663,0.9955838277141984,0.02151875497953537,True,493,0.9713683838166639,0.9943532389296755,0.022984855113011626,True,0.988,full_suite,0.0
meta-llama/Meta-Llama-3.1-70B-Instruct,500,36,15,0.9904153354632588,500,0.9825663262740865,0.9987609424564593,0.016194616182372834,True,495,0.9768186119303404,0.9967452785929758,0.01992666666263543,True,0.994,full_suite,0.0
meta-llama/Meta-Llama-3.1-70B-Instruct,500,36,16,0.9904153354632588,500,0.979644367406256,0.9978160918916578,0.01817172448540172,True,495,0.9768186119303404,0.9967452785929758,0.01992666666263543,True,0.992,full_suite,0.0
meta-llama/Meta-Llama-3.1-70B-Instruct,500,36,17,0.9904153354632588,500,0.9768186119303404,0.9967452785929758,0.01992666666263543,True,494,0.974065072734663,0.9955838277141984,0.02151875497953537,True,0.99,full_suite,0.0
meta-llama/Meta-Llama-3.1-70B-Instruct,500,36,18,0.9904153354632588,500,0.9856259214377997,0.99951521382371,0.013889292385910301,True,495,0.9768186119303404,0.9967452785929758,0.01992666666263543,True,0.996,full_suite,0.0
meta-llama/Meta-Llama-3.1-70B-Instruct,500,36,19,0.9904153354632588,500,0.9768186119303404,0.9967452785929758,0.01992666666263543,True,496,0.979644367406256,0.9978160918916578,0.01817172448540172,True,0.99,full_suite,0.0
meta-llama/Meta-Llama-3.1-70B-Instruct,500,36,20,0.9904153354632588,500,0.979644367406256,0.9978160918916578,0.01817172448540172,True,496,0.979644367406256,0.9978160918916578,0.01817172448540172,True,0.992,full_suite,0.0
meta-llama/Meta-Llama-3.1-70B-Instruct,500,36,21,0.9904153354632588,500,0.9825663262740865,0.9987609424564593,0.016194616182372834,True,495,0.9768186119303404,0.9967452785929758,0.01992666666263543,True,0.994,full_suite,0.0
meta-llama/Meta-Llama-3.1-70B-Instruct,500,36,22,0.9904153354632588,500,0.974065072734663,0.9955838277141984,0.02151875497953537,True,495,0.9768186119303404,0.9967452785929758,0.01992666666263543,True,0.988,full_suite,0.0
meta-llama/Meta-Llama-3.1-70B-Instruct,500,36,23,0.9904153354632588,500,0.9825663262740865,0.9987609424564593,0.016194616182372834,True,490,0.9635275917077902,0.9903685704135666,0.026840978705776397,False,0.994,full_suite,0.0
meta-llama/Meta-Llama-3.1-70B-Instruct,500,36,24,0.9904153354632588,500,0.9713683838166639,0.9943532389296755,0.022984855113011626,True,497,0.9825663262740865,0.9987609424564593,0.016194616182372834,True,0.986,full_suite,0.0
meta-llama/Meta-Llama-3.1-70B-Instruct,500,36,25,0.9904153354632588,500,0.9768186119303404,0.9967452785929758,0.01992666666263543,True,496,0.979644367406256,0.9978160918916578,0.01817172448540172,True,0.99,full_suite,0.0
meta-llama/Meta-Llama-3.1-70B-Instruct,500,36,26,0.9904153354632588,500,0.966106303891462,0.9917370455652369,0.02563074167377488,True,497,0.9825663262740865,0.9987609424564593,0.016194616182372834,True,0.982,full_suite,0.0
meta-llama/Meta-Llama-3.1-70B-Instruct,500,36,27,0.9904153354632588,500,0.9768186119303404,0.9967452785929758,0.01992666666263543,True,496,0.979644367406256,0.9978160918916578,0.01817172448540172,True,0.99,full_suite,0.0
meta-llama/Meta-Llama-3.1-70B-Instruct,500,36,28,0.9904153354632588,500,0.979644367406256,0.9978160918916578,0.01817172448540172,True,495,0.9768186119303404,0.9967452785929758,0.01992666666263543,True,0.992,full_suite,0.0
meta-llama/Meta-Llama-3.1-70B-Instruct,500,36,29,0.9904153354632588,500,0.9856259214377997,0.99951521382371,0.013889292385910301,True,496,0.979644367406256,0.9978160918916578,0.01817172448540172,True,0.996,full_suite,0.0
meta-llama/Meta-Llama-3.1-70B-Instruct,500,36,30,0.9904153354632588,500,0.9856259214377997,0.99951521382371,0.013889292385910301,True,493,0.9713683838166639,0.9943532389296755,0.022984855113011626,True,0.996,full_suite,0.0
meta-llama/Meta-Llama-3.1-70B-Instruct,500,36,31,0.9904153354632588,500,0.9856259214377997,0.99951521382371,0.013889292385910301,True,496,0.979644367406256,0.9978160918916578,0.01817172448540172,True,0.996,full_suite,0.0
meta-llama/Meta-Llama-3.1-70B-Instruct,500,36,32,0.9904153354632588,500,0.9768186119303404,0.9967452785929758,0.01992666666263543,True,496,0.979644367406256,0.9978160918916578,0.01817172448540172,True,0.99,full_suite,0.0
meta-llama/Meta-Llama-3.1-70B-Instruct,500,36,33,0.9904153354632588,500,0.9687179983101469,0.9930676787975165,0.02434968048736952,True,496,0.979644367406256,0.9978160918916578,0.01817172448540172,True,0.984,full_suite,0.0
meta-llama/Meta-Llama-3.1-70B-Instruct,500,36,34,0.9904153354632588,500,0.9825663262740865,0.9987609424564593,0.016194616182372834,True,497,0.9825663262740865,0.9987609424564593,0.016194616182372834,True,0.994,full_suite,0.0
meta-llama/Meta-Llama-3.1-70B-Instruct,500,36,35,0.9904153354632588,500,0.974065072734663,0.9955838277141984,0.02151875497953537,True,497,0.9825663262740865,0.9987609424564593,0.016194616182372834,True,0.988,full_suite,0.0
meta-llama/Meta-Llama-3.1-70B-Instruct,500,36,36,0.9904153354632588,500,0.9825663262740865,0.9987609424564593,0.016194616182372834,True,493,0.9713683838166639,0.9943532389296755,0.022984855113011626,True,0.994,full_suite,0.0
meta-llama/Meta-Llama-3.1-70B-Instruct,500,36,37,0.9904153354632588,500,0.9768186119303404,0.9967452785929758,0.01992666666263543,True,498,0.9856259214377997,0.99951521382371,0.013889292385910301,True,0.99,full_suite,0.0
meta-llama/Meta-Llama-3.1-70B-Instruct,500,36,38,0.9904153354632588,500,0.9768186119303404,0.9967452785929758,0.01992666666263543,True,498,0.9856259214377997,0.99951521382371,0.013889292385910301,True,0.99,full_suite,0.0
meta-llama/Meta-Llama-3.1-70B-Instruct,500,36,39,0.9904153354632588,500,0.9713683838166639,0.9943532389296755,0.022984855113011626,True,498,0.9856259214377997,0.99951521382371,0.013889292385910301,True,0.986,full_suite,0.0
meta-llama/Meta-Llama-3.1-70B-Instruct,500,36,40,0.9904153354632588,500,0.974065072734663,0.9955838277141984,0.02151875497953537,True,497,0.9825663262740865,0.9987609424564593,0.016194616182372834,True,0.988,full_suite,0.0
meta-llama/Meta-Llama-3.1-70B-Instruct,500,36,41,0.9904153354632588,500,0.9768186119303404,0.9967452785929758,0.01992666666263543,True,496,0.979644367406256,0.9978160918916578,0.01817172448540172,True,0.99,full_suite,0.0
meta-llama/Meta-Llama-3.1-70B-Instruct,500,36,42,0.9904153354632588,500,0.9825663262740865,0.9987609424564593,0.016194616182372834,True,492,0.9687179983101469,0.9930676787975165,0.02434968048736952,True,0.994,full_suite,0.0
meta-llama/Meta-Llama-3.1-70B-Instruct,500,36,43,0.9904153354632588,500,0.9825663262740865,0.9987609424564593,0.016194616182372834,True,497,0.9825663262740865,0.9987609424564593,0.016194616182372834,True,0.994,full_suite,0.0
meta-llama/Meta-Llama-3.1-70B-Instruct,500,36,44,0.9904153354632588,500,0.979644367406256,0.9978160918916578,0.01817172448540172,True,496,0.979644367406256,0.9978160918916578,0.01817172448540172,True,0.992,full_suite,0.0
meta-llama/Meta-Llama-3.1-70B-Instruct,500,36,45,0.9904153354632588,500,0.9825663262740865,0.9987609424564593,0.016194616182372834,True,494,0.974065072734663,0.9955838277141984,0.02151875497953537,True,0.994,full_suite,0.0
meta-llama/Meta-Llama-3.1-70B-Instruct,500,36,46,0.9904153354632588,500,0.974065072734663,0.9955838277141984,0.02151875497953537,True,496,0.979644367406256,0.9978160918916578,0.01817172448540172,True,0.988,full_suite,0.0
meta-llama/Meta-Llama-3.1-70B-Instruct,500,36,47,0.9904153354632588,500,0.979644367406256,0.9978160918916578,0.01817172448540172,True,495,0.9768186119303404,0.9967452785929758,0.01992666666263543,True,0.992,full_suite,0.0
meta-llama/Meta-Llama-3.1-70B-Instruct,500,36,48,0.9904153354632588,500,0.9889075231010312,0.9999493656659926,0.011041842564961324,True,498,0.9856259214377997,0.99951521382371,0.013889292385910301,True,0.998,full_suite,0.0
meta-llama/Meta-Llama-3.1-70B-Instruct,500,36,49,0.9904153354632588,500,0.9825663262740865,0.9987609424564593,0.016194616182372834,True,492,0.9687179983101469,0.9930676787975165,0.02434968048736952,True,0.994,full_suite,0.0
meta-llama/Meta-Llama-3.1-70B-Instruct,500,36,50,0.9904153354632588,500,0.9687179983101469,0.9930676787975165,0.02434968048736952,True,494,0.974065072734663,0.9955838277141984,0.02151875497953537,True,0.984,full_suite,0.0
meta-llama/Meta-Llama-3.1-70B-Instruct,500,36,51,0.9904153354632588,500,0.9687179983101469,0.9930676787975165,0.02434968048736952,True,497,0.9825663262740865,0.9987609424564593,0.016194616182372834,True,0.984,full_suite,0.0
meta-llama/Meta-Llama-3.1-70B-Instruct,500,36,52,0.9904153354632588,500,0.9713683838166639,0.9943532389296755,0.022984855113011626,True,497,0.9825663262740865,0.9987609424564593,0.016194616182372834,True,0.986,full_suite,0.0
meta-llama/Meta-Llama-3.1-70B-Instruct,500,36,53,0.9904153354632588,500,0.979644367406256,0.9978160918916578,0.01817172448540172,True,492,0.9687179983101469,0.9930676787975165,0.02434968048736952,True,0.992,full_suite,0.0
meta-llama/Meta-Llama-3.1-70B-Instruct,500,36,54,0.9904153354632588,500,0.9856259214377997,0.99951521382371,0.013889292385910301,True,494,0.974065072734663,0.9955838277141984,0.02151875497953537,True,0.996,full_suite,0.0
meta-llama/Meta-Llama-3.1-70B-Instruct,500,36,55,0.9904153354632588,500,0.9768186119303404,0.9967452785929758,0.01992666666263543,True,499,0.9889075231010312,0.9999493656659926,0.011041842564961324,True,0.99,full_suite,0.0
meta-llama/Meta-Llama-3.1-70B-Instruct,500,36,56,0.9904153354632588,500,0.9856259214377997,0.99951521382371,0.013889292385910301,True,497,0.9825663262740865,0.9987609424564593,0.016194616182372834,True,0.996,full_suite,0.0
meta-llama/Meta-Llama-3.1-70B-Instruct,500,36,57,0.9904153354632588,500,0.974065072734663,0.9955838277141984,0.02151875497953537,True,494,0.974065072734663,0.9955838277141984,0.02151875497953537,True,0.988,full_suite,0.0
meta-llama/Meta-Llama-3.1-70B-Instruct,500,36,58,0.9904153354632588,500,0.9825663262740865,0.9987609424564593,0.016194616182372834,True,497,0.9825663262740865,0.9987609424564593,0.016194616182372834,True,0.994,full_suite,0.0
meta-llama/Meta-Llama-3.1-70B-Instruct,500,36,59,0.9904153354632588,500,0.9768186119303404,0.9967452785929758,0.01992666666263543,True,495,0.9768186119303404,0.9967452785929758,0.01992666666263543,True,0.99,full_suite,0.0
meta-llama/Meta-Llama-3.1-70B-Instruct,500,36,60,0.9904153354632588,500,0.979644367406256,0.9978160918916578,0.01817172448540172,True,494,0.974065072734663,0.9955838277141984,0.02151875497953537,True,0.992,full_suite,0.0
meta-llama/Meta-Llama-3.1-70B-Instruct,500,36,61,0.9904153354632588,500,0.9687179983101469,0.9930676787975165,0.02434968048736952,True,497,0.9825663262740865,0.9987609424564593,0.016194616182372834,True,0.984,full_suite,0.0
meta-llama/Meta-Llama-3.1-70B-Instruct,500,36,62,0.9904153354632588,500,0.9825663262740865,0.9987609424564593,0.016194616182372834,True,498,0.9856259214377997,0.99951521382371,0.013889292385910301,True,0.994,full_suite,0.0
meta-llama/Meta-Llama-3.1-70B-Instruct,500,36,63,0.9904153354632588,500,0.974065072734663,0.9955838277141984,0.02151875497953537,True,496,0.979644367406256,0.9978160918916578,0.01817172448540172,True,0.988,full_suite,0.0
meta-llama/Meta-Llama-3.1-70B-Instruct,500,36,64,0.9904153354632588,500,0.9889075231010312,0.9999493656659926,0.011041842564961324,True,495,0.9768186119303404,0.9967452785929758,0.01992666666263543,True,0.998,full_suite,0.0
meta-llama/Meta-Llama-3.1-70B-Instruct,500,36,65,0.9904153354632588,500,0.979644367406256,0.9978160918916578,0.01817172448540172,True,489,0.9609774491551912,0.9889677236387425,0.027990274483551292,False,0.992,full_suite,0.0
meta-llama/Meta-Llama-3.1-70B-Instruct,500,36,66,0.9904153354632588,500,0.9856259214377997,0.99951521382371,0.013889292385910301,True,494,0.974065072734663,0.9955838277141984,0.02151875497953537,True,0.996,full_suite,0.0
meta-llama/Meta-Llama-3.1-70B-Instruct,500,36,67,0.9904153354632588,500,0.979644367406256,0.9978160918916578,0.01817172448540172,True,494,0.974065072734663,0.9955838277141984,0.02151875497953537,True,0.992,full_suite,0.0
meta-llama/Meta-Llama-3.1-70B-Instruct,500,36,68,0.9904153354632588,500,0.9856259214377997,0.99951521382371,0.013889292385910301,True,498,0.9856259214377997,0.99951521382371,0.013889292385910301,True,0.996,full_suite,0.0
meta-llama/Meta-Llama-3.1-70B-Instruct,500,36,69,0.9904153354632588,500,0.9856259214377997,0.99951521382371,0.013889292385910301,True,493,0.9713683838166639,0.9943532389296755,0.022984855113011626,True,0.996,full_suite,0.0
meta-llama/Meta-Llama-3.1-70B-Instruct,500,36,70,0.9904153354632588,500,0.979644367406256,0.9978160918916578,0.01817172448540172,True,496,0.979644367406256,0.9978160918916578,0.01817172448540172,True,0.992,full_suite,0.0
meta-llama/Meta-Llama-3.1-70B-Instruct,500,36,71,0.9904153354632588,500,0.979644367406256,0.9978160918916578,0.01817172448540172,True,496,0.979644367406256,0.9978160918916578,0.01817172448540172,True,0.992,full_suite,0.0
meta-llama/Meta-Llama-3.1-70B-Instruct,500,36,72,0.9904153354632588,500,0.9768186119303404,0.9967452785929758,0.01992666666263543,True,496,0.979644367406256,0.9978160918916578,0.01817172448540172,True,0.99,full_suite,0.0
meta-llama/Meta-Llama-3.1-70B-Instruct,500,36,73,0.9904153354632588,500,0.979644367406256,0.9978160918916578,0.01817172448540172,True,496,0.979644367406256,0.9978160918916578,0.01817172448540172,True,0.992,full_suite,0.0
meta-llama/Meta-Llama-3.1-70B-Instruct,500,36,74,0.9904153354632588,500,0.9856259214377997,0.99951521382371,0.013889292385910301,True,494,0.974065072734663,0.9955838277141984,0.02151875497953537,True,0.996,full_suite,0.0
meta-llama/Meta-Llama-3.1-70B-Instruct,500,36,75,0.9904153354632588,500,0.974065072734663,0.9955838277141984,0.02151875497953537,True,497,0.9825663262740865,0.9987609424564593,0.016194616182372834,True,0.988,full_suite,0.0
meta-llama/Meta-Llama-3.1-70B-Instruct,500,36,76,0.9904153354632588,500,0.9768186119303404,0.9967452785929758,0.01992666666263543,True,495,0.9768186119303404,0.9967452785929758,0.01992666666263543,True,0.99,full_suite,0.0
meta-llama/Meta-Llama-3.1-70B-Instruct,500,36,77,0.9904153354632588,500,0.979644367406256,0.9978160918916578,0.01817172448540172,True,496,0.979644367406256,0.9978160918916578,0.01817172448540172,True,0.992,full_suite,0.0
meta-llama/Meta-Llama-3.1-70B-Instruct,500,36,78,0.9904153354632588,500,0.974065072734663,0.9955838277141984,0.02151875497953537,True,494,0.974065072734663,0.9955838277141984,0.02151875497953537,True,0.988,full_suite,0.0
meta-llama/Meta-Llama-3.1-70B-Instruct,500,36,79,0.9904153354632588,500,0.974065072734663,0.9955838277141984,0.02151875497953537,True,495,0.9768186119303404,0.9967452785929758,0.01992666666263543,True,0.988,full_suite,0.0
meta-llama/Meta-Llama-3.1-70B-Instruct,500,36,80,0.9904153354632588,500,0.9768186119303404,0.9967452785929758,0.01992666666263543,True,494,0.974065072734663,0.9955838277141984,0.02151875497953537,True,0.99,full_suite,0.0
meta-llama/Meta-Llama-3.1-70B-Instruct,500,36,81,0.9904153354632588,500,0.974065072734663,0.9955838277141984,0.02151875497953537,True,491,0.966106303891462,0.9917370455652369,0.02563074167377488,True,0.988,full_suite,0.0
meta-llama/Meta-Llama-3.1-70B-Instruct,500,36,82,0.9904153354632588,500,0.966106303891462,0.9917370455652369,0.02563074167377488,True,499,0.9889075231010312,0.9999493656659926,0.011041842564961324,True,0.982,full_suite,0.0
meta-llama/Meta-Llama-3.1-70B-Instruct,500,36,83,0.9904153354632588,500,0.9768186119303404,0.9967452785929758,0.01992666666263543,True,497,0.9825663262740865,0.9987609424564593,0.016194616182372834,True,0.99,full_suite,0.0
meta-llama/Meta-Llama-3.1-70B-Instruct,500,36,84,0.9904153354632588,500,0.9768186119303404,0.9967452785929758,0.01992666666263543,True,496,0.979644367406256,0.9978160918916578,0.01817172448540172,True,0.99,full_suite,0.0
meta-llama/Meta-Llama-3.1-70B-Instruct,500,36,85,0.9904153354632588,500,0.9825663262740865,0.9987609424564593,0.016194616182372834,True,497,0.9825663262740865,0.9987609424564593,0.016194616182372834,True,0.994,full_suite,0.0
meta-llama/Meta-Llama-3.1-70B-Instruct,500,36,86,0.9904153354632588,500,0.979644367406256,0.9978160918916578,0.01817172448540172,True,499,0.9889075231010312,0.9999493656659926,0.011041842564961324,True,0.992,full_suite,0.0
meta-llama/Meta-Llama-3.1-70B-Instruct,500,36,87,0.9904153354632588,500,0.9856259214377997,0.99951521382371,0.013889292385910301,True,495,0.9768186119303404,0.9967452785929758,0.01992666666263543,True,0.996,full_suite,0.0
meta-llama/Meta-Llama-3.1-70B-Instruct,500,36,88,0.9904153354632588,500,0.9713683838166639,0.9943532389296755,0.022984855113011626,True,497,0.9825663262740865,0.9987609424564593,0.016194616182372834,True,0.986,full_suite,0.0
meta-llama/Meta-Llama-3.1-70B-Instruct,500,36,89,0.9904153354632588,500,0.9856259214377997,0.99951521382371,0.013889292385910301,True,497,0.9825663262740865,0.9987609424564593,0.016194616182372834,True,0.996,full_suite,0.0
meta-llama/Meta-Llama-3.1-70B-Instruct,500,36,90,0.9904153354632588,500,0.9768186119303404,0.9967452785929758,0.01992666666263543,True,497,0.9825663262740865,0.9987609424564593,0.016194616182372834,True,0.99,full_suite,0.0
meta-llama/Meta-Llama-3.1-70B-Instruct,500,36,91,0.9904153354632588,500,0.9825663262740865,0.9987609424564593,0.016194616182372834,True,494,0.974065072734663,0.9955838277141984,0.02151875497953537,True,0.994,full_suite,0.0
meta-llama/Meta-Llama-3.1-70B-Instruct,500,36,92,0.9904153354632588,500,0.974065072734663,0.9955838277141984,0.02151875497953537,True,496,0.979644367406256,0.9978160918916578,0.01817172448540172,True,0.988,full_suite,0.0
meta-llama/Meta-Llama-3.1-70B-Instruct,500,36,93,0.9904153354632588,500,0.974065072734663,0.9955838277141984,0.02151875497953537,True,494,0.974065072734663,0.9955838277141984,0.02151875497953537,True,0.988,full_suite,0.0
meta-llama/Meta-Llama-3.1-70B-Instruct,500,36,94,0.9904153354632588,500,0.974065072734663,0.9955838277141984,0.02151875497953537,True,498,0.9856259214377997,0.99951521382371,0.013889292385910301,True,0.988,full_suite,0.0
meta-llama/Meta-Llama-3.1-70B-Instruct,500,36,95,0.9904153354632588,500,0.9713683838166639,0.9943532389296755,0.022984855113011626,True,497,0.9825663262740865,0.9987609424564593,0.016194616182372834,True,0.986,full_suite,0.0
meta-llama/Meta-Llama-3.1-70B-Instruct,500,36,96,0.9904153354632588,500,0.974065072734663,0.9955838277141984,0.02151875497953537,True,496,0.979644367406256,0.9978160918916578,0.01817172448540172,True,0.988,full_suite,0.0
meta-llama/Meta-Llama-3.1-70B-Instruct,500,36,97,0.9904153354632588,500,0.9856259214377997,0.99951521382371,0.013889292385910301,True,494,0.974065072734663,0.9955838277141984,0.02151875497953537,True,0.996,full_suite,0.0
meta-llama/Meta-Llama-3.1-70B-Instruct,500,36,98,0.9904153354632588,500,0.9687179983101469,0.9930676787975165,0.02434968048736952,True,496,0.979644367406256,0.9978160918916578,0.01817172448540172,True,0.984,full_suite,0.0
meta-llama/Meta-Llama-3.1-70B-Instruct,500,36,99,0.9904153354632588,500,0.9825663262740865,0.9987609424564593,0.016194616182372834,True,496,0.979644367406256,0.9978160918916578,0.01817172448540172,True,0.994,full_suite,0.0
